-- MySQL dump 10.13  Distrib 5.6.17, for Win32 (x86)
--
-- Host: localhost    Database: epammsm
-- ------------------------------------------------------
-- Server version	5.6.23

/*!40101 SET @OLD_CHARACTER_SET_CLIENT=@@CHARACTER_SET_CLIENT */;
/*!40101 SET @OLD_CHARACTER_SET_RESULTS=@@CHARACTER_SET_RESULTS */;
/*!40101 SET @OLD_COLLATION_CONNECTION=@@COLLATION_CONNECTION */;
/*!40101 SET NAMES utf8 */;
/*!40103 SET @OLD_TIME_ZONE=@@TIME_ZONE */;
/*!40103 SET TIME_ZONE='+00:00' */;
/*!40014 SET @OLD_UNIQUE_CHECKS=@@UNIQUE_CHECKS, UNIQUE_CHECKS=0 */;
/*!40014 SET @OLD_FOREIGN_KEY_CHECKS=@@FOREIGN_KEY_CHECKS, FOREIGN_KEY_CHECKS=0 */;
/*!40101 SET @OLD_SQL_MODE=@@SQL_MODE, SQL_MODE='NO_AUTO_VALUE_ON_ZERO' */;
/*!40111 SET @OLD_SQL_NOTES=@@SQL_NOTES, SQL_NOTES=0 */;

--
-- Table structure for table `address`
--

DROP TABLE IF EXISTS `address`;
/*!40101 SET @saved_cs_client     = @@character_set_client */;
/*!40101 SET character_set_client = utf8 */;
CREATE TABLE `address` (
  `ID` int(11) NOT NULL,
  `DESCRIPTION` varchar(128) DEFAULT NULL,
  `ADDRESS` varchar(128) DEFAULT NULL,
  `ADDRESSLINE2` varchar(128) DEFAULT NULL,
  `CITY` varchar(128) DEFAULT NULL,
  `STATE` varchar(2) DEFAULT NULL,
  `COUNTRY` varchar(128) DEFAULT NULL,
  `COUNTY` varchar(128) DEFAULT NULL,
  `ZIPCODE` varchar(10) DEFAULT NULL,
  `PHONE` varchar(11) DEFAULT NULL,
  `FAX` varchar(11) DEFAULT NULL,
  `TOLLFREEPHONE` varchar(11) DEFAULT NULL,
  `EMERGENCYPHONE` varchar(11) DEFAULT NULL,
  `ATTENTIONLINE` varchar(128) DEFAULT NULL,
  `TIMEZONE` varchar(128) DEFAULT NULL,
  `SHIPPINGFLAG` varchar(1) DEFAULT NULL,
  `CREATEDDATETIME` datetime DEFAULT NULL,
  `MODIFIEDDATETIME` datetime DEFAULT NULL,
  `CREATEDBY` varchar(128) DEFAULT NULL,
  `LASTMODIFIEDBY` varchar(128) DEFAULT NULL,
  `FK_ID_ORGANIZATION` int(11) DEFAULT NULL,
  `FK_ID_ORGANIZATION02` int(11) DEFAULT NULL,
  UNIQUE KEY `UADDRESS_ID_95160` (`ID`),
  UNIQUE KEY `UADDRESS_ID_622980` (`ID`),
  KEY `ADDRESS_PHONE1_95250` (`PHONE`),
  KEY `ADDRESS_CITY_95200` (`CITY`),
  KEY `ADDRESS_STATE_95210` (`STATE`),
  KEY `ADDRESS_ZIPCODE_95240` (`ZIPCODE`),
  KEY `ADDRESS_FK_IDORGANIZATION10316` (`FK_ID_ORGANIZATION`),
  KEY `ADDRESS_FK_IDORGANIZATI0210317` (`FK_ID_ORGANIZATION02`),
  KEY `ADDRESS_PHONE1_623070` (`PHONE`),
  KEY `ADDRESS_CITY_623020` (`CITY`),
  KEY `ADDRESS_STATE_623030` (`STATE`),
  KEY `ADDRESS_ZIPCODE_623060` (`ZIPCODE`),
  KEY `ADDRESS_FK_ID_ORGANIZATION_63214` (`FK_ID_ORGANIZATION`),
  KEY `ADDRESS_FK_IDORGANIZATION0263215` (`FK_ID_ORGANIZATION02`)
) ENGINE=InnoDB DEFAULT CHARSET=utf8;
/*!40101 SET character_set_client = @saved_cs_client */;

--
-- Dumping data for table `address`
--

LOCK TABLES `address` WRITE;
/*!40000 ALTER TABLE `address` DISABLE KEYS */;
INSERT INTO `address` VALUES (1,NULL,NULL,NULL,NULL,NULL,'USA',NULL,NULL,NULL,NULL,NULL,NULL,NULL,NULL,NULL,NULL,NULL,NULL,NULL,NULL,10),(2,NULL,NULL,NULL,NULL,NULL,'USA',NULL,NULL,NULL,NULL,NULL,NULL,NULL,NULL,NULL,NULL,NULL,NULL,NULL,NULL,8),(3,NULL,NULL,NULL,NULL,NULL,'USA',NULL,NULL,NULL,NULL,NULL,NULL,NULL,NULL,NULL,NULL,NULL,NULL,NULL,NULL,11),(4,NULL,NULL,NULL,NULL,NULL,'USA',NULL,NULL,NULL,NULL,NULL,NULL,NULL,NULL,NULL,NULL,NULL,NULL,NULL,NULL,12),(5,NULL,NULL,NULL,NULL,NULL,'USA',NULL,NULL,NULL,NULL,NULL,NULL,NULL,NULL,NULL,NULL,NULL,NULL,NULL,NULL,13),(9,NULL,NULL,NULL,NULL,NULL,'USA',NULL,NULL,NULL,NULL,NULL,NULL,NULL,NULL,NULL,NULL,NULL,NULL,NULL,NULL,NULL),(11,NULL,NULL,NULL,NULL,NULL,'USA',NULL,NULL,NULL,NULL,NULL,NULL,NULL,NULL,NULL,NULL,NULL,NULL,NULL,NULL,18),(12,NULL,'22 W Frontage Rd',NULL,'Northfield','IL','USA',NULL,'60039',NULL,NULL,'8002285635',NULL,NULL,NULL,NULL,NULL,NULL,NULL,NULL,NULL,19),(13,NULL,'',NULL,'',NULL,'USA',NULL,'',NULL,NULL,'',NULL,NULL,NULL,NULL,NULL,NULL,NULL,NULL,NULL,20);
/*!40000 ALTER TABLE `address` ENABLE KEYS */;
UNLOCK TABLES;

--
-- Table structure for table `domainvalue`
--

DROP TABLE IF EXISTS `domainvalue`;
/*!40101 SET @saved_cs_client     = @@character_set_client */;
/*!40101 SET character_set_client = utf8 */;
CREATE TABLE `domainvalue` (
  `DOMAINVALUE_TOKEN` int(11) NOT NULL,
  `INTERNALINTEGERVALUE` int(11) DEFAULT NULL,
  `INTERNALSTRINGVALUE` varchar(128) DEFAULT NULL,
  `SYSTEMREQUIRED` varchar(1) DEFAULT NULL,
  `EXTERNALDESCRIPTION` varchar(128) DEFAULT NULL,
  `AUTOSEQ` int(11) DEFAULT NULL,
  `FK_ID_Z_DOMAIN` int(11) NOT NULL,
  UNIQUE KEY `UDOMAINVALUE_DOMAINVALUEID9553` (`DOMAINVALUE_TOKEN`),
  UNIQUE KEY `UDOMAINVALUE_DOMAINVALUEID_62335` (`DOMAINVALUE_TOKEN`),
  KEY `DOMAINVALUE_FK_ID_ZDOMAIN10466` (`FK_ID_Z_DOMAIN`),
  KEY `DOMAINVALUE_FK_ID_Z_DOMAIN_63334` (`FK_ID_Z_DOMAIN`)
) ENGINE=InnoDB DEFAULT CHARSET=utf8;
/*!40101 SET character_set_client = @saved_cs_client */;

--
-- Dumping data for table `domainvalue`
--

LOCK TABLES `domainvalue` WRITE;
/*!40000 ALTER TABLE `domainvalue` DISABLE KEYS */;
/*!40000 ALTER TABLE `domainvalue` ENABLE KEYS */;
UNLOCK TABLES;

--
-- Table structure for table `epa_applicationtype`
--

DROP TABLE IF EXISTS `epa_applicationtype`;
/*!40101 SET @saved_cs_client     = @@character_set_client */;
/*!40101 SET character_set_client = utf8 */;
CREATE TABLE `epa_applicationtype` (
  `ID` int(11) NOT NULL,
  `NAME` varchar(254) NOT NULL,
  `BOLDITALIC` varchar(1) DEFAULT NULL,
  `AUTOSEQ` int(11) DEFAULT NULL,
  `FK_ID_EPA_CHEMICALFAMILY` int(11) NOT NULL,
  UNIQUE KEY `UEPA_APPLICATIONTYPE_ID_95550` (`ID`),
  UNIQUE KEY `UEPA_APPLICATIONTYPE_ID_623370` (`ID`),
  KEY `EPAAPPLICATIONTYPEFKIDEPA10304` (`FK_ID_EPA_CHEMICALFAMILY`)
) ENGINE=InnoDB DEFAULT CHARSET=utf8;
/*!40101 SET character_set_client = @saved_cs_client */;

--
-- Dumping data for table `epa_applicationtype`
--

LOCK TABLES `epa_applicationtype` WRITE;
/*!40000 ALTER TABLE `epa_applicationtype` DISABLE KEYS */;
/*!40000 ALTER TABLE `epa_applicationtype` ENABLE KEYS */;
UNLOCK TABLES;

--
-- Table structure for table `epa_areaofuse`
--

DROP TABLE IF EXISTS `epa_areaofuse`;
/*!40101 SET @saved_cs_client     = @@character_set_client */;
/*!40101 SET character_set_client = utf8 */;
CREATE TABLE `epa_areaofuse` (
  `ID` int(11) NOT NULL,
  `NAME` varchar(254) NOT NULL,
  `BOLDITALIC` varchar(1) DEFAULT NULL,
  `AUTOSEQ` int(11) DEFAULT NULL,
  `FK_ID_EPA_CHEMICALFAMILY` int(11) NOT NULL,
  UNIQUE KEY `UEPA_AREAOFUSE_ID_95600` (`ID`),
  UNIQUE KEY `UEPA_AREAOFUSE_ID_623420` (`ID`),
  KEY `EPAAREAOFUSEFKIDEPACHEMIC10450` (`FK_ID_EPA_CHEMICALFAMILY`),
  KEY `EPAAREAOFUSEFKIDEPACHEMICAL63316` (`FK_ID_EPA_CHEMICALFAMILY`)
) ENGINE=InnoDB DEFAULT CHARSET=utf8;
/*!40101 SET character_set_client = @saved_cs_client */;

--
-- Dumping data for table `epa_areaofuse`
--

LOCK TABLES `epa_areaofuse` WRITE;
/*!40000 ALTER TABLE `epa_areaofuse` DISABLE KEYS */;
/*!40000 ALTER TABLE `epa_areaofuse` ENABLE KEYS */;
UNLOCK TABLES;

--
-- Table structure for table `epa_chemicalfamily`
--

DROP TABLE IF EXISTS `epa_chemicalfamily`;
/*!40101 SET @saved_cs_client     = @@character_set_client */;
/*!40101 SET character_set_client = utf8 */;
CREATE TABLE `epa_chemicalfamily` (
  `ID` int(11) NOT NULL,
  `NAME` varchar(254) NOT NULL,
  `DESCRIPTION` varchar(254) DEFAULT NULL,
  `CHEMICALFAMILY` varchar(2) NOT NULL,
  `FK_ID_EPAMMS` int(11) NOT NULL,
  UNIQUE KEY `UEPA_CHEMICALFAMILY_ID_95650` (`ID`),
  UNIQUE KEY `UEPA_CHEMICALFAMILY_ID_623470` (`ID`),
  KEY `EPACHEMICALFAMILYFKIDEPAM10302` (`FK_ID_EPAMMS`),
  KEY `EPACHEMICALFAMILYFKIDEPAMMS63202` (`FK_ID_EPAMMS`)
) ENGINE=InnoDB DEFAULT CHARSET=utf8;
/*!40101 SET character_set_client = @saved_cs_client */;

--
-- Dumping data for table `epa_chemicalfamily`
--

LOCK TABLES `epa_chemicalfamily` WRITE;
/*!40000 ALTER TABLE `epa_chemicalfamily` DISABLE KEYS */;
/*!40000 ALTER TABLE `epa_chemicalfamily` ENABLE KEYS */;
UNLOCK TABLES;

--
-- Table structure for table `epa_claim`
--

DROP TABLE IF EXISTS `epa_claim`;
/*!40101 SET @saved_cs_client     = @@character_set_client */;
/*!40101 SET character_set_client = utf8 */;
CREATE TABLE `epa_claim` (
  `ID` int(11) NOT NULL,
  `CLAIMSCLASSIFICATION` varchar(16) DEFAULT NULL,
  `NAME` varchar(254) NOT NULL,
  `BOLDITALIC` varchar(1) DEFAULT NULL,
  `AUTOSEQ` int(11) DEFAULT NULL,
  `FK_ID_EPA_CHEMICALFAMILY` int(11) NOT NULL,
  UNIQUE KEY `UEPA_CLAIM_ID_95710` (`ID`),
  UNIQUE KEY `UEPA_CLAIM_ID_623530` (`ID`),
  KEY `EPACLAIMFKIDEPACHEMICALFA10386` (`FK_ID_EPA_CHEMICALFAMILY`),
  KEY `EPACLAIMFKIDEPACHEMICALFAMI63275` (`FK_ID_EPA_CHEMICALFAMILY`)
) ENGINE=InnoDB DEFAULT CHARSET=utf8;
/*!40101 SET character_set_client = @saved_cs_client */;

--
-- Dumping data for table `epa_claim`
--

LOCK TABLES `epa_claim` WRITE;
/*!40000 ALTER TABLE `epa_claim` DISABLE KEYS */;
/*!40000 ALTER TABLE `epa_claim` ENABLE KEYS */;
UNLOCK TABLES;

--
-- Table structure for table `epa_storagedisposal`
--

DROP TABLE IF EXISTS `epa_storagedisposal`;
/*!40101 SET @saved_cs_client     = @@character_set_client */;
/*!40101 SET character_set_client = utf8 */;
CREATE TABLE `epa_storagedisposal` (
  `ID` int(11) NOT NULL,
  `NAME` longtext NOT NULL,
  `DESCRIPTION` longtext,
  `z_VOLUME` double DEFAULT NULL,
  `UNITS` varchar(254) DEFAULT NULL,
  `AUTOSEQ` int(11) DEFAULT NULL,
  `FK_ID_EPA_CHEMICALFAMILY` int(11) NOT NULL,
  UNIQUE KEY `UEPA_STORAGEDISPOSAL_ID_95770` (`ID`),
  UNIQUE KEY `UEPA_STORAGEDISPOSAL_ID_623590` (`ID`),
  KEY `EPASTORAGEDISPOSALFKIDEPA10449` (`FK_ID_EPA_CHEMICALFAMILY`),
  KEY `EPASTORAGEDISPOSALFKIDEPACH63315` (`FK_ID_EPA_CHEMICALFAMILY`)
) ENGINE=InnoDB DEFAULT CHARSET=utf8;
/*!40101 SET character_set_client = @saved_cs_client */;

--
-- Dumping data for table `epa_storagedisposal`
--

LOCK TABLES `epa_storagedisposal` WRITE;
/*!40000 ALTER TABLE `epa_storagedisposal` DISABLE KEYS */;
/*!40000 ALTER TABLE `epa_storagedisposal` ENABLE KEYS */;
UNLOCK TABLES;

--
-- Table structure for table `epa_surface`
--

DROP TABLE IF EXISTS `epa_surface`;
/*!40101 SET @saved_cs_client     = @@character_set_client */;
/*!40101 SET character_set_client = utf8 */;
CREATE TABLE `epa_surface` (
  `ID` int(11) NOT NULL,
  `NAME` varchar(254) NOT NULL,
  `BOLDITALIC` varchar(1) DEFAULT NULL,
  `AUTOSEQ` int(11) DEFAULT NULL,
  `FK_ID_EPA_CHEMICALFAMILY` int(11) NOT NULL,
  UNIQUE KEY `UEPA_SURFACE_ID_95840` (`ID`),
  UNIQUE KEY `UEPA_SURFACE_ID_623660` (`ID`),
  KEY `EPASURFACEFKIDEPACHEMICAL10451` (`FK_ID_EPA_CHEMICALFAMILY`),
  KEY `EPASURFACEFKIDEPACHEMICALFA63317` (`FK_ID_EPA_CHEMICALFAMILY`)
) ENGINE=InnoDB DEFAULT CHARSET=utf8;
/*!40101 SET character_set_client = @saved_cs_client */;

--
-- Dumping data for table `epa_surface`
--

LOCK TABLES `epa_surface` WRITE;
/*!40000 ALTER TABLE `epa_surface` DISABLE KEYS */;
/*!40000 ALTER TABLE `epa_surface` ENABLE KEYS */;
UNLOCK TABLES;

--
-- Table structure for table `epamms`
--

DROP TABLE IF EXISTS `epamms`;
/*!40101 SET @saved_cs_client     = @@character_set_client */;
/*!40101 SET character_set_client = utf8 */;
CREATE TABLE `epamms` (
  `ID` int(11) NOT NULL,
  `NAME` varchar(254) NOT NULL,
  UNIQUE KEY `UEPAMMS_ID_95890` (`ID`),
  UNIQUE KEY `UEPAMMS_ID_623710` (`ID`)
) ENGINE=InnoDB DEFAULT CHARSET=utf8;
/*!40101 SET character_set_client = @saved_cs_client */;

--
-- Dumping data for table `epamms`
--

LOCK TABLES `epamms` WRITE;
/*!40000 ALTER TABLE `epamms` DISABLE KEYS */;
INSERT INTO `epamms` VALUES (1,'ePamms');
/*!40000 ALTER TABLE `epamms` ENABLE KEYS */;
UNLOCK TABLES;

--
-- Table structure for table `feedback`
--

DROP TABLE IF EXISTS `feedback`;
/*!40101 SET @saved_cs_client     = @@character_set_client */;
/*!40101 SET character_set_client = utf8 */;
CREATE TABLE `feedback` (
  `ID` int(11) NOT NULL,
  `USERID` varchar(32) NOT NULL,
  `DIALOG` varchar(32) DEFAULT NULL,
  `WINDOW` varchar(32) DEFAULT NULL,
  `COMMENT` longtext,
  `FK_ID_ORGANIZATION` int(11) NOT NULL,
  UNIQUE KEY `UFEEDBACK_ID_95930` (`ID`),
  UNIQUE KEY `UFEEDBACK_ID_623750` (`ID`),
  KEY `FEEDBACK_FKIDORGANIZATION10301` (`FK_ID_ORGANIZATION`),
  KEY `FEEDBACK_FK_ID_ORGANIZATION63201` (`FK_ID_ORGANIZATION`)
) ENGINE=InnoDB DEFAULT CHARSET=utf8;
/*!40101 SET character_set_client = @saved_cs_client */;

--
-- Dumping data for table `feedback`
--

LOCK TABLES `feedback` WRITE;
/*!40000 ALTER TABLE `feedback` DISABLE KEYS */;
/*!40000 ALTER TABLE `feedback` ENABLE KEYS */;
UNLOCK TABLES;

--
-- Table structure for table `graphiclabelcontrol`
--

DROP TABLE IF EXISTS `graphiclabelcontrol`;
/*!40101 SET @saved_cs_client     = @@character_set_client */;
/*!40101 SET character_set_client = utf8 */;
CREATE TABLE `graphiclabelcontrol` (
  `ID` int(11) NOT NULL,
  `POSITIONX` int(11) DEFAULT NULL,
  `POSITIONY` varchar(254) DEFAULT NULL,
  `SIZEX` int(11) DEFAULT NULL,
  `SIZEY` int(11) DEFAULT NULL,
  `FONT` varchar(254) DEFAULT NULL,
  `AUTOSEQ` int(11) DEFAULT NULL,
  `FK_ID_GRAPHICLABELDEFINITION` int(11) NOT NULL,
  UNIQUE KEY `UGRAPHICLABELCONTROL_ID_96000` (`ID`),
  UNIQUE KEY `UGRAPHICLABELCONTROL_ID_623820` (`ID`),
  KEY `GRAPHICLABELCONTROLFKIDGR10458` (`FK_ID_GRAPHICLABELDEFINITION`),
  KEY `GRAPHICLABELCONTROLFKIDGRAP63326` (`FK_ID_GRAPHICLABELDEFINITION`)
) ENGINE=InnoDB DEFAULT CHARSET=utf8;
/*!40101 SET character_set_client = @saved_cs_client */;

--
-- Dumping data for table `graphiclabelcontrol`
--

LOCK TABLES `graphiclabelcontrol` WRITE;
/*!40000 ALTER TABLE `graphiclabelcontrol` DISABLE KEYS */;
/*!40000 ALTER TABLE `graphiclabelcontrol` ENABLE KEYS */;
UNLOCK TABLES;

--
-- Table structure for table `graphiclabeldefinition`
--

DROP TABLE IF EXISTS `graphiclabeldefinition`;
/*!40101 SET @saved_cs_client     = @@character_set_client */;
/*!40101 SET character_set_client = utf8 */;
CREATE TABLE `graphiclabeldefinition` (
  `ID` int(11) NOT NULL,
  `PRODUCTNAME` varchar(254) DEFAULT NULL,
  `HEIGHT` double DEFAULT NULL,
  `WIDTH` double DEFAULT NULL,
  `NETCONTENTSTEXT` varchar(254) DEFAULT NULL,
  `FK_ID_SUBREGISTRANT` int(11) NOT NULL,
  `FK_ID_SUBREGLABELCONTENT` int(11) DEFAULT NULL,
  UNIQUE KEY `UGRAPHICLABELDEFINITION_ID9608` (`ID`),
  UNIQUE KEY `UGRAPHICLABELDEFINITION_ID_62390` (`ID`),
  KEY `GRAPHICLABELDEFINITIONFKI10456` (`FK_ID_SUBREGISTRANT`),
  KEY `GRAPHICLABELDEFINITIONFKI10457` (`FK_ID_SUBREGLABELCONTENT`),
  KEY `GRAPHICLABELDEFINITIONFKIDS63324` (`FK_ID_SUBREGISTRANT`),
  KEY `GRAPHICLABELDEFINITIONFKIDS63325` (`FK_ID_SUBREGLABELCONTENT`)
) ENGINE=InnoDB DEFAULT CHARSET=utf8;
/*!40101 SET character_set_client = @saved_cs_client */;

--
-- Dumping data for table `graphiclabeldefinition`
--

LOCK TABLES `graphiclabeldefinition` WRITE;
/*!40000 ALTER TABLE `graphiclabeldefinition` DISABLE KEYS */;
/*!40000 ALTER TABLE `graphiclabeldefinition` ENABLE KEYS */;
UNLOCK TABLES;

--
-- Table structure for table `keyword`
--

DROP TABLE IF EXISTS `keyword`;
/*!40101 SET @saved_cs_client     = @@character_set_client */;
/*!40101 SET character_set_client = utf8 */;
CREATE TABLE `keyword` (
  `ID` int(11) NOT NULL,
  `NAME` varchar(254) NOT NULL,
  `FK_ID_EPAMMS` int(11) DEFAULT NULL,
  UNIQUE KEY `UKEYWORD_ID_96150` (`ID`),
  UNIQUE KEY `UKEYWORD_ID_623970` (`ID`),
  KEY `KEYWORD_FK_ID_EPAMMS_103030` (`FK_ID_EPAMMS`),
  KEY `KEYWORD_FK_ID_EPAMMS_632030` (`FK_ID_EPAMMS`)
) ENGINE=InnoDB DEFAULT CHARSET=utf8;
/*!40101 SET character_set_client = @saved_cs_client */;

--
-- Dumping data for table `keyword`
--

LOCK TABLES `keyword` WRITE;
/*!40000 ALTER TABLE `keyword` DISABLE KEYS */;
/*!40000 ALTER TABLE `keyword` ENABLE KEYS */;
UNLOCK TABLES;

--
-- Table structure for table `lld`
--

DROP TABLE IF EXISTS `lld`;
/*!40101 SET @saved_cs_client     = @@character_set_client */;
/*!40101 SET character_set_client = utf8 */;
CREATE TABLE `lld` (
  `ID` int(11) NOT NULL,
  `TAG` varchar(64) DEFAULT NULL,
  `NAME` varchar(128) DEFAULT NULL,
  `CSS_FILENAME` varchar(254) DEFAULT NULL,
  `BACKGROUNDCOLOR` varchar(254) DEFAULT NULL,
  `HAZARDPANEL` int(11) DEFAULT NULL,
  `CONTINUATIONPREVIOUSPAGETEXT` longtext,
  `CONTINUENEXTPAGETEXTMARKETING` longtext,
  `CONTNEXTPAGETEXTDIRFORUSE` longtext,
  `DEFAULTTEXTFONTFAMILY` tinytext,
  `DEFAULTTEXTFONTSIZE` tinytext,
  `DEFAULTFONTCOLOR` tinytext,
  `DEFAULTTITLEMARGINTOP` double DEFAULT NULL,
  `DEFAULTTITLEMARGINBOTTOM` double DEFAULT NULL,
  `DEFAULTTEXTMARGINTOP` double DEFAULT NULL,
  `DEFAULTTEXTMARGINBOTTOM` double DEFAULT NULL,
  `DEPTH` int(11) DEFAULT NULL,
  UNIQUE KEY `ULLD_ID_96190` (`ID`),
  UNIQUE KEY `ULLD_ID_624010` (`ID`)
) ENGINE=InnoDB DEFAULT CHARSET=utf8;
/*!40101 SET character_set_client = @saved_cs_client */;

--
-- Dumping data for table `lld`
--

LOCK TABLES `lld` WRITE;
/*!40000 ALTER TABLE `lld` DISABLE KEYS */;
INSERT INTO `lld` VALUES (5,NULL,'4 Panel - 3 and 1',NULL,NULL,NULL,NULL,NULL,NULL,NULL,NULL,NULL,NULL,NULL,NULL,NULL,NULL),(7,NULL,'4 Panel Side by Side',NULL,NULL,NULL,'** Continued on Side Panel','** Continued from Previous Page',NULL,NULL,NULL,NULL,NULL,NULL,NULL,NULL,NULL),(8,NULL,'Four Panel Across',NULL,NULL,NULL,'** Continued on Side Panel','** Continued from Previous Page',NULL,NULL,NULL,NULL,NULL,NULL,NULL,NULL,NULL);
/*!40000 ALTER TABLE `lld` ENABLE KEYS */;
UNLOCK TABLES;

--
-- Table structure for table `lld_block`
--

DROP TABLE IF EXISTS `lld_block`;
/*!40101 SET @saved_cs_client     = @@character_set_client */;
/*!40101 SET character_set_client = utf8 */;
CREATE TABLE `lld_block` (
  `ID` int(11) NOT NULL,
  `TAG` varchar(64) DEFAULT NULL,
  `NAME` varchar(128) DEFAULT NULL,
  `BLOCKTITLE` varchar(254) DEFAULT NULL,
  `LLD_SECTIONTYPE` varchar(20) DEFAULT NULL,
  `LLD_COLUMNLISTTYPE` tinytext,
  `CONTINUATIONBLOCKFLAG` varchar(1) DEFAULT NULL,
  `IMAGENAME` varchar(254) DEFAULT NULL,
  `z_TOP` double DEFAULT NULL,
  `z_LEFT` double DEFAULT NULL,
  `HEIGHT` double DEFAULT NULL,
  `WIDTH` double DEFAULT NULL,
  `TEXTCOLOR` varchar(20) DEFAULT NULL,
  `TEXTCOLOROVERRIDE` varchar(1) DEFAULT NULL,
  `BACKGROUNDCOLOR` varchar(20) DEFAULT NULL,
  `BACKGROUNDCOLOROVERRIDE` varchar(1) DEFAULT NULL,
  `BORDERCOLOR` varchar(20) DEFAULT NULL,
  `BORDERCOLOROVERRIDE` varchar(1) DEFAULT NULL,
  `BORDERSTYLE` varchar(20) DEFAULT NULL,
  `BORDERWIDTH` double DEFAULT NULL,
  `FONTFAMILY` varchar(20) DEFAULT NULL,
  `FONTSIZE` varchar(20) DEFAULT NULL,
  `FONTWEIGHT` varchar(20) DEFAULT NULL,
  `MARGIN` double DEFAULT NULL,
  `MARGINTOP` double DEFAULT NULL,
  `MARGINBOTTOM` double DEFAULT NULL,
  `MARGINLEFT` double DEFAULT NULL,
  `MARGINRIGHT` double DEFAULT NULL,
  `MARGINOVERRIDE` varchar(1) DEFAULT NULL,
  `BORDER` double DEFAULT NULL,
  `BORDERTOP` double DEFAULT NULL,
  `BORDERBOTTOM` double DEFAULT NULL,
  `BORDERLEFT` double DEFAULT NULL,
  `BORDERRIGHT` double DEFAULT NULL,
  `BORDEROVERRIDE` varchar(1) DEFAULT NULL,
  `PADDING` double DEFAULT NULL,
  `PADDINGTOP` double DEFAULT NULL,
  `PADDINGBOTTOM` double DEFAULT NULL,
  `PADDINGLEFT` double DEFAULT NULL,
  `PADDINGRIGHT` double DEFAULT NULL,
  `PADDINGOVERRIDE` varchar(1) DEFAULT NULL,
  `TITLEPOSITION` varchar(5) DEFAULT NULL,
  `CAPITALIZETITLETEXTFLAG` tinytext,
  `TEXTALIGN` varchar(20) DEFAULT NULL,
  `TEXTLINEHEIGHT` double DEFAULT NULL,
  `DEPTH` int(11) DEFAULT NULL,
  `AUTOSEQ` int(11) DEFAULT NULL,
  `FK_ID_SPLD_SECTION` int(11) DEFAULT NULL,
  `FK_ID_LLD_PANEL` int(11) DEFAULT NULL,
  `FK_ID_LLD_BLOCK` int(11) DEFAULT NULL,
  UNIQUE KEY `ULLD_BLOCK_ID_96290` (`ID`),
  UNIQUE KEY `ULLD_BLOCK_ID_624200` (`ID`),
  KEY `LLD_BLOCK_FKIDSPLDSECTION10300` (`FK_ID_SPLD_SECTION`),
  KEY `LLD_BLOCK_FK_ID_LLD_PANEL10363` (`FK_ID_LLD_PANEL`),
  KEY `LLD_BLOCK_FK_ID_LLD_BLOCK10370` (`FK_ID_LLD_BLOCK`),
  KEY `LLD_BLOCK_FK_ID_SPLDSECTION63200` (`FK_ID_SPLD_SECTION`),
  KEY `LLD_BLOCK_FK_ID_LLD_PANEL_632540` (`FK_ID_LLD_PANEL`),
  KEY `LLD_BLOCK_FK_ID_LLD_BLOCK_632610` (`FK_ID_LLD_BLOCK`)
) ENGINE=InnoDB DEFAULT CHARSET=utf8;
/*!40101 SET character_set_client = @saved_cs_client */;

--
-- Dumping data for table `lld_block`
--

LOCK TABLES `lld_block` WRITE;
/*!40000 ALTER TABLE `lld_block` DISABLE KEYS */;
INSERT INTO `lld_block` VALUES (116,NULL,NULL,NULL,'DirectionsForUse',NULL,NULL,NULL,0,0,8,5,NULL,NULL,NULL,NULL,NULL,NULL,NULL,NULL,NULL,NULL,NULL,NULL,NULL,NULL,NULL,NULL,NULL,NULL,NULL,NULL,NULL,NULL,NULL,NULL,NULL,NULL,NULL,NULL,NULL,NULL,NULL,NULL,NULL,NULL,NULL,NULL,18,NULL),(117,NULL,NULL,NULL,'Graphic',NULL,NULL,NULL,0,0.1,3.5,4.8,NULL,NULL,NULL,NULL,NULL,NULL,NULL,NULL,NULL,NULL,NULL,NULL,NULL,NULL,NULL,NULL,NULL,NULL,NULL,NULL,NULL,NULL,NULL,NULL,NULL,NULL,NULL,NULL,NULL,NULL,NULL,NULL,NULL,NULL,1,NULL,19,NULL),(118,NULL,NULL,NULL,NULL,NULL,NULL,NULL,3.5,0.1,2.5,4.8,NULL,NULL,NULL,NULL,NULL,NULL,NULL,NULL,NULL,NULL,NULL,NULL,NULL,NULL,NULL,NULL,NULL,NULL,NULL,NULL,NULL,NULL,NULL,NULL,NULL,NULL,NULL,NULL,NULL,NULL,NULL,NULL,NULL,NULL,2,NULL,19,NULL),(119,NULL,NULL,NULL,'Ingredients',NULL,NULL,NULL,0,0,1.3,4.8,NULL,NULL,NULL,NULL,NULL,NULL,NULL,NULL,NULL,NULL,NULL,NULL,NULL,NULL,NULL,NULL,NULL,NULL,NULL,NULL,NULL,NULL,NULL,NULL,NULL,NULL,NULL,NULL,NULL,NULL,NULL,NULL,NULL,NULL,NULL,NULL,NULL,118),(120,NULL,NULL,NULL,'Hazards',NULL,NULL,NULL,0.8,0.1,0.8,4.8,NULL,NULL,NULL,NULL,NULL,NULL,NULL,NULL,NULL,NULL,NULL,NULL,NULL,NULL,NULL,NULL,NULL,NULL,NULL,NULL,NULL,NULL,NULL,NULL,NULL,NULL,NULL,NULL,NULL,NULL,NULL,NULL,NULL,NULL,NULL,NULL,NULL,118),(121,NULL,NULL,NULL,'NetContents',NULL,NULL,NULL,NULL,0.1,0.2,4.8,NULL,NULL,NULL,NULL,NULL,NULL,NULL,NULL,NULL,NULL,NULL,NULL,NULL,NULL,NULL,NULL,NULL,NULL,NULL,NULL,NULL,NULL,NULL,NULL,NULL,NULL,NULL,NULL,NULL,NULL,NULL,NULL,NULL,NULL,NULL,NULL,NULL,118),(122,NULL,NULL,NULL,'EPA_RegAndEstNbr',NULL,NULL,NULL,NULL,0.1,0.2,4.8,NULL,NULL,NULL,NULL,NULL,NULL,NULL,NULL,NULL,NULL,NULL,NULL,NULL,NULL,NULL,NULL,NULL,NULL,NULL,NULL,NULL,NULL,NULL,NULL,NULL,NULL,NULL,NULL,NULL,NULL,NULL,NULL,NULL,NULL,NULL,NULL,NULL,118),(123,NULL,NULL,NULL,NULL,NULL,NULL,NULL,6,0,2,5,NULL,NULL,NULL,NULL,NULL,NULL,NULL,NULL,NULL,NULL,NULL,NULL,NULL,NULL,NULL,NULL,NULL,NULL,NULL,NULL,NULL,NULL,NULL,NULL,NULL,NULL,NULL,NULL,NULL,NULL,NULL,NULL,NULL,NULL,3,NULL,19,NULL),(124,NULL,'General Use',NULL,'Marketing',NULL,NULL,NULL,0,0.1,1,5,NULL,NULL,NULL,NULL,NULL,NULL,NULL,NULL,NULL,NULL,NULL,NULL,NULL,NULL,NULL,NULL,NULL,NULL,NULL,NULL,NULL,NULL,NULL,NULL,NULL,NULL,NULL,NULL,NULL,NULL,NULL,NULL,NULL,NULL,NULL,NULL,NULL,123),(125,NULL,'Recommended Use',NULL,'Marketing',NULL,NULL,NULL,1,0.1,1,5,NULL,NULL,NULL,NULL,NULL,NULL,NULL,NULL,NULL,NULL,NULL,NULL,NULL,NULL,NULL,NULL,NULL,NULL,NULL,NULL,NULL,NULL,NULL,NULL,NULL,NULL,NULL,NULL,NULL,NULL,NULL,NULL,NULL,NULL,NULL,NULL,NULL,123),(126,NULL,NULL,NULL,NULL,NULL,NULL,NULL,NULL,0,8,5,NULL,NULL,NULL,NULL,NULL,NULL,NULL,NULL,NULL,NULL,NULL,NULL,NULL,NULL,NULL,NULL,NULL,NULL,NULL,NULL,NULL,NULL,NULL,NULL,NULL,NULL,NULL,NULL,NULL,NULL,NULL,NULL,NULL,NULL,NULL,NULL,20,NULL),(127,NULL,NULL,NULL,'Graphic',NULL,NULL,NULL,NULL,0,0.8,5,NULL,NULL,NULL,NULL,NULL,NULL,NULL,NULL,NULL,NULL,NULL,NULL,NULL,NULL,NULL,NULL,NULL,NULL,NULL,NULL,NULL,NULL,NULL,NULL,NULL,NULL,NULL,NULL,NULL,NULL,NULL,NULL,NULL,NULL,NULL,NULL,NULL,126),(128,NULL,'Germicidal Detergent',NULL,'Marketing',NULL,NULL,NULL,NULL,0,0.5,5,NULL,NULL,NULL,NULL,NULL,NULL,NULL,NULL,NULL,NULL,NULL,NULL,NULL,NULL,NULL,NULL,NULL,NULL,NULL,NULL,NULL,NULL,NULL,NULL,NULL,NULL,NULL,NULL,NULL,NULL,NULL,NULL,NULL,NULL,NULL,NULL,NULL,126),(129,NULL,'General Use 2',NULL,'Marketing',NULL,NULL,NULL,NULL,0,0.5,5,NULL,NULL,NULL,NULL,NULL,NULL,NULL,NULL,NULL,NULL,NULL,NULL,NULL,NULL,NULL,NULL,NULL,NULL,NULL,NULL,NULL,NULL,NULL,NULL,NULL,NULL,NULL,NULL,NULL,NULL,NULL,NULL,NULL,NULL,NULL,NULL,NULL,126),(130,NULL,'Bactericidal Claims',NULL,'Marketing',NULL,NULL,NULL,NULL,0,4,5,NULL,NULL,NULL,NULL,NULL,NULL,NULL,NULL,NULL,NULL,NULL,NULL,NULL,NULL,NULL,NULL,NULL,NULL,NULL,NULL,NULL,NULL,NULL,NULL,NULL,NULL,NULL,NULL,NULL,NULL,NULL,NULL,NULL,NULL,NULL,NULL,NULL,126),(131,NULL,'Fungicidal',NULL,'Marketing',NULL,NULL,NULL,NULL,NULL,0.5,5,NULL,NULL,NULL,NULL,NULL,NULL,NULL,NULL,NULL,NULL,NULL,NULL,NULL,NULL,NULL,NULL,NULL,NULL,NULL,NULL,NULL,NULL,NULL,NULL,NULL,NULL,NULL,NULL,NULL,NULL,NULL,NULL,NULL,NULL,NULL,NULL,NULL,126),(132,NULL,'Virucidal',NULL,'Marketing',NULL,NULL,NULL,NULL,NULL,1,5,NULL,NULL,NULL,NULL,NULL,NULL,NULL,NULL,NULL,NULL,NULL,NULL,NULL,NULL,NULL,NULL,NULL,NULL,NULL,NULL,NULL,NULL,NULL,NULL,NULL,NULL,NULL,NULL,NULL,NULL,NULL,NULL,NULL,NULL,NULL,NULL,NULL,126),(133,NULL,NULL,NULL,'StorageDisposal',NULL,NULL,NULL,0,0.1,3,3.7,NULL,NULL,NULL,NULL,NULL,NULL,NULL,NULL,NULL,NULL,NULL,NULL,NULL,NULL,NULL,NULL,NULL,NULL,NULL,NULL,NULL,NULL,NULL,NULL,NULL,NULL,NULL,NULL,NULL,NULL,NULL,NULL,NULL,NULL,1,NULL,21,NULL),(134,NULL,NULL,NULL,NULL,NULL,NULL,NULL,0,3.8,3,3.7,NULL,NULL,NULL,NULL,NULL,NULL,NULL,NULL,NULL,NULL,NULL,NULL,NULL,NULL,NULL,NULL,NULL,NULL,NULL,NULL,NULL,NULL,NULL,NULL,NULL,NULL,NULL,NULL,NULL,NULL,NULL,NULL,NULL,NULL,2,NULL,21,NULL),(135,NULL,NULL,NULL,'StorageDisposal',NULL,NULL,NULL,0,0,2,3.7,NULL,NULL,NULL,NULL,NULL,NULL,NULL,NULL,NULL,NULL,NULL,NULL,NULL,NULL,NULL,NULL,NULL,NULL,NULL,NULL,NULL,NULL,NULL,NULL,NULL,NULL,NULL,NULL,NULL,NULL,NULL,NULL,NULL,NULL,NULL,NULL,NULL,134),(136,NULL,NULL,NULL,'Precautionary',NULL,NULL,NULL,2,0,1,3.7,NULL,NULL,NULL,NULL,NULL,NULL,NULL,NULL,NULL,NULL,NULL,NULL,NULL,NULL,NULL,NULL,NULL,NULL,NULL,NULL,NULL,NULL,NULL,NULL,NULL,NULL,NULL,NULL,NULL,NULL,NULL,NULL,NULL,NULL,NULL,NULL,NULL,134),(137,NULL,NULL,NULL,NULL,NULL,NULL,NULL,0,7.5,3,3.7,NULL,NULL,NULL,NULL,NULL,NULL,NULL,NULL,NULL,NULL,NULL,NULL,NULL,NULL,NULL,NULL,NULL,NULL,NULL,NULL,NULL,NULL,NULL,NULL,NULL,NULL,NULL,NULL,NULL,NULL,NULL,NULL,NULL,NULL,3,NULL,21,NULL),(138,NULL,NULL,NULL,'Precautionary',NULL,NULL,NULL,0,0,0.8,3.7,NULL,NULL,NULL,NULL,NULL,NULL,NULL,NULL,NULL,NULL,NULL,NULL,NULL,NULL,NULL,NULL,NULL,NULL,NULL,NULL,NULL,NULL,NULL,NULL,NULL,NULL,NULL,NULL,NULL,NULL,NULL,NULL,NULL,NULL,NULL,NULL,NULL,137),(139,NULL,NULL,NULL,'FirstAid',NULL,NULL,NULL,0.8,0,2.2,3.7,NULL,NULL,NULL,NULL,NULL,NULL,NULL,NULL,NULL,NULL,NULL,NULL,NULL,NULL,NULL,NULL,NULL,NULL,NULL,NULL,NULL,NULL,NULL,NULL,NULL,NULL,NULL,NULL,NULL,NULL,NULL,NULL,NULL,NULL,NULL,NULL,NULL,137),(140,NULL,NULL,NULL,NULL,NULL,NULL,NULL,0,11.2,3,3.7,NULL,NULL,NULL,NULL,NULL,NULL,NULL,NULL,NULL,NULL,NULL,NULL,NULL,NULL,NULL,NULL,NULL,NULL,NULL,NULL,NULL,NULL,NULL,NULL,NULL,NULL,NULL,NULL,NULL,NULL,NULL,NULL,NULL,NULL,4,NULL,21,NULL),(141,NULL,NULL,NULL,'FirstAid',NULL,NULL,NULL,0,0,1.5,3.7,NULL,NULL,NULL,NULL,NULL,NULL,NULL,NULL,NULL,NULL,NULL,NULL,NULL,NULL,NULL,NULL,NULL,NULL,NULL,NULL,NULL,NULL,NULL,NULL,NULL,NULL,NULL,NULL,NULL,NULL,NULL,NULL,NULL,NULL,NULL,NULL,NULL,140),(142,NULL,NULL,NULL,'Hazards',NULL,NULL,NULL,1.5,0,1.5,3.7,NULL,NULL,NULL,NULL,NULL,NULL,NULL,NULL,NULL,NULL,NULL,NULL,NULL,NULL,NULL,NULL,NULL,NULL,NULL,NULL,NULL,NULL,NULL,NULL,NULL,NULL,NULL,NULL,NULL,NULL,NULL,NULL,NULL,NULL,NULL,NULL,NULL,140),(174,NULL,NULL,NULL,NULL,NULL,NULL,NULL,NULL,0,8,5,NULL,NULL,NULL,NULL,NULL,NULL,NULL,NULL,NULL,NULL,NULL,NULL,NULL,NULL,NULL,NULL,NULL,NULL,NULL,NULL,NULL,NULL,NULL,NULL,NULL,NULL,NULL,NULL,NULL,NULL,NULL,NULL,NULL,NULL,1,NULL,24,NULL),(175,NULL,NULL,NULL,'Graphic',NULL,NULL,NULL,NULL,0,0.4,5,NULL,NULL,NULL,NULL,NULL,NULL,NULL,NULL,NULL,NULL,NULL,NULL,NULL,NULL,NULL,NULL,NULL,NULL,NULL,NULL,NULL,NULL,NULL,NULL,NULL,NULL,NULL,NULL,NULL,NULL,NULL,NULL,NULL,NULL,NULL,NULL,NULL,174),(176,NULL,NULL,NULL,'Graphic',NULL,NULL,NULL,NULL,0,0.4,5,NULL,NULL,NULL,NULL,NULL,NULL,NULL,NULL,NULL,NULL,NULL,NULL,NULL,NULL,NULL,NULL,NULL,NULL,NULL,NULL,NULL,NULL,NULL,NULL,NULL,NULL,NULL,NULL,NULL,NULL,NULL,NULL,NULL,NULL,NULL,NULL,NULL,174),(177,NULL,'Bactericidal Claims',NULL,'Marketing',NULL,NULL,NULL,NULL,0,5,5,NULL,NULL,NULL,NULL,NULL,NULL,NULL,NULL,NULL,NULL,NULL,NULL,NULL,NULL,NULL,NULL,NULL,NULL,NULL,NULL,NULL,NULL,NULL,NULL,NULL,NULL,NULL,NULL,NULL,NULL,NULL,NULL,NULL,NULL,NULL,NULL,NULL,174),(178,NULL,NULL,NULL,'Graphic',NULL,NULL,NULL,NULL,0,1,5,NULL,NULL,NULL,NULL,NULL,NULL,NULL,NULL,NULL,NULL,NULL,NULL,NULL,NULL,NULL,NULL,NULL,NULL,NULL,NULL,NULL,NULL,NULL,NULL,NULL,NULL,NULL,NULL,NULL,NULL,NULL,NULL,NULL,NULL,NULL,NULL,NULL,174),(179,NULL,'Recommended Use',NULL,'Marketing',NULL,NULL,NULL,0,0,1,5,NULL,NULL,NULL,NULL,NULL,NULL,NULL,NULL,NULL,NULL,NULL,NULL,NULL,NULL,NULL,NULL,NULL,NULL,NULL,NULL,NULL,NULL,NULL,NULL,NULL,NULL,NULL,NULL,NULL,NULL,NULL,NULL,NULL,NULL,1,NULL,23,NULL),(180,NULL,NULL,NULL,'DirectionsForUse',NULL,NULL,NULL,NULL,0,0.7,5,NULL,NULL,NULL,NULL,NULL,NULL,NULL,NULL,NULL,NULL,NULL,NULL,NULL,NULL,NULL,NULL,NULL,NULL,NULL,NULL,NULL,NULL,NULL,NULL,NULL,NULL,NULL,NULL,NULL,NULL,NULL,NULL,NULL,NULL,2,NULL,23,NULL),(186,NULL,NULL,NULL,'DirectionsForUse',NULL,NULL,NULL,0.1,0,4.5,5,NULL,NULL,NULL,NULL,NULL,NULL,NULL,NULL,NULL,NULL,NULL,NULL,NULL,NULL,NULL,NULL,NULL,NULL,NULL,NULL,NULL,NULL,NULL,NULL,NULL,NULL,NULL,NULL,NULL,NULL,NULL,NULL,NULL,NULL,1,NULL,26,NULL),(187,NULL,'Areas of Use',NULL,'Marketing',NULL,NULL,NULL,NULL,0,3,5,NULL,NULL,NULL,NULL,NULL,NULL,NULL,NULL,NULL,NULL,NULL,NULL,NULL,NULL,NULL,NULL,NULL,NULL,NULL,NULL,NULL,NULL,NULL,NULL,NULL,NULL,NULL,NULL,NULL,NULL,NULL,NULL,NULL,NULL,2,NULL,26,NULL),(200,NULL,NULL,NULL,'Graphic',NULL,NULL,'KennelSolHeader.jpg',0,0.1,3,4.8,NULL,NULL,NULL,NULL,NULL,NULL,NULL,NULL,NULL,NULL,NULL,NULL,NULL,NULL,NULL,NULL,NULL,NULL,NULL,NULL,NULL,NULL,NULL,NULL,NULL,NULL,NULL,NULL,NULL,NULL,NULL,NULL,NULL,NULL,1,NULL,22,NULL),(201,NULL,NULL,NULL,NULL,NULL,NULL,NULL,3.5,0.1,2.5,4.8,NULL,NULL,NULL,NULL,NULL,NULL,NULL,NULL,NULL,NULL,NULL,NULL,NULL,NULL,NULL,NULL,NULL,NULL,NULL,NULL,NULL,NULL,NULL,NULL,NULL,NULL,NULL,NULL,NULL,NULL,NULL,NULL,NULL,NULL,2,NULL,22,NULL),(202,NULL,NULL,NULL,'Ingredients',NULL,NULL,NULL,0,0,1.3,4.8,NULL,NULL,NULL,NULL,NULL,NULL,NULL,NULL,NULL,NULL,NULL,NULL,NULL,NULL,NULL,NULL,NULL,NULL,NULL,NULL,NULL,NULL,NULL,NULL,NULL,NULL,NULL,NULL,NULL,NULL,NULL,NULL,NULL,NULL,NULL,NULL,NULL,201),(203,NULL,NULL,NULL,'HumanHazard',NULL,NULL,NULL,0.8,0.1,0.8,4.8,NULL,NULL,NULL,NULL,NULL,NULL,NULL,NULL,NULL,NULL,NULL,NULL,NULL,NULL,NULL,NULL,NULL,NULL,NULL,NULL,NULL,NULL,NULL,NULL,NULL,NULL,NULL,NULL,NULL,NULL,NULL,NULL,NULL,NULL,NULL,NULL,NULL,201),(204,NULL,NULL,NULL,'NetContents',NULL,NULL,NULL,NULL,0.1,0.2,4.8,NULL,NULL,NULL,NULL,NULL,NULL,NULL,NULL,NULL,NULL,NULL,NULL,NULL,NULL,NULL,NULL,NULL,NULL,NULL,NULL,NULL,NULL,NULL,NULL,NULL,NULL,NULL,NULL,NULL,NULL,NULL,NULL,NULL,NULL,NULL,NULL,NULL,201),(205,NULL,NULL,NULL,'EPA_RegAndEstNbr',NULL,NULL,NULL,NULL,0.1,0.2,4.8,NULL,NULL,NULL,NULL,NULL,NULL,NULL,NULL,NULL,NULL,NULL,NULL,NULL,NULL,NULL,NULL,NULL,NULL,NULL,NULL,NULL,NULL,NULL,NULL,NULL,NULL,NULL,NULL,NULL,NULL,NULL,NULL,NULL,NULL,NULL,NULL,NULL,201),(245,NULL,NULL,NULL,'Graphic',NULL,NULL,'KennelSolHeader.jpg',0,0.1,3,4.8,NULL,NULL,NULL,NULL,NULL,NULL,NULL,NULL,NULL,NULL,NULL,NULL,NULL,NULL,NULL,NULL,NULL,NULL,NULL,NULL,NULL,NULL,NULL,NULL,NULL,NULL,NULL,NULL,NULL,NULL,NULL,NULL,NULL,NULL,1,NULL,36,NULL),(246,NULL,NULL,NULL,NULL,NULL,NULL,NULL,3.5,0.1,2.5,4.8,NULL,NULL,NULL,NULL,NULL,NULL,NULL,NULL,NULL,NULL,NULL,NULL,NULL,NULL,NULL,NULL,NULL,NULL,NULL,NULL,NULL,NULL,NULL,NULL,NULL,NULL,NULL,NULL,NULL,NULL,NULL,NULL,NULL,NULL,2,NULL,36,NULL),(247,NULL,NULL,NULL,'Ingredients',NULL,NULL,NULL,0,0,1.3,4.8,NULL,NULL,NULL,NULL,NULL,NULL,NULL,NULL,NULL,NULL,NULL,NULL,NULL,NULL,NULL,NULL,NULL,NULL,NULL,NULL,NULL,NULL,NULL,NULL,NULL,NULL,NULL,NULL,NULL,NULL,NULL,NULL,NULL,NULL,NULL,NULL,NULL,246),(248,NULL,NULL,NULL,'HumanHazard',NULL,NULL,NULL,0.8,0.1,0.8,4.8,NULL,NULL,NULL,NULL,NULL,NULL,NULL,NULL,NULL,NULL,NULL,NULL,NULL,NULL,NULL,NULL,NULL,NULL,NULL,NULL,NULL,NULL,NULL,NULL,NULL,NULL,NULL,NULL,NULL,NULL,NULL,NULL,NULL,NULL,NULL,NULL,NULL,246),(249,NULL,NULL,NULL,'NetContents',NULL,NULL,NULL,NULL,0.1,0.2,4.8,NULL,NULL,NULL,NULL,NULL,NULL,NULL,NULL,NULL,NULL,NULL,NULL,NULL,NULL,NULL,NULL,NULL,NULL,NULL,NULL,NULL,NULL,NULL,NULL,NULL,NULL,NULL,NULL,NULL,NULL,NULL,NULL,NULL,NULL,NULL,NULL,NULL,246),(250,NULL,NULL,NULL,'EPA_RegAndEstNbr',NULL,NULL,NULL,NULL,0.1,0.2,4.8,NULL,NULL,NULL,NULL,NULL,NULL,NULL,NULL,NULL,NULL,NULL,NULL,NULL,NULL,NULL,NULL,NULL,NULL,NULL,NULL,NULL,NULL,NULL,NULL,NULL,NULL,NULL,NULL,NULL,NULL,NULL,NULL,NULL,NULL,NULL,NULL,NULL,246),(251,NULL,'Recommended Use',NULL,'Marketing',NULL,NULL,NULL,0,0,1,5,NULL,NULL,NULL,NULL,NULL,NULL,NULL,NULL,NULL,NULL,NULL,NULL,NULL,NULL,NULL,NULL,NULL,NULL,NULL,NULL,NULL,NULL,NULL,NULL,NULL,NULL,NULL,NULL,NULL,NULL,NULL,NULL,NULL,NULL,1,NULL,37,NULL),(252,NULL,NULL,NULL,'DirectionsForUse',NULL,NULL,NULL,NULL,0,0.7,5,NULL,NULL,NULL,NULL,NULL,NULL,NULL,NULL,NULL,NULL,NULL,NULL,NULL,NULL,NULL,NULL,NULL,NULL,NULL,NULL,NULL,NULL,NULL,NULL,NULL,NULL,NULL,NULL,NULL,NULL,NULL,NULL,NULL,NULL,2,NULL,37,NULL),(253,NULL,NULL,NULL,'DirectionsForUse',NULL,NULL,NULL,0.1,0,4.5,5,NULL,NULL,NULL,NULL,NULL,NULL,NULL,NULL,NULL,NULL,NULL,NULL,NULL,NULL,NULL,NULL,NULL,NULL,NULL,NULL,NULL,NULL,NULL,NULL,NULL,NULL,NULL,NULL,NULL,NULL,NULL,NULL,NULL,NULL,1,NULL,38,NULL),(254,NULL,'Areas of Use',NULL,'Marketing',NULL,NULL,NULL,NULL,0,3,5,NULL,NULL,NULL,NULL,NULL,NULL,NULL,NULL,NULL,NULL,NULL,NULL,NULL,NULL,NULL,NULL,NULL,NULL,NULL,NULL,NULL,NULL,NULL,NULL,NULL,NULL,NULL,NULL,NULL,NULL,NULL,NULL,NULL,NULL,2,NULL,38,NULL),(255,NULL,NULL,NULL,NULL,NULL,NULL,NULL,NULL,0,8,5,NULL,NULL,NULL,NULL,NULL,NULL,NULL,NULL,NULL,NULL,NULL,NULL,NULL,NULL,NULL,NULL,NULL,NULL,NULL,NULL,NULL,NULL,NULL,NULL,NULL,NULL,NULL,NULL,NULL,NULL,NULL,NULL,NULL,NULL,NULL,NULL,39,NULL),(256,NULL,NULL,NULL,'Graphic',NULL,NULL,NULL,NULL,0,0.4,5,NULL,NULL,NULL,NULL,NULL,NULL,NULL,NULL,NULL,NULL,NULL,NULL,NULL,NULL,NULL,NULL,NULL,NULL,NULL,NULL,NULL,NULL,NULL,NULL,NULL,NULL,NULL,NULL,NULL,NULL,NULL,NULL,NULL,NULL,NULL,NULL,NULL,255),(257,NULL,NULL,NULL,'Graphic',NULL,NULL,NULL,NULL,0,0.4,5,NULL,NULL,NULL,NULL,NULL,NULL,NULL,NULL,NULL,NULL,NULL,NULL,NULL,NULL,NULL,NULL,NULL,NULL,NULL,NULL,NULL,NULL,NULL,NULL,NULL,NULL,NULL,NULL,NULL,NULL,NULL,NULL,NULL,NULL,NULL,NULL,NULL,255),(258,NULL,'Bactericidal Claims',NULL,'Marketing',NULL,NULL,NULL,NULL,0,5,5,NULL,NULL,NULL,NULL,NULL,NULL,NULL,NULL,NULL,NULL,NULL,NULL,NULL,NULL,NULL,NULL,NULL,NULL,NULL,NULL,NULL,NULL,NULL,NULL,NULL,NULL,NULL,NULL,NULL,NULL,NULL,NULL,NULL,NULL,NULL,NULL,NULL,255),(259,NULL,NULL,NULL,'Graphic',NULL,NULL,NULL,NULL,0,1,5,NULL,NULL,NULL,NULL,NULL,NULL,NULL,NULL,NULL,NULL,NULL,NULL,NULL,NULL,NULL,NULL,NULL,NULL,NULL,NULL,NULL,NULL,NULL,NULL,NULL,NULL,NULL,NULL,NULL,NULL,NULL,NULL,NULL,NULL,NULL,NULL,NULL,255),(376,NULL,NULL,NULL,'DirectionsForUse',NULL,'Y',NULL,0.1,0,4.5,5,NULL,NULL,NULL,NULL,NULL,NULL,NULL,NULL,NULL,NULL,NULL,NULL,NULL,NULL,NULL,NULL,NULL,NULL,NULL,NULL,NULL,NULL,NULL,NULL,NULL,NULL,NULL,NULL,NULL,NULL,NULL,NULL,NULL,NULL,1,NULL,42,NULL),(377,NULL,'Areas of Use',NULL,'Marketing',NULL,NULL,NULL,4.5,0,1.5,5,NULL,NULL,NULL,NULL,NULL,NULL,NULL,NULL,NULL,NULL,NULL,NULL,NULL,NULL,NULL,NULL,NULL,NULL,NULL,NULL,NULL,NULL,NULL,NULL,NULL,NULL,NULL,NULL,NULL,NULL,NULL,NULL,NULL,NULL,2,NULL,42,NULL),(382,NULL,NULL,NULL,'Graphic',NULL,NULL,'KennelSolHeader.jpg',0,0.1,3,4.8,NULL,NULL,NULL,NULL,NULL,NULL,NULL,NULL,NULL,NULL,NULL,NULL,NULL,NULL,NULL,NULL,NULL,NULL,NULL,NULL,NULL,NULL,NULL,NULL,NULL,NULL,NULL,NULL,NULL,NULL,NULL,NULL,NULL,NULL,1,NULL,40,NULL),(383,NULL,NULL,NULL,NULL,NULL,NULL,NULL,3.5,0.1,3,4.8,NULL,NULL,NULL,NULL,NULL,NULL,NULL,NULL,NULL,NULL,NULL,NULL,NULL,NULL,NULL,NULL,NULL,NULL,NULL,NULL,NULL,NULL,NULL,NULL,NULL,NULL,NULL,NULL,NULL,NULL,NULL,NULL,NULL,NULL,2,NULL,40,NULL),(384,NULL,NULL,NULL,'Ingredients',NULL,NULL,NULL,0.2,0.2,1,4.4,NULL,NULL,NULL,NULL,NULL,NULL,NULL,NULL,NULL,NULL,NULL,NULL,0.2,NULL,0.05,0.05,NULL,NULL,NULL,NULL,NULL,NULL,NULL,NULL,NULL,NULL,NULL,NULL,NULL,NULL,NULL,NULL,NULL,NULL,NULL,NULL,NULL,383),(385,NULL,NULL,NULL,'HumanHazard',NULL,NULL,NULL,1.2,0,0.9,4.8,'red',NULL,NULL,NULL,NULL,NULL,NULL,NULL,NULL,'16pt',NULL,NULL,NULL,NULL,NULL,NULL,NULL,NULL,NULL,NULL,NULL,NULL,NULL,NULL,NULL,NULL,NULL,NULL,NULL,NULL,NULL,'center',NULL,NULL,NULL,NULL,NULL,383),(386,NULL,NULL,NULL,'NetContents',NULL,NULL,NULL,2.1,0,0.2,4.8,NULL,NULL,NULL,NULL,NULL,NULL,NULL,NULL,NULL,NULL,NULL,NULL,NULL,NULL,NULL,NULL,NULL,NULL,NULL,NULL,NULL,NULL,NULL,NULL,NULL,NULL,NULL,NULL,NULL,NULL,NULL,NULL,NULL,NULL,NULL,NULL,NULL,383),(387,NULL,NULL,NULL,'EPA_RegAndEstNbr',NULL,NULL,NULL,2.3,0,0.2,4.8,NULL,NULL,NULL,NULL,NULL,NULL,NULL,NULL,NULL,NULL,NULL,NULL,NULL,NULL,NULL,NULL,NULL,NULL,NULL,NULL,NULL,NULL,NULL,NULL,NULL,NULL,NULL,NULL,NULL,NULL,NULL,NULL,NULL,NULL,NULL,NULL,NULL,383),(394,NULL,'Recommended Use',NULL,'Marketing',NULL,NULL,NULL,0,0,0.85,5,NULL,NULL,NULL,NULL,NULL,NULL,NULL,NULL,NULL,NULL,NULL,NULL,NULL,NULL,NULL,NULL,NULL,NULL,NULL,NULL,NULL,NULL,NULL,NULL,NULL,NULL,NULL,NULL,NULL,NULL,NULL,NULL,NULL,NULL,1,NULL,41,NULL),(395,NULL,NULL,NULL,'DirectionsForUse',NULL,NULL,NULL,1.5,0,0.7,5,NULL,NULL,NULL,NULL,NULL,NULL,NULL,NULL,NULL,NULL,NULL,NULL,NULL,0.05,NULL,NULL,NULL,NULL,NULL,NULL,NULL,NULL,NULL,NULL,NULL,NULL,NULL,NULL,NULL,NULL,NULL,NULL,NULL,NULL,2,NULL,41,NULL),(396,NULL,NULL,NULL,NULL,NULL,NULL,NULL,NULL,NULL,NULL,NULL,NULL,NULL,NULL,NULL,NULL,NULL,NULL,NULL,NULL,NULL,NULL,NULL,NULL,0.05,NULL,NULL,NULL,NULL,NULL,NULL,NULL,NULL,NULL,NULL,NULL,NULL,NULL,NULL,NULL,NULL,NULL,NULL,NULL,NULL,NULL,NULL,NULL,NULL),(397,NULL,NULL,NULL,NULL,NULL,NULL,NULL,NULL,NULL,NULL,NULL,NULL,NULL,NULL,NULL,NULL,NULL,NULL,NULL,NULL,NULL,NULL,NULL,NULL,0.05,NULL,NULL,NULL,NULL,NULL,NULL,NULL,NULL,NULL,NULL,NULL,NULL,NULL,NULL,NULL,NULL,NULL,NULL,NULL,NULL,NULL,NULL,NULL,NULL),(398,NULL,NULL,NULL,NULL,NULL,NULL,NULL,NULL,NULL,NULL,NULL,NULL,NULL,NULL,NULL,NULL,NULL,NULL,NULL,NULL,NULL,NULL,NULL,NULL,0.05,NULL,NULL,NULL,NULL,NULL,NULL,NULL,NULL,NULL,NULL,NULL,NULL,NULL,NULL,NULL,NULL,NULL,NULL,NULL,NULL,NULL,NULL,NULL,NULL),(399,NULL,NULL,NULL,NULL,NULL,NULL,NULL,NULL,NULL,NULL,NULL,NULL,NULL,NULL,NULL,NULL,NULL,NULL,NULL,NULL,NULL,NULL,NULL,NULL,0.05,NULL,NULL,NULL,NULL,NULL,NULL,NULL,NULL,NULL,NULL,NULL,NULL,NULL,NULL,NULL,NULL,NULL,NULL,NULL,NULL,NULL,NULL,NULL,NULL),(402,NULL,NULL,NULL,NULL,NULL,NULL,NULL,NULL,NULL,NULL,NULL,NULL,NULL,NULL,NULL,NULL,NULL,NULL,NULL,NULL,NULL,NULL,NULL,NULL,0.05,NULL,NULL,NULL,NULL,NULL,NULL,NULL,NULL,NULL,NULL,NULL,NULL,NULL,NULL,NULL,NULL,NULL,NULL,NULL,NULL,NULL,NULL,NULL,NULL),(403,NULL,NULL,NULL,NULL,NULL,NULL,NULL,NULL,NULL,NULL,NULL,NULL,NULL,NULL,NULL,NULL,NULL,NULL,NULL,NULL,NULL,NULL,NULL,NULL,0.05,NULL,NULL,NULL,NULL,NULL,NULL,NULL,NULL,NULL,NULL,NULL,NULL,NULL,NULL,NULL,NULL,NULL,NULL,NULL,NULL,NULL,NULL,NULL,NULL),(404,NULL,NULL,NULL,NULL,NULL,NULL,NULL,NULL,NULL,NULL,NULL,'blue',NULL,NULL,NULL,NULL,NULL,NULL,NULL,NULL,'14pt','bold',NULL,NULL,NULL,NULL,NULL,NULL,NULL,NULL,NULL,NULL,NULL,NULL,NULL,NULL,NULL,NULL,NULL,NULL,NULL,NULL,'center',NULL,NULL,NULL,NULL,NULL,NULL),(405,NULL,NULL,NULL,NULL,NULL,NULL,NULL,NULL,NULL,NULL,NULL,'blue',NULL,NULL,NULL,NULL,NULL,NULL,NULL,NULL,'16pt','bold',NULL,NULL,NULL,NULL,NULL,NULL,NULL,NULL,NULL,NULL,NULL,NULL,NULL,NULL,NULL,NULL,NULL,NULL,NULL,NULL,'center',NULL,NULL,NULL,NULL,NULL,NULL),(406,NULL,NULL,NULL,NULL,NULL,NULL,NULL,NULL,NULL,NULL,NULL,'blue',NULL,NULL,NULL,NULL,NULL,NULL,NULL,NULL,'10pt',NULL,NULL,0.1,NULL,NULL,NULL,NULL,NULL,NULL,NULL,NULL,NULL,NULL,NULL,NULL,NULL,NULL,NULL,NULL,NULL,NULL,'center',NULL,NULL,NULL,NULL,NULL,NULL),(409,NULL,NULL,NULL,NULL,NULL,NULL,NULL,NULL,NULL,NULL,NULL,NULL,NULL,NULL,NULL,NULL,NULL,NULL,NULL,NULL,NULL,NULL,NULL,0.1,0.05,NULL,NULL,NULL,NULL,NULL,NULL,NULL,NULL,NULL,NULL,NULL,NULL,NULL,NULL,NULL,NULL,NULL,NULL,NULL,NULL,NULL,NULL,NULL,NULL),(416,NULL,NULL,NULL,NULL,NULL,NULL,NULL,NULL,NULL,NULL,NULL,NULL,NULL,NULL,NULL,'',NULL,'solid',1,NULL,NULL,NULL,NULL,NULL,NULL,NULL,NULL,NULL,NULL,NULL,NULL,NULL,NULL,NULL,NULL,NULL,NULL,NULL,NULL,NULL,NULL,NULL,NULL,NULL,NULL,NULL,NULL,NULL,NULL),(419,NULL,NULL,NULL,NULL,NULL,NULL,NULL,NULL,NULL,NULL,NULL,NULL,NULL,NULL,NULL,NULL,NULL,NULL,NULL,NULL,NULL,NULL,NULL,0.3,NULL,NULL,NULL,NULL,NULL,NULL,NULL,NULL,NULL,NULL,NULL,NULL,NULL,NULL,NULL,NULL,NULL,NULL,NULL,NULL,NULL,NULL,NULL,NULL,NULL),(424,NULL,NULL,NULL,NULL,NULL,NULL,NULL,NULL,NULL,NULL,NULL,NULL,NULL,NULL,NULL,NULL,NULL,NULL,NULL,NULL,NULL,NULL,NULL,0.1,NULL,0.05,NULL,NULL,NULL,NULL,NULL,NULL,NULL,NULL,NULL,NULL,NULL,NULL,NULL,NULL,NULL,NULL,NULL,NULL,NULL,NULL,NULL,NULL,NULL),(433,NULL,NULL,NULL,NULL,NULL,NULL,NULL,NULL,NULL,NULL,NULL,NULL,NULL,NULL,NULL,NULL,NULL,NULL,NULL,NULL,NULL,NULL,NULL,NULL,NULL,NULL,NULL,NULL,NULL,NULL,NULL,NULL,NULL,NULL,NULL,NULL,NULL,NULL,NULL,NULL,NULL,NULL,'center',NULL,NULL,NULL,NULL,NULL,NULL),(434,NULL,NULL,NULL,NULL,NULL,NULL,NULL,NULL,NULL,NULL,NULL,NULL,NULL,NULL,NULL,NULL,NULL,NULL,NULL,NULL,NULL,NULL,NULL,NULL,NULL,NULL,NULL,NULL,NULL,NULL,NULL,NULL,NULL,NULL,NULL,NULL,NULL,NULL,NULL,NULL,NULL,NULL,'center',NULL,NULL,NULL,NULL,NULL,NULL),(496,NULL,NULL,NULL,NULL,NULL,NULL,NULL,NULL,NULL,NULL,NULL,NULL,NULL,NULL,NULL,'red',NULL,NULL,NULL,NULL,NULL,NULL,NULL,NULL,0.05,NULL,NULL,NULL,NULL,NULL,NULL,NULL,NULL,NULL,NULL,NULL,NULL,NULL,NULL,NULL,NULL,NULL,'',NULL,NULL,NULL,NULL,NULL,NULL),(497,NULL,NULL,NULL,NULL,NULL,NULL,NULL,NULL,NULL,NULL,NULL,NULL,NULL,NULL,NULL,NULL,NULL,NULL,NULL,NULL,NULL,NULL,NULL,NULL,0.05,NULL,NULL,NULL,NULL,NULL,NULL,NULL,NULL,NULL,NULL,NULL,NULL,NULL,NULL,NULL,NULL,NULL,NULL,NULL,NULL,NULL,NULL,NULL,NULL),(498,NULL,NULL,NULL,NULL,NULL,NULL,NULL,NULL,NULL,NULL,NULL,NULL,NULL,NULL,NULL,NULL,NULL,NULL,NULL,NULL,NULL,NULL,NULL,NULL,0.05,NULL,NULL,NULL,NULL,NULL,NULL,NULL,NULL,NULL,NULL,NULL,NULL,NULL,NULL,NULL,NULL,NULL,NULL,NULL,NULL,NULL,NULL,NULL,NULL),(502,NULL,NULL,NULL,NULL,NULL,NULL,NULL,NULL,NULL,NULL,NULL,NULL,NULL,NULL,NULL,NULL,NULL,NULL,NULL,NULL,NULL,'bold',NULL,NULL,NULL,NULL,NULL,NULL,NULL,NULL,NULL,NULL,NULL,NULL,NULL,NULL,NULL,NULL,NULL,NULL,NULL,NULL,NULL,NULL,NULL,NULL,NULL,NULL,NULL),(503,NULL,NULL,NULL,NULL,NULL,NULL,NULL,NULL,NULL,NULL,NULL,NULL,NULL,NULL,NULL,NULL,NULL,NULL,NULL,NULL,NULL,'bold',NULL,NULL,NULL,NULL,NULL,NULL,NULL,NULL,NULL,NULL,NULL,NULL,NULL,NULL,NULL,NULL,NULL,NULL,NULL,NULL,NULL,NULL,NULL,NULL,NULL,NULL,NULL),(504,NULL,NULL,NULL,NULL,NULL,NULL,NULL,NULL,NULL,NULL,NULL,NULL,NULL,NULL,NULL,NULL,NULL,NULL,NULL,NULL,NULL,'bold',NULL,NULL,NULL,NULL,NULL,NULL,NULL,NULL,NULL,NULL,NULL,NULL,NULL,NULL,NULL,NULL,NULL,NULL,NULL,NULL,NULL,NULL,NULL,NULL,NULL,NULL,NULL),(514,NULL,NULL,NULL,'',NULL,NULL,NULL,0,0,5,5,NULL,NULL,NULL,NULL,NULL,NULL,NULL,NULL,NULL,NULL,NULL,NULL,NULL,NULL,NULL,NULL,NULL,NULL,NULL,NULL,NULL,NULL,NULL,NULL,NULL,NULL,NULL,NULL,NULL,NULL,NULL,NULL,NULL,NULL,1,NULL,43,NULL),(515,NULL,NULL,NULL,'Product Name',NULL,NULL,NULL,0,0,0.7,5,NULL,NULL,NULL,NULL,NULL,NULL,NULL,NULL,NULL,NULL,NULL,NULL,NULL,NULL,NULL,NULL,NULL,NULL,NULL,NULL,NULL,NULL,NULL,NULL,NULL,NULL,NULL,NULL,NULL,NULL,NULL,NULL,NULL,NULL,NULL,NULL,NULL,514),(516,NULL,NULL,NULL,NULL,NULL,NULL,NULL,NULL,NULL,NULL,NULL,'red',NULL,NULL,NULL,NULL,NULL,NULL,NULL,'serif','26pt','bold',NULL,0.2,NULL,NULL,NULL,NULL,NULL,NULL,NULL,NULL,NULL,NULL,NULL,NULL,NULL,NULL,NULL,NULL,NULL,NULL,'center',NULL,NULL,NULL,NULL,NULL,NULL),(517,NULL,'Bactericidal Claims',NULL,'Marketing','C3',NULL,NULL,1.1,0,4,4.8,NULL,NULL,NULL,NULL,NULL,NULL,NULL,NULL,NULL,NULL,NULL,NULL,NULL,NULL,NULL,NULL,NULL,NULL,NULL,NULL,NULL,NULL,NULL,NULL,NULL,NULL,NULL,NULL,NULL,NULL,NULL,NULL,NULL,NULL,NULL,NULL,NULL,514),(518,NULL,NULL,NULL,NULL,NULL,NULL,NULL,NULL,NULL,NULL,NULL,'blue',NULL,NULL,NULL,NULL,NULL,NULL,NULL,NULL,'6pt',NULL,NULL,0.01,NULL,0.03,NULL,NULL,NULL,NULL,NULL,NULL,NULL,NULL,NULL,NULL,NULL,NULL,NULL,NULL,NULL,NULL,NULL,NULL,NULL,NULL,NULL,NULL,NULL),(519,NULL,NULL,NULL,NULL,NULL,NULL,NULL,NULL,NULL,NULL,NULL,'red',NULL,NULL,NULL,NULL,NULL,NULL,NULL,'serif','20pt','bold',NULL,NULL,NULL,NULL,NULL,NULL,NULL,NULL,NULL,NULL,NULL,NULL,NULL,NULL,NULL,NULL,NULL,NULL,NULL,NULL,'center',NULL,NULL,NULL,NULL,NULL,NULL),(520,NULL,NULL,NULL,NULL,NULL,NULL,NULL,NULL,NULL,NULL,NULL,NULL,NULL,NULL,NULL,'red',NULL,'solid',3,NULL,NULL,NULL,NULL,NULL,NULL,NULL,NULL,NULL,NULL,NULL,NULL,NULL,NULL,NULL,NULL,NULL,NULL,NULL,NULL,NULL,NULL,NULL,NULL,NULL,NULL,NULL,NULL,NULL,NULL),(521,NULL,NULL,NULL,'Graphic',NULL,NULL,'AlphaTechPetBase.jpg',5.5,0,1,5,NULL,NULL,NULL,NULL,NULL,NULL,NULL,NULL,NULL,NULL,NULL,NULL,NULL,NULL,NULL,NULL,NULL,NULL,NULL,NULL,NULL,NULL,NULL,NULL,NULL,NULL,NULL,NULL,NULL,NULL,NULL,NULL,NULL,NULL,2,NULL,43,NULL),(542,NULL,'Germicidal Detergent',NULL,'Marketing',NULL,NULL,NULL,0.7,0,0.3,5,NULL,NULL,NULL,NULL,NULL,NULL,NULL,NULL,NULL,NULL,NULL,NULL,NULL,NULL,NULL,NULL,NULL,NULL,NULL,NULL,NULL,NULL,NULL,NULL,NULL,NULL,NULL,NULL,NULL,NULL,NULL,NULL,NULL,NULL,NULL,NULL,NULL,514),(543,NULL,NULL,NULL,NULL,NULL,NULL,NULL,NULL,NULL,NULL,NULL,'red',NULL,NULL,NULL,NULL,NULL,NULL,NULL,'serif','20pt','bold',NULL,NULL,NULL,NULL,NULL,NULL,NULL,NULL,NULL,NULL,NULL,NULL,NULL,NULL,NULL,NULL,NULL,NULL,NULL,NULL,'center',NULL,NULL,NULL,NULL,NULL,NULL),(568,NULL,NULL,NULL,'Graphic',NULL,NULL,'KennelSolHeader.jpg',0,0.1,3,4.8,NULL,NULL,NULL,NULL,NULL,NULL,NULL,NULL,NULL,NULL,NULL,NULL,NULL,NULL,NULL,NULL,NULL,NULL,NULL,NULL,NULL,NULL,NULL,NULL,NULL,NULL,NULL,NULL,NULL,NULL,NULL,NULL,NULL,NULL,1,NULL,44,NULL),(569,NULL,NULL,NULL,NULL,NULL,NULL,NULL,3.5,0.1,3,4.8,NULL,NULL,NULL,NULL,NULL,NULL,NULL,NULL,NULL,NULL,NULL,NULL,NULL,NULL,NULL,NULL,NULL,NULL,NULL,NULL,NULL,NULL,NULL,NULL,NULL,NULL,NULL,NULL,NULL,NULL,NULL,NULL,NULL,NULL,2,NULL,44,NULL),(570,NULL,NULL,NULL,'Ingredients',NULL,NULL,NULL,0.2,0.2,1,4.4,NULL,NULL,NULL,NULL,NULL,NULL,NULL,NULL,NULL,NULL,NULL,NULL,0.2,NULL,0.05,0.05,NULL,NULL,NULL,NULL,NULL,NULL,NULL,NULL,NULL,NULL,NULL,NULL,NULL,NULL,NULL,NULL,NULL,NULL,NULL,NULL,NULL,569),(571,NULL,NULL,NULL,'HumanHazard',NULL,NULL,NULL,NULL,0.1,0.9,4.8,'red',NULL,NULL,NULL,NULL,NULL,NULL,NULL,NULL,'16pt',NULL,NULL,NULL,NULL,NULL,NULL,NULL,NULL,NULL,NULL,NULL,NULL,NULL,NULL,NULL,NULL,NULL,NULL,NULL,NULL,NULL,'center',NULL,NULL,NULL,NULL,NULL,569),(572,NULL,NULL,NULL,'NetContents',NULL,NULL,NULL,NULL,0.1,0.2,4.8,NULL,NULL,NULL,NULL,NULL,NULL,NULL,NULL,NULL,NULL,NULL,NULL,NULL,NULL,NULL,NULL,NULL,NULL,NULL,NULL,NULL,NULL,NULL,NULL,NULL,NULL,NULL,NULL,NULL,NULL,NULL,NULL,NULL,NULL,NULL,NULL,NULL,569),(573,NULL,NULL,NULL,'EPA_RegAndEstNbr',NULL,NULL,NULL,NULL,0.1,0.2,4.8,NULL,NULL,NULL,NULL,NULL,NULL,NULL,NULL,NULL,NULL,NULL,NULL,NULL,NULL,NULL,NULL,NULL,NULL,NULL,NULL,NULL,NULL,NULL,NULL,NULL,NULL,NULL,NULL,NULL,NULL,NULL,NULL,NULL,NULL,NULL,NULL,NULL,569),(574,NULL,NULL,NULL,NULL,NULL,NULL,NULL,NULL,NULL,NULL,NULL,NULL,NULL,NULL,NULL,NULL,NULL,'solid',1,NULL,NULL,NULL,NULL,NULL,NULL,NULL,NULL,NULL,NULL,NULL,NULL,NULL,NULL,NULL,NULL,NULL,NULL,NULL,NULL,NULL,NULL,NULL,NULL,NULL,NULL,NULL,NULL,NULL,NULL),(575,NULL,'Recommended Use',NULL,'Marketing',NULL,NULL,NULL,0,0,0.85,5,NULL,NULL,NULL,NULL,NULL,NULL,NULL,NULL,NULL,NULL,NULL,NULL,NULL,NULL,NULL,NULL,NULL,NULL,NULL,NULL,NULL,NULL,NULL,NULL,NULL,NULL,NULL,NULL,NULL,NULL,NULL,NULL,NULL,NULL,1,NULL,45,NULL),(576,NULL,NULL,NULL,NULL,NULL,NULL,NULL,NULL,NULL,NULL,NULL,NULL,NULL,NULL,NULL,NULL,NULL,NULL,NULL,NULL,NULL,NULL,NULL,NULL,0.05,NULL,NULL,NULL,NULL,NULL,NULL,NULL,NULL,NULL,NULL,NULL,NULL,NULL,NULL,NULL,NULL,NULL,NULL,NULL,NULL,NULL,NULL,NULL,NULL),(577,NULL,NULL,NULL,NULL,NULL,NULL,NULL,NULL,NULL,NULL,NULL,NULL,NULL,NULL,NULL,NULL,NULL,NULL,NULL,NULL,NULL,NULL,NULL,NULL,0.05,NULL,NULL,NULL,NULL,NULL,NULL,NULL,NULL,NULL,NULL,NULL,NULL,NULL,NULL,NULL,NULL,NULL,NULL,NULL,NULL,NULL,NULL,NULL,NULL),(578,NULL,NULL,NULL,NULL,NULL,NULL,NULL,NULL,NULL,NULL,NULL,NULL,NULL,NULL,NULL,NULL,NULL,NULL,NULL,NULL,NULL,NULL,NULL,NULL,0.05,NULL,NULL,NULL,NULL,NULL,NULL,NULL,NULL,NULL,NULL,NULL,NULL,NULL,NULL,NULL,NULL,NULL,NULL,NULL,NULL,NULL,NULL,NULL,NULL),(579,NULL,NULL,NULL,'DirectionsForUse',NULL,NULL,NULL,1.5,0,0.7,5,NULL,NULL,NULL,NULL,NULL,NULL,NULL,NULL,NULL,NULL,NULL,NULL,NULL,0.05,NULL,NULL,NULL,NULL,NULL,NULL,NULL,NULL,NULL,NULL,NULL,NULL,NULL,NULL,NULL,NULL,NULL,NULL,NULL,NULL,2,NULL,45,NULL),(580,NULL,NULL,NULL,NULL,NULL,NULL,NULL,NULL,NULL,NULL,NULL,NULL,NULL,NULL,NULL,NULL,NULL,NULL,NULL,NULL,NULL,NULL,NULL,NULL,0.05,NULL,NULL,NULL,NULL,NULL,NULL,NULL,NULL,NULL,NULL,NULL,NULL,NULL,NULL,NULL,NULL,NULL,NULL,NULL,NULL,NULL,NULL,NULL,NULL),(581,NULL,NULL,NULL,NULL,NULL,NULL,NULL,NULL,NULL,NULL,NULL,NULL,NULL,NULL,NULL,NULL,NULL,NULL,NULL,NULL,NULL,NULL,NULL,NULL,0.05,NULL,NULL,NULL,NULL,NULL,NULL,NULL,NULL,NULL,NULL,NULL,NULL,NULL,NULL,NULL,NULL,NULL,NULL,NULL,NULL,NULL,NULL,NULL,NULL),(582,NULL,NULL,NULL,NULL,NULL,NULL,NULL,NULL,NULL,NULL,NULL,NULL,NULL,NULL,NULL,'red',NULL,NULL,NULL,NULL,NULL,NULL,NULL,NULL,0.05,NULL,NULL,NULL,NULL,NULL,NULL,NULL,NULL,NULL,NULL,NULL,NULL,NULL,NULL,NULL,NULL,NULL,NULL,NULL,NULL,NULL,NULL,NULL,NULL),(583,NULL,NULL,NULL,'DirectionsForUse',NULL,'Y',NULL,0.1,0,4.5,5,NULL,NULL,NULL,NULL,NULL,NULL,NULL,NULL,NULL,NULL,NULL,NULL,NULL,NULL,NULL,NULL,NULL,NULL,NULL,NULL,NULL,NULL,NULL,NULL,NULL,NULL,NULL,NULL,NULL,NULL,NULL,NULL,NULL,NULL,1,NULL,46,NULL),(584,NULL,NULL,NULL,NULL,NULL,NULL,NULL,NULL,NULL,NULL,NULL,NULL,NULL,NULL,NULL,NULL,NULL,NULL,NULL,NULL,NULL,NULL,NULL,NULL,0.05,NULL,NULL,NULL,NULL,NULL,NULL,NULL,NULL,NULL,NULL,NULL,NULL,NULL,NULL,NULL,NULL,NULL,NULL,NULL,NULL,NULL,NULL,NULL,NULL),(585,NULL,NULL,NULL,NULL,NULL,NULL,NULL,NULL,NULL,NULL,NULL,NULL,NULL,NULL,NULL,NULL,NULL,NULL,NULL,NULL,NULL,NULL,NULL,NULL,0.05,NULL,NULL,NULL,NULL,NULL,NULL,NULL,NULL,NULL,NULL,NULL,NULL,NULL,NULL,NULL,NULL,NULL,NULL,NULL,NULL,NULL,NULL,NULL,NULL),(586,NULL,NULL,NULL,NULL,NULL,NULL,NULL,NULL,NULL,NULL,NULL,NULL,NULL,NULL,NULL,'red',NULL,NULL,NULL,NULL,NULL,NULL,NULL,NULL,0.05,NULL,NULL,NULL,NULL,NULL,NULL,NULL,NULL,NULL,NULL,NULL,NULL,NULL,NULL,NULL,NULL,NULL,NULL,NULL,NULL,NULL,NULL,NULL,NULL),(587,NULL,'Areas of Use',NULL,'Marketing',NULL,NULL,NULL,4.5,0,1.5,5,NULL,NULL,NULL,NULL,NULL,NULL,NULL,NULL,NULL,NULL,NULL,NULL,NULL,NULL,NULL,NULL,NULL,NULL,NULL,NULL,NULL,NULL,NULL,NULL,NULL,NULL,NULL,NULL,NULL,NULL,NULL,NULL,NULL,NULL,2,NULL,46,NULL),(588,NULL,NULL,NULL,NULL,NULL,NULL,NULL,NULL,NULL,NULL,NULL,NULL,NULL,NULL,NULL,NULL,NULL,NULL,NULL,NULL,NULL,NULL,NULL,NULL,0.05,NULL,NULL,NULL,NULL,NULL,NULL,NULL,NULL,NULL,NULL,NULL,NULL,NULL,NULL,NULL,NULL,NULL,NULL,NULL,NULL,NULL,NULL,NULL,NULL),(589,NULL,NULL,NULL,NULL,NULL,NULL,NULL,NULL,NULL,NULL,NULL,NULL,NULL,NULL,NULL,NULL,NULL,NULL,NULL,NULL,NULL,NULL,NULL,NULL,0.05,NULL,NULL,NULL,NULL,NULL,NULL,NULL,NULL,NULL,NULL,NULL,NULL,NULL,NULL,NULL,NULL,NULL,NULL,NULL,NULL,NULL,NULL,NULL,NULL),(590,NULL,NULL,NULL,NULL,NULL,NULL,NULL,NULL,NULL,NULL,NULL,NULL,NULL,NULL,NULL,NULL,NULL,NULL,NULL,NULL,NULL,NULL,NULL,NULL,0.05,NULL,NULL,NULL,NULL,NULL,NULL,NULL,NULL,NULL,NULL,NULL,NULL,NULL,NULL,NULL,NULL,NULL,NULL,NULL,NULL,NULL,NULL,NULL,NULL),(591,NULL,NULL,NULL,NULL,NULL,NULL,NULL,0,0,5,5,NULL,NULL,NULL,NULL,NULL,NULL,NULL,NULL,NULL,NULL,NULL,NULL,NULL,NULL,NULL,NULL,NULL,NULL,NULL,NULL,NULL,NULL,NULL,NULL,NULL,NULL,NULL,NULL,NULL,NULL,NULL,NULL,NULL,NULL,1,NULL,47,NULL),(592,NULL,NULL,NULL,'Product Name',NULL,NULL,NULL,0,0,0.7,5,NULL,NULL,NULL,NULL,NULL,NULL,NULL,NULL,NULL,NULL,NULL,NULL,NULL,NULL,NULL,NULL,NULL,NULL,NULL,NULL,NULL,NULL,NULL,NULL,NULL,NULL,NULL,NULL,NULL,NULL,NULL,NULL,NULL,NULL,NULL,NULL,NULL,591),(593,NULL,'Bactericidal Claims',NULL,'Marketing',NULL,NULL,NULL,1.1,0,4,4.8,NULL,NULL,NULL,NULL,NULL,NULL,NULL,NULL,NULL,NULL,NULL,NULL,NULL,NULL,NULL,NULL,NULL,NULL,NULL,NULL,NULL,NULL,NULL,NULL,NULL,NULL,NULL,NULL,NULL,NULL,NULL,NULL,NULL,NULL,NULL,NULL,NULL,591),(594,NULL,'Germicidal Detergent',NULL,'Marketing',NULL,NULL,NULL,0.7,0,0.3,5,NULL,NULL,NULL,NULL,NULL,NULL,NULL,NULL,NULL,NULL,NULL,NULL,NULL,NULL,NULL,NULL,NULL,NULL,NULL,NULL,NULL,NULL,NULL,NULL,NULL,NULL,NULL,NULL,NULL,NULL,NULL,NULL,NULL,NULL,NULL,NULL,NULL,591),(595,NULL,NULL,NULL,NULL,NULL,NULL,NULL,NULL,NULL,NULL,NULL,NULL,NULL,NULL,NULL,'red',NULL,'solid',3,NULL,NULL,NULL,NULL,NULL,NULL,NULL,NULL,NULL,NULL,NULL,NULL,NULL,NULL,NULL,NULL,NULL,NULL,NULL,NULL,NULL,NULL,NULL,NULL,NULL,NULL,NULL,NULL,NULL,NULL),(596,NULL,NULL,NULL,'Graphic',NULL,NULL,'AlphaTechPetBase.jpg',5.5,0,1,5,NULL,NULL,NULL,NULL,NULL,NULL,NULL,NULL,NULL,NULL,NULL,NULL,NULL,NULL,NULL,NULL,NULL,NULL,NULL,NULL,NULL,NULL,NULL,NULL,NULL,NULL,NULL,NULL,NULL,NULL,NULL,NULL,NULL,NULL,2,NULL,47,NULL),(597,'Tag597',NULL,'xxx','Graphic',NULL,NULL,'KennelSolHeader.jpg',0,0.14,3.36,4.72,'#ffffff',NULL,'#ffffff',NULL,'#ffffff',NULL,NULL,NULL,NULL,NULL,NULL,NULL,NULL,NULL,NULL,NULL,NULL,NULL,NULL,NULL,NULL,NULL,NULL,NULL,NULL,NULL,NULL,NULL,NULL,NULL,NULL,NULL,NULL,2,1,NULL,49,NULL),(598,'Tag598',NULL,NULL,NULL,NULL,NULL,NULL,3.5,0.1,3,4.8,NULL,NULL,NULL,NULL,NULL,NULL,NULL,NULL,NULL,NULL,NULL,NULL,NULL,NULL,NULL,NULL,NULL,NULL,NULL,NULL,NULL,NULL,NULL,NULL,NULL,NULL,NULL,NULL,NULL,NULL,NULL,NULL,NULL,2,2,NULL,49,NULL),(599,'Tag599',NULL,NULL,'Ingredients',NULL,NULL,NULL,0.2,0.2,1,4.4,'#ffffff',NULL,'#ffffff',NULL,'#ffffff',NULL,NULL,NULL,NULL,NULL,NULL,NULL,0.2,NULL,0.05,0.05,'Y',NULL,NULL,NULL,NULL,NULL,NULL,NULL,NULL,NULL,NULL,NULL,NULL,NULL,NULL,NULL,NULL,3,NULL,NULL,NULL,598),(600,'Tag600',NULL,NULL,'HumanHazard',NULL,NULL,NULL,1.23,0.09,0.85,4.59,'#ffffff',NULL,'#ffffff',NULL,'#ffffff',NULL,NULL,NULL,NULL,'16pt',NULL,NULL,NULL,NULL,NULL,NULL,NULL,NULL,NULL,NULL,NULL,NULL,NULL,NULL,NULL,NULL,NULL,NULL,NULL,NULL,NULL,'center',NULL,3,NULL,NULL,NULL,598),(601,'Tag601',NULL,NULL,'NetContents',NULL,NULL,NULL,2.1,0.1,0.2,4.8,NULL,NULL,NULL,NULL,NULL,NULL,NULL,NULL,NULL,NULL,NULL,NULL,NULL,NULL,NULL,NULL,NULL,NULL,NULL,NULL,NULL,NULL,NULL,NULL,NULL,NULL,NULL,NULL,NULL,NULL,NULL,NULL,NULL,3,NULL,NULL,NULL,598),(602,'Tag602',NULL,NULL,'EPA_RegAndEstNbr',NULL,NULL,NULL,2.3,0.1,0.2,4.8,NULL,NULL,NULL,NULL,NULL,NULL,NULL,NULL,NULL,NULL,NULL,NULL,NULL,NULL,NULL,NULL,NULL,NULL,NULL,NULL,NULL,NULL,NULL,NULL,NULL,NULL,NULL,NULL,NULL,NULL,NULL,NULL,NULL,3,NULL,NULL,NULL,598),(603,NULL,NULL,NULL,NULL,NULL,NULL,NULL,NULL,NULL,NULL,NULL,NULL,NULL,NULL,NULL,NULL,NULL,'solid',1,NULL,NULL,NULL,NULL,NULL,NULL,NULL,NULL,NULL,NULL,NULL,NULL,NULL,NULL,NULL,NULL,NULL,NULL,NULL,NULL,NULL,NULL,NULL,NULL,NULL,NULL,NULL,NULL,NULL,NULL),(620,'Tag620',NULL,NULL,NULL,NULL,NULL,NULL,0,0,5.2,5,'#ffffff',NULL,'#ffffff',NULL,'#ffffff',NULL,NULL,NULL,NULL,NULL,NULL,NULL,NULL,NULL,NULL,NULL,NULL,NULL,NULL,NULL,NULL,NULL,NULL,NULL,NULL,NULL,NULL,NULL,NULL,NULL,NULL,NULL,NULL,2,1,NULL,52,NULL),(621,'Tag621',NULL,NULL,'Product Name',NULL,NULL,NULL,0.05,0,0.4,5,NULL,NULL,NULL,NULL,NULL,NULL,NULL,NULL,NULL,NULL,NULL,NULL,NULL,NULL,NULL,NULL,NULL,NULL,NULL,NULL,NULL,NULL,NULL,NULL,NULL,NULL,NULL,NULL,NULL,NULL,NULL,NULL,NULL,3,NULL,NULL,NULL,620),(622,'Tag622','Bactericidal Claims',NULL,'Marketing','C2',NULL,NULL,1.75,0.1,2.56,4.86,'#ee1637','Y','#ffffff',NULL,'#132a95','Y',NULL,NULL,NULL,NULL,NULL,NULL,NULL,NULL,NULL,NULL,NULL,NULL,NULL,NULL,NULL,NULL,NULL,NULL,NULL,NULL,NULL,NULL,NULL,NULL,NULL,NULL,NULL,3,NULL,NULL,NULL,620),(623,'Tag623','Germicidal Detergent',NULL,'Marketing',NULL,NULL,NULL,0.5,0,0.3,5,NULL,NULL,NULL,NULL,NULL,NULL,NULL,NULL,NULL,NULL,NULL,NULL,NULL,NULL,NULL,NULL,NULL,NULL,NULL,NULL,NULL,NULL,NULL,NULL,NULL,NULL,NULL,NULL,NULL,NULL,NULL,NULL,NULL,3,NULL,NULL,NULL,620),(624,NULL,NULL,NULL,NULL,NULL,NULL,NULL,NULL,NULL,NULL,NULL,NULL,NULL,NULL,NULL,'red',NULL,'solid',2,NULL,NULL,NULL,NULL,NULL,NULL,NULL,NULL,NULL,NULL,NULL,NULL,NULL,NULL,NULL,NULL,NULL,NULL,NULL,NULL,NULL,NULL,NULL,NULL,NULL,NULL,NULL,NULL,NULL,NULL),(625,'Tag625',NULL,NULL,'Graphic',NULL,NULL,'AlphaTechPetBase.jpg',5.51,0,1.05,5.05,'#ffffff',NULL,'#ffffff',NULL,'#ffffff',NULL,NULL,NULL,NULL,NULL,NULL,NULL,NULL,NULL,NULL,NULL,NULL,NULL,NULL,NULL,NULL,NULL,NULL,NULL,NULL,NULL,NULL,NULL,NULL,NULL,NULL,NULL,NULL,2,2,NULL,52,NULL),(626,'Tag626',NULL,NULL,'DirectionsForUse',NULL,NULL,NULL,0.04,0.04,7.2,6.12,'#ffffff',NULL,'#ffffff',NULL,'#ffffff',NULL,NULL,NULL,NULL,NULL,NULL,NULL,NULL,NULL,NULL,NULL,NULL,NULL,NULL,NULL,NULL,NULL,NULL,NULL,NULL,NULL,NULL,NULL,NULL,NULL,NULL,NULL,NULL,2,1,NULL,53,NULL),(627,NULL,NULL,NULL,NULL,NULL,NULL,NULL,NULL,NULL,NULL,NULL,NULL,NULL,NULL,NULL,NULL,NULL,NULL,NULL,NULL,'8pt',NULL,NULL,0.05,NULL,NULL,NULL,NULL,NULL,NULL,NULL,NULL,NULL,NULL,NULL,NULL,NULL,NULL,NULL,NULL,NULL,NULL,NULL,NULL,NULL,NULL,NULL,NULL,NULL),(628,NULL,NULL,NULL,NULL,NULL,NULL,NULL,NULL,NULL,NULL,NULL,NULL,NULL,NULL,NULL,NULL,NULL,NULL,NULL,NULL,'8pt',NULL,NULL,0.05,NULL,NULL,NULL,NULL,NULL,NULL,NULL,NULL,NULL,NULL,NULL,NULL,NULL,NULL,NULL,NULL,NULL,NULL,NULL,NULL,NULL,NULL,NULL,NULL,NULL),(629,'Tag629','Multi-Purpose Detergent',NULL,'Marketing',NULL,NULL,NULL,0.96,0.07,0.4,4.8,'#ffffff',NULL,'#ffffff',NULL,'#ffffff',NULL,NULL,NULL,NULL,NULL,NULL,NULL,NULL,NULL,NULL,NULL,NULL,NULL,NULL,NULL,NULL,NULL,NULL,NULL,NULL,NULL,NULL,NULL,NULL,NULL,NULL,NULL,NULL,3,NULL,NULL,NULL,620),(630,'Tag630','For Use Areas Only',NULL,'Marketing',NULL,NULL,NULL,1.46,0.1,0.48,4.72,'#ffffff',NULL,'#ffffff',NULL,'#ffffff',NULL,NULL,NULL,NULL,NULL,NULL,NULL,NULL,NULL,NULL,NULL,NULL,NULL,NULL,NULL,NULL,NULL,NULL,NULL,NULL,NULL,NULL,NULL,NULL,NULL,NULL,NULL,NULL,3,NULL,NULL,NULL,620),(631,NULL,NULL,NULL,NULL,NULL,NULL,NULL,NULL,NULL,NULL,NULL,NULL,NULL,NULL,NULL,NULL,NULL,NULL,NULL,NULL,NULL,NULL,NULL,0.5,NULL,0.02,NULL,NULL,NULL,NULL,NULL,NULL,NULL,NULL,NULL,NULL,NULL,NULL,NULL,NULL,NULL,NULL,NULL,NULL,NULL,NULL,NULL,NULL,NULL),(632,NULL,NULL,NULL,NULL,NULL,NULL,NULL,NULL,NULL,NULL,NULL,'blue',NULL,NULL,NULL,NULL,NULL,NULL,NULL,NULL,NULL,NULL,NULL,NULL,NULL,NULL,NULL,NULL,NULL,NULL,NULL,NULL,NULL,NULL,NULL,NULL,NULL,NULL,NULL,NULL,NULL,NULL,NULL,NULL,NULL,NULL,NULL,NULL,NULL),(633,'Tag633','Fungicidal',NULL,'Marketing',NULL,NULL,NULL,4.5,0.1,0.4,4.8,NULL,NULL,NULL,NULL,NULL,NULL,NULL,NULL,NULL,NULL,NULL,NULL,NULL,NULL,NULL,NULL,NULL,NULL,NULL,NULL,NULL,NULL,NULL,NULL,NULL,NULL,NULL,NULL,NULL,NULL,NULL,NULL,NULL,3,NULL,NULL,NULL,620),(634,'Tag634','Virucidal',NULL,'Marketing',NULL,NULL,NULL,4.85,0.1,0.8,4.8,'#ffffff',NULL,'#ffffff',NULL,'#ffffff',NULL,NULL,NULL,NULL,NULL,NULL,NULL,NULL,NULL,NULL,NULL,NULL,NULL,NULL,NULL,NULL,NULL,NULL,NULL,NULL,NULL,NULL,NULL,NULL,NULL,NULL,NULL,NULL,3,NULL,NULL,NULL,620),(650,NULL,NULL,NULL,NULL,NULL,NULL,NULL,NULL,NULL,NULL,NULL,NULL,NULL,NULL,NULL,NULL,NULL,NULL,NULL,NULL,NULL,NULL,NULL,NULL,0.05,NULL,NULL,NULL,NULL,NULL,NULL,NULL,NULL,NULL,NULL,NULL,NULL,NULL,NULL,NULL,NULL,NULL,NULL,NULL,NULL,NULL,NULL,NULL,NULL),(651,NULL,NULL,NULL,NULL,NULL,NULL,NULL,NULL,NULL,NULL,NULL,NULL,NULL,NULL,NULL,NULL,NULL,NULL,NULL,NULL,NULL,NULL,NULL,0.05,NULL,NULL,NULL,NULL,NULL,NULL,NULL,NULL,NULL,NULL,NULL,NULL,NULL,NULL,NULL,NULL,NULL,NULL,NULL,NULL,NULL,NULL,NULL,NULL,NULL),(652,NULL,NULL,NULL,NULL,NULL,NULL,NULL,NULL,NULL,NULL,NULL,NULL,NULL,NULL,NULL,NULL,NULL,NULL,NULL,NULL,'16pt','bold',NULL,NULL,NULL,NULL,NULL,NULL,NULL,NULL,NULL,NULL,NULL,NULL,NULL,NULL,NULL,NULL,NULL,NULL,NULL,NULL,'center',NULL,NULL,NULL,NULL,NULL,NULL),(653,NULL,NULL,NULL,NULL,NULL,NULL,NULL,NULL,NULL,NULL,NULL,NULL,NULL,NULL,NULL,NULL,NULL,NULL,NULL,NULL,'20pt','bold',NULL,NULL,NULL,NULL,NULL,NULL,NULL,NULL,NULL,NULL,NULL,NULL,NULL,NULL,NULL,NULL,NULL,NULL,NULL,NULL,'center',NULL,NULL,NULL,NULL,NULL,NULL),(654,NULL,NULL,NULL,NULL,NULL,NULL,NULL,NULL,NULL,NULL,NULL,NULL,NULL,NULL,NULL,NULL,NULL,NULL,NULL,NULL,'10pt',NULL,NULL,NULL,NULL,NULL,NULL,NULL,NULL,NULL,NULL,NULL,NULL,NULL,NULL,NULL,NULL,NULL,NULL,NULL,NULL,NULL,'center',NULL,NULL,NULL,NULL,NULL,NULL),(655,NULL,NULL,NULL,NULL,NULL,NULL,NULL,NULL,NULL,NULL,NULL,NULL,NULL,NULL,NULL,NULL,NULL,NULL,NULL,NULL,NULL,NULL,NULL,NULL,NULL,NULL,NULL,NULL,NULL,NULL,NULL,NULL,NULL,NULL,NULL,NULL,NULL,NULL,NULL,NULL,NULL,NULL,'center',NULL,NULL,NULL,NULL,NULL,NULL),(656,NULL,NULL,NULL,NULL,NULL,NULL,NULL,NULL,NULL,NULL,NULL,NULL,NULL,NULL,NULL,NULL,NULL,NULL,NULL,NULL,NULL,NULL,NULL,NULL,NULL,NULL,NULL,NULL,NULL,NULL,NULL,NULL,NULL,NULL,NULL,NULL,NULL,NULL,NULL,NULL,NULL,NULL,'center',NULL,NULL,NULL,NULL,NULL,NULL),(657,NULL,NULL,NULL,NULL,NULL,NULL,NULL,NULL,NULL,NULL,NULL,'red',NULL,NULL,NULL,NULL,NULL,NULL,NULL,'serif','26pt','bold',NULL,NULL,NULL,NULL,NULL,NULL,NULL,NULL,NULL,NULL,NULL,NULL,NULL,NULL,NULL,NULL,NULL,NULL,NULL,NULL,'center',NULL,NULL,NULL,NULL,NULL,NULL),(658,NULL,NULL,NULL,NULL,NULL,NULL,NULL,NULL,NULL,NULL,NULL,'red',NULL,NULL,NULL,NULL,NULL,NULL,NULL,'serif','20pt','bold',NULL,NULL,NULL,NULL,NULL,NULL,NULL,NULL,NULL,NULL,NULL,NULL,NULL,NULL,NULL,NULL,NULL,NULL,NULL,NULL,'center',NULL,NULL,NULL,NULL,NULL,NULL),(659,'Tag659',NULL,NULL,NULL,NULL,NULL,NULL,0,0,2.8,16.56,NULL,NULL,NULL,NULL,NULL,NULL,NULL,NULL,NULL,NULL,NULL,NULL,NULL,NULL,NULL,NULL,NULL,NULL,NULL,NULL,NULL,NULL,NULL,NULL,NULL,NULL,NULL,NULL,NULL,NULL,NULL,NULL,NULL,2,1,NULL,50,NULL),(660,'Tag660',NULL,NULL,'StorageDisposal',NULL,NULL,NULL,0.1,0.2,2.5,3.8,NULL,NULL,NULL,NULL,NULL,NULL,NULL,NULL,NULL,NULL,NULL,NULL,NULL,NULL,NULL,NULL,NULL,NULL,NULL,NULL,NULL,NULL,NULL,NULL,NULL,NULL,NULL,NULL,NULL,NULL,NULL,NULL,NULL,3,NULL,NULL,NULL,659),(661,NULL,NULL,NULL,NULL,NULL,NULL,NULL,NULL,NULL,NULL,NULL,NULL,NULL,NULL,NULL,NULL,NULL,NULL,NULL,NULL,NULL,NULL,NULL,0.04,NULL,NULL,NULL,NULL,NULL,NULL,NULL,NULL,NULL,NULL,NULL,NULL,NULL,NULL,NULL,NULL,NULL,NULL,'center',NULL,NULL,NULL,NULL,NULL,NULL),(662,NULL,NULL,NULL,NULL,NULL,NULL,NULL,NULL,NULL,NULL,NULL,NULL,NULL,NULL,NULL,NULL,NULL,NULL,NULL,NULL,'9pt',NULL,NULL,0.01,NULL,NULL,NULL,NULL,NULL,NULL,NULL,NULL,NULL,NULL,NULL,NULL,NULL,NULL,NULL,NULL,NULL,NULL,NULL,NULL,NULL,NULL,NULL,NULL,NULL),(663,'Tag663',NULL,NULL,'StorageDisposal',NULL,'Y',NULL,0.1,4.3,2,3.8,NULL,NULL,NULL,NULL,NULL,NULL,NULL,NULL,NULL,NULL,NULL,NULL,NULL,NULL,NULL,NULL,NULL,NULL,NULL,NULL,NULL,NULL,NULL,NULL,NULL,NULL,NULL,NULL,NULL,NULL,NULL,NULL,NULL,3,NULL,NULL,NULL,659),(664,NULL,NULL,NULL,NULL,NULL,NULL,NULL,NULL,NULL,NULL,NULL,NULL,NULL,NULL,NULL,NULL,NULL,NULL,NULL,NULL,NULL,NULL,NULL,0.04,NULL,NULL,NULL,NULL,NULL,NULL,NULL,NULL,NULL,NULL,NULL,NULL,NULL,NULL,NULL,NULL,NULL,NULL,NULL,NULL,NULL,NULL,NULL,NULL,NULL),(665,'Tag665',NULL,NULL,'Precautionary',NULL,'Y',NULL,0.1,8.4,0.2,3.8,NULL,NULL,NULL,NULL,NULL,NULL,NULL,NULL,NULL,NULL,NULL,NULL,NULL,NULL,NULL,NULL,NULL,NULL,NULL,NULL,NULL,NULL,NULL,NULL,NULL,NULL,NULL,NULL,NULL,NULL,NULL,NULL,NULL,3,NULL,NULL,NULL,659),(666,'Tag666',NULL,NULL,'FirstAid',NULL,'Y',NULL,0.1,12.5,1,3.8,NULL,NULL,NULL,NULL,NULL,NULL,NULL,NULL,NULL,NULL,NULL,NULL,NULL,NULL,NULL,NULL,NULL,NULL,NULL,NULL,NULL,NULL,NULL,NULL,NULL,NULL,NULL,NULL,NULL,NULL,NULL,NULL,NULL,3,NULL,NULL,NULL,659),(667,'Tag667',NULL,NULL,'FirstAid',NULL,NULL,NULL,0.3,8.4,1.5,3.8,NULL,NULL,NULL,NULL,NULL,NULL,NULL,NULL,NULL,NULL,NULL,NULL,NULL,NULL,NULL,NULL,NULL,NULL,NULL,NULL,NULL,NULL,NULL,NULL,NULL,NULL,NULL,NULL,NULL,NULL,NULL,NULL,NULL,3,NULL,NULL,NULL,659),(668,'Tag668',NULL,NULL,'PhysicalHazard',NULL,NULL,NULL,0.8,12.5,1.5,3.8,NULL,NULL,NULL,NULL,NULL,NULL,NULL,NULL,NULL,NULL,NULL,NULL,NULL,NULL,NULL,NULL,NULL,NULL,NULL,NULL,NULL,NULL,NULL,NULL,NULL,NULL,NULL,NULL,NULL,NULL,NULL,NULL,NULL,3,NULL,NULL,NULL,659),(669,'Tag669',NULL,NULL,'Precautionary',NULL,NULL,NULL,1.8,4.3,1,3.8,NULL,NULL,NULL,NULL,NULL,NULL,NULL,NULL,NULL,NULL,NULL,NULL,NULL,NULL,NULL,NULL,NULL,NULL,NULL,NULL,NULL,NULL,NULL,NULL,NULL,NULL,NULL,NULL,NULL,NULL,NULL,NULL,NULL,3,NULL,NULL,NULL,659),(670,NULL,NULL,NULL,NULL,NULL,NULL,NULL,NULL,NULL,NULL,NULL,NULL,NULL,NULL,NULL,NULL,NULL,'solid',2,NULL,NULL,NULL,NULL,NULL,NULL,NULL,NULL,NULL,NULL,NULL,NULL,NULL,NULL,NULL,NULL,NULL,NULL,NULL,NULL,NULL,NULL,NULL,NULL,NULL,NULL,NULL,NULL,NULL,NULL),(671,NULL,NULL,NULL,NULL,NULL,NULL,NULL,NULL,NULL,NULL,NULL,NULL,NULL,NULL,NULL,NULL,NULL,NULL,NULL,NULL,NULL,NULL,NULL,NULL,0.05,NULL,NULL,NULL,NULL,NULL,NULL,NULL,NULL,NULL,NULL,NULL,NULL,NULL,NULL,NULL,NULL,NULL,NULL,NULL,NULL,NULL,NULL,NULL,NULL),(672,NULL,NULL,NULL,NULL,NULL,NULL,NULL,NULL,NULL,NULL,NULL,NULL,NULL,NULL,NULL,NULL,NULL,NULL,NULL,NULL,NULL,NULL,NULL,NULL,0.05,NULL,NULL,NULL,NULL,NULL,NULL,NULL,NULL,NULL,NULL,NULL,NULL,NULL,NULL,NULL,NULL,NULL,NULL,NULL,NULL,NULL,NULL,NULL,NULL),(673,NULL,NULL,NULL,NULL,NULL,NULL,NULL,NULL,NULL,NULL,NULL,NULL,NULL,NULL,NULL,'red',NULL,NULL,NULL,NULL,NULL,NULL,NULL,NULL,0.05,NULL,NULL,NULL,NULL,NULL,NULL,NULL,NULL,NULL,NULL,NULL,NULL,NULL,NULL,NULL,NULL,NULL,NULL,NULL,NULL,NULL,NULL,NULL,NULL),(674,NULL,NULL,NULL,NULL,NULL,NULL,NULL,NULL,NULL,NULL,NULL,NULL,NULL,NULL,NULL,NULL,NULL,NULL,NULL,NULL,NULL,NULL,NULL,0.03,NULL,NULL,NULL,NULL,NULL,NULL,NULL,NULL,NULL,NULL,NULL,NULL,NULL,NULL,NULL,NULL,NULL,NULL,NULL,NULL,NULL,NULL,NULL,NULL,NULL),(675,NULL,NULL,NULL,NULL,NULL,NULL,NULL,NULL,NULL,NULL,NULL,NULL,NULL,NULL,NULL,NULL,NULL,NULL,NULL,NULL,NULL,NULL,NULL,0.03,NULL,NULL,NULL,NULL,NULL,NULL,NULL,NULL,NULL,NULL,NULL,NULL,NULL,NULL,NULL,NULL,NULL,NULL,NULL,NULL,NULL,NULL,NULL,NULL,NULL),(676,NULL,NULL,NULL,NULL,NULL,NULL,NULL,NULL,NULL,NULL,NULL,NULL,NULL,NULL,NULL,NULL,NULL,NULL,NULL,NULL,NULL,NULL,NULL,NULL,NULL,NULL,NULL,NULL,NULL,NULL,NULL,NULL,NULL,NULL,NULL,NULL,NULL,NULL,NULL,NULL,'CF','Y','',NULL,NULL,NULL,NULL,NULL,NULL),(677,NULL,NULL,NULL,NULL,NULL,NULL,NULL,NULL,NULL,NULL,NULL,NULL,NULL,NULL,NULL,NULL,NULL,NULL,NULL,NULL,NULL,NULL,NULL,NULL,NULL,NULL,NULL,NULL,NULL,NULL,NULL,NULL,NULL,NULL,NULL,NULL,NULL,NULL,NULL,NULL,NULL,'Y','center',NULL,NULL,NULL,NULL,NULL,NULL),(678,NULL,NULL,NULL,NULL,NULL,NULL,NULL,NULL,NULL,NULL,NULL,NULL,NULL,NULL,NULL,NULL,NULL,NULL,NULL,NULL,NULL,NULL,NULL,0.06,NULL,NULL,NULL,NULL,NULL,NULL,NULL,NULL,NULL,NULL,NULL,NULL,NULL,NULL,NULL,NULL,NULL,NULL,NULL,NULL,NULL,NULL,NULL,NULL,NULL),(679,NULL,NULL,NULL,NULL,NULL,NULL,NULL,NULL,NULL,NULL,NULL,NULL,NULL,NULL,NULL,NULL,NULL,NULL,NULL,NULL,NULL,NULL,NULL,0.03,NULL,NULL,NULL,NULL,NULL,NULL,NULL,NULL,NULL,NULL,NULL,NULL,NULL,NULL,NULL,NULL,NULL,NULL,NULL,NULL,NULL,NULL,NULL,NULL,NULL),(700,'Tag670',NULL,NULL,NULL,NULL,NULL,NULL,0.19,0.11,6.9,5.91,'#ffffff',NULL,'#ffffff',NULL,'#ffffff',NULL,NULL,NULL,NULL,NULL,NULL,NULL,NULL,NULL,NULL,NULL,NULL,NULL,NULL,NULL,NULL,NULL,NULL,NULL,NULL,NULL,NULL,NULL,NULL,NULL,NULL,NULL,NULL,3,NULL,NULL,NULL,626);
/*!40000 ALTER TABLE `lld_block` ENABLE KEYS */;
UNLOCK TABLES;

--
-- Table structure for table `lld_page`
--

DROP TABLE IF EXISTS `lld_page`;
/*!40101 SET @saved_cs_client     = @@character_set_client */;
/*!40101 SET character_set_client = utf8 */;
CREATE TABLE `lld_page` (
  `ID` int(11) NOT NULL,
  `TAG` varchar(64) DEFAULT NULL,
  `NAME` varchar(128) DEFAULT NULL,
  `HEIGHT` double DEFAULT NULL,
  `WIDTH` double DEFAULT NULL,
  `PAGENBR` int(11) DEFAULT NULL,
  `DEPTH` int(11) DEFAULT NULL,
  `FK_ID_LLD` int(11) DEFAULT NULL,
  `FK_ID_SPLD_LLD` int(11) DEFAULT NULL,
  UNIQUE KEY `ULLD_PAGE_ID_96540` (`ID`),
  UNIQUE KEY `ULLD_PAGE_ID_624680` (`ID`),
  KEY `LLD_PAGE_FK_ID_LLD_102960` (`FK_ID_LLD`),
  KEY `LLD_PAGE_FK_ID_SPLD_LLD_102970` (`FK_ID_SPLD_LLD`),
  KEY `LLD_PAGE_FK_ID_LLD_631960` (`FK_ID_LLD`),
  KEY `LLD_PAGE_FK_ID_SPLD_LLD_631970` (`FK_ID_SPLD_LLD`)
) ENGINE=InnoDB DEFAULT CHARSET=utf8;
/*!40101 SET character_set_client = @saved_cs_client */;

--
-- Dumping data for table `lld_page`
--

LOCK TABLES `lld_page` WRITE;
/*!40000 ALTER TABLE `lld_page` DISABLE KEYS */;
INSERT INTO `lld_page` VALUES (9,NULL,NULL,NULL,NULL,NULL,NULL,5,NULL),(10,NULL,NULL,NULL,NULL,NULL,NULL,NULL,5),(14,NULL,NULL,NULL,NULL,NULL,NULL,7,NULL),(15,NULL,NULL,9.5,24.8,NULL,NULL,NULL,8),(16,NULL,NULL,NULL,NULL,NULL,NULL,8,NULL),(18,'page1',NULL,14.6,19.6,1,0,NULL,10),(19,'page2',NULL,NULL,NULL,2,0,NULL,10),(20,'page3',NULL,NULL,NULL,3,0,NULL,10),(21,'page4',NULL,NULL,NULL,4,0,NULL,10),(22,'page5',NULL,NULL,NULL,5,0,NULL,10),(23,'page6',NULL,NULL,NULL,6,0,NULL,10),(24,'page7',NULL,NULL,NULL,7,0,NULL,10),(25,'page8',NULL,NULL,NULL,8,0,NULL,10),(26,'page9',NULL,14,19,9,0,NULL,10);
/*!40000 ALTER TABLE `lld_page` ENABLE KEYS */;
UNLOCK TABLES;

--
-- Table structure for table `lld_panel`
--

DROP TABLE IF EXISTS `lld_panel`;
/*!40101 SET @saved_cs_client     = @@character_set_client */;
/*!40101 SET character_set_client = utf8 */;
CREATE TABLE `lld_panel` (
  `ID` int(11) NOT NULL,
  `TAG` varchar(64) DEFAULT NULL,
  `NAME` varchar(128) DEFAULT NULL,
  `PANELNUMBER` int(11) DEFAULT NULL,
  `LLD_SECTIONTYPE` varchar(20) DEFAULT NULL,
  `LLD_COLUMNLISTTYPE` tinytext,
  `CONTINUATIONBLOCKFLAG` varchar(1) DEFAULT NULL,
  `IMAGENAME` varchar(254) DEFAULT NULL,
  `z_TOP` double DEFAULT NULL,
  `z_LEFT` double DEFAULT NULL,
  `HEIGHT` double DEFAULT NULL,
  `WIDTH` double DEFAULT NULL,
  `TEXTCOLOR` varchar(20) DEFAULT NULL,
  `TEXTCOLOROVERRIDE` varchar(1) DEFAULT NULL,
  `BACKGROUNDCOLOR` varchar(20) DEFAULT NULL,
  `BACKGROUNDCOLOROVERRIDE` varchar(1) DEFAULT NULL,
  `BORDERCOLOR` varchar(20) DEFAULT NULL,
  `BORDERCOLOROVERRIDE` varchar(1) DEFAULT NULL,
  `BORDERSTYLE` varchar(20) DEFAULT NULL,
  `BORDERWIDTH` double DEFAULT NULL,
  `FONTFAMILY` varchar(20) DEFAULT NULL,
  `FONTSIZE` varchar(20) DEFAULT NULL,
  `FONTWEIGHT` varchar(20) DEFAULT NULL,
  `MARGIN` double DEFAULT NULL,
  `MARGINTOP` double DEFAULT NULL,
  `MARGINBOTTOM` double DEFAULT NULL,
  `MARGINLEFT` double DEFAULT NULL,
  `MARGINRIGHT` double DEFAULT NULL,
  `MARGINOVERRIDE` varchar(1) DEFAULT NULL,
  `BORDER` double DEFAULT NULL,
  `BORDERTOP` double DEFAULT NULL,
  `BORDERBOTTOM` double DEFAULT NULL,
  `BORDERLEFT` double DEFAULT NULL,
  `BORDERRIGHT` double DEFAULT NULL,
  `BORDEROVERRIDE` varchar(1) DEFAULT NULL,
  `PADDING` double DEFAULT NULL,
  `PADDINGTOP` double DEFAULT NULL,
  `PADDINGBOTTOM` double DEFAULT NULL,
  `PADDINGLEFT` double DEFAULT NULL,
  `PADDINGRIGHT` double DEFAULT NULL,
  `PADDINGOVERRIDE` varchar(1) DEFAULT NULL,
  `TITLEPOSITION` varchar(5) DEFAULT NULL,
  `CAPITALIZETITLETEXTFLAG` tinytext,
  `TEXTALIGN` varchar(20) DEFAULT NULL,
  `TEXTLINEHEIGHT` double DEFAULT NULL,
  `BLOCKTITLE` varchar(254) DEFAULT NULL,
  `DEPTH` int(11) DEFAULT NULL,
  `FK_ID_LLD_PAGE` int(11) NOT NULL,
  UNIQUE KEY `ULLD_PANEL_ID_96590` (`ID`),
  UNIQUE KEY `ULLD_PANEL_ID_624770` (`ID`),
  KEY `LLD_PANEL_FK_ID_LLD_PAGE_10295` (`FK_ID_LLD_PAGE`),
  KEY `LLD_PANEL_FK_ID_LLD_PAGE_631950` (`FK_ID_LLD_PAGE`)
) ENGINE=InnoDB DEFAULT CHARSET=utf8;
/*!40101 SET character_set_client = @saved_cs_client */;

--
-- Dumping data for table `lld_panel`
--

LOCK TABLES `lld_panel` WRITE;
/*!40000 ALTER TABLE `lld_panel` DISABLE KEYS */;
INSERT INTO `lld_panel` VALUES (18,NULL,NULL,NULL,NULL,NULL,NULL,NULL,0,0,8,5,NULL,NULL,NULL,NULL,NULL,NULL,NULL,NULL,NULL,NULL,NULL,NULL,NULL,NULL,NULL,NULL,NULL,NULL,NULL,NULL,NULL,NULL,NULL,NULL,NULL,NULL,NULL,NULL,NULL,NULL,NULL,NULL,NULL,NULL,NULL,9),(19,NULL,NULL,NULL,NULL,NULL,NULL,NULL,0,5,8,5,NULL,NULL,NULL,NULL,NULL,NULL,NULL,NULL,NULL,NULL,NULL,NULL,NULL,NULL,NULL,NULL,NULL,NULL,NULL,NULL,NULL,NULL,NULL,NULL,NULL,NULL,NULL,NULL,NULL,NULL,NULL,NULL,NULL,NULL,NULL,9),(20,NULL,NULL,NULL,NULL,NULL,NULL,NULL,0,10,8,5,NULL,NULL,NULL,NULL,NULL,NULL,NULL,NULL,NULL,NULL,NULL,NULL,NULL,NULL,NULL,NULL,NULL,NULL,NULL,NULL,NULL,NULL,NULL,NULL,NULL,NULL,NULL,NULL,NULL,NULL,NULL,NULL,NULL,NULL,NULL,9),(21,NULL,NULL,NULL,NULL,NULL,NULL,NULL,8,0,3,15,NULL,NULL,NULL,NULL,NULL,NULL,NULL,NULL,NULL,NULL,NULL,NULL,NULL,NULL,NULL,NULL,NULL,NULL,NULL,NULL,NULL,NULL,NULL,NULL,NULL,NULL,NULL,NULL,NULL,NULL,NULL,NULL,NULL,NULL,NULL,9),(22,NULL,NULL,NULL,NULL,NULL,NULL,NULL,0,0,8,5,NULL,NULL,NULL,NULL,NULL,NULL,NULL,NULL,NULL,NULL,NULL,NULL,NULL,NULL,NULL,NULL,NULL,NULL,NULL,NULL,NULL,NULL,NULL,NULL,NULL,NULL,NULL,NULL,NULL,NULL,NULL,NULL,NULL,NULL,NULL,10),(23,NULL,NULL,NULL,NULL,NULL,NULL,NULL,0,5,8,5,NULL,NULL,NULL,NULL,NULL,NULL,NULL,NULL,NULL,NULL,NULL,NULL,NULL,NULL,NULL,NULL,NULL,NULL,NULL,NULL,NULL,NULL,NULL,NULL,NULL,NULL,NULL,NULL,NULL,NULL,NULL,NULL,NULL,NULL,NULL,10),(24,NULL,NULL,NULL,NULL,NULL,NULL,NULL,0,15,8,5,NULL,NULL,NULL,NULL,NULL,NULL,NULL,NULL,NULL,NULL,NULL,NULL,NULL,NULL,NULL,NULL,NULL,NULL,NULL,NULL,NULL,NULL,NULL,NULL,NULL,NULL,NULL,NULL,NULL,NULL,NULL,NULL,NULL,NULL,NULL,10),(26,NULL,NULL,NULL,NULL,NULL,NULL,NULL,0,10,8,5,NULL,NULL,NULL,NULL,NULL,NULL,NULL,NULL,NULL,NULL,NULL,NULL,NULL,NULL,NULL,NULL,NULL,NULL,NULL,NULL,NULL,NULL,NULL,NULL,NULL,NULL,NULL,NULL,NULL,NULL,NULL,NULL,NULL,NULL,NULL,10),(36,NULL,NULL,NULL,NULL,NULL,NULL,NULL,0,0,8,5,NULL,NULL,NULL,NULL,NULL,NULL,NULL,NULL,NULL,NULL,NULL,NULL,NULL,NULL,NULL,NULL,NULL,NULL,NULL,NULL,NULL,NULL,NULL,NULL,NULL,NULL,NULL,NULL,NULL,NULL,NULL,NULL,NULL,NULL,NULL,14),(37,NULL,NULL,NULL,NULL,NULL,NULL,NULL,0,5,8,5,NULL,NULL,NULL,NULL,NULL,NULL,NULL,NULL,NULL,NULL,NULL,NULL,NULL,NULL,NULL,NULL,NULL,NULL,NULL,NULL,NULL,NULL,NULL,NULL,NULL,NULL,NULL,NULL,NULL,NULL,NULL,NULL,NULL,NULL,NULL,14),(38,NULL,NULL,NULL,NULL,NULL,NULL,NULL,0,10,8,5,NULL,NULL,NULL,NULL,NULL,NULL,NULL,NULL,NULL,NULL,NULL,NULL,NULL,NULL,NULL,NULL,NULL,NULL,NULL,NULL,NULL,NULL,NULL,NULL,NULL,NULL,NULL,NULL,NULL,NULL,NULL,NULL,NULL,NULL,NULL,14),(39,NULL,NULL,NULL,NULL,NULL,NULL,NULL,0,15,8,5,NULL,NULL,NULL,NULL,NULL,NULL,NULL,NULL,NULL,NULL,NULL,NULL,NULL,NULL,NULL,NULL,NULL,NULL,NULL,NULL,NULL,NULL,NULL,NULL,NULL,NULL,NULL,NULL,NULL,NULL,NULL,NULL,NULL,NULL,NULL,14),(40,NULL,NULL,NULL,NULL,NULL,NULL,NULL,1,1,7,5,NULL,NULL,NULL,NULL,NULL,NULL,NULL,NULL,NULL,NULL,NULL,NULL,NULL,NULL,NULL,NULL,NULL,NULL,NULL,NULL,NULL,NULL,NULL,NULL,NULL,NULL,NULL,NULL,NULL,NULL,NULL,NULL,NULL,NULL,NULL,15),(41,NULL,NULL,NULL,NULL,NULL,NULL,NULL,1,6.75,7,5,NULL,NULL,NULL,NULL,NULL,NULL,NULL,NULL,NULL,NULL,NULL,NULL,NULL,NULL,NULL,NULL,NULL,NULL,NULL,NULL,NULL,NULL,NULL,NULL,NULL,NULL,NULL,NULL,NULL,NULL,NULL,NULL,NULL,NULL,NULL,15),(42,NULL,NULL,NULL,NULL,NULL,NULL,NULL,1,12.5,7,5,NULL,NULL,NULL,NULL,NULL,NULL,NULL,NULL,NULL,NULL,NULL,NULL,NULL,NULL,NULL,NULL,NULL,NULL,NULL,NULL,NULL,NULL,NULL,NULL,NULL,NULL,NULL,NULL,NULL,NULL,NULL,NULL,NULL,NULL,NULL,15),(43,NULL,NULL,NULL,NULL,NULL,NULL,NULL,1,18.25,7,5,NULL,NULL,NULL,NULL,NULL,NULL,NULL,NULL,NULL,NULL,NULL,NULL,NULL,NULL,NULL,NULL,NULL,NULL,NULL,NULL,NULL,NULL,NULL,NULL,NULL,NULL,NULL,NULL,NULL,NULL,NULL,NULL,NULL,NULL,NULL,15),(44,NULL,NULL,NULL,NULL,NULL,NULL,NULL,0,0,7,5,NULL,NULL,NULL,NULL,NULL,NULL,NULL,NULL,NULL,NULL,NULL,NULL,NULL,NULL,NULL,NULL,NULL,NULL,NULL,NULL,NULL,NULL,NULL,NULL,NULL,NULL,NULL,NULL,NULL,NULL,NULL,NULL,NULL,NULL,NULL,16),(45,NULL,NULL,NULL,NULL,NULL,NULL,NULL,0,5,7,5,NULL,NULL,NULL,NULL,NULL,NULL,NULL,NULL,NULL,NULL,NULL,NULL,NULL,NULL,NULL,NULL,NULL,NULL,NULL,NULL,NULL,NULL,NULL,NULL,NULL,NULL,NULL,NULL,NULL,NULL,NULL,NULL,NULL,NULL,NULL,16),(46,NULL,NULL,NULL,NULL,NULL,NULL,NULL,0,10,7,5,NULL,NULL,NULL,NULL,NULL,NULL,NULL,NULL,NULL,NULL,NULL,NULL,NULL,NULL,NULL,NULL,NULL,NULL,NULL,NULL,NULL,NULL,NULL,NULL,NULL,NULL,NULL,NULL,NULL,NULL,NULL,NULL,NULL,NULL,NULL,16),(47,NULL,NULL,NULL,NULL,NULL,NULL,NULL,0,15,7,5,NULL,NULL,NULL,NULL,NULL,NULL,NULL,NULL,NULL,NULL,NULL,NULL,NULL,NULL,NULL,NULL,NULL,NULL,NULL,NULL,NULL,NULL,NULL,NULL,NULL,NULL,NULL,NULL,NULL,NULL,NULL,NULL,NULL,NULL,NULL,16),(49,'Tag49',NULL,NULL,NULL,NULL,NULL,NULL,1.02,6.99,6.88,5.1,'#ffffff',NULL,'#ffffff',NULL,'#ffffff',NULL,NULL,NULL,NULL,NULL,NULL,NULL,NULL,NULL,NULL,NULL,NULL,NULL,NULL,NULL,NULL,NULL,NULL,NULL,NULL,NULL,NULL,NULL,NULL,NULL,NULL,NULL,NULL,NULL,1,18),(50,'Tag50',NULL,NULL,NULL,NULL,NULL,NULL,8.3,1,2.8,16.6,NULL,NULL,NULL,NULL,NULL,NULL,NULL,NULL,NULL,NULL,NULL,NULL,NULL,NULL,NULL,NULL,NULL,NULL,NULL,NULL,NULL,NULL,NULL,NULL,NULL,NULL,NULL,NULL,NULL,NULL,NULL,NULL,NULL,NULL,1,18),(52,'Tag52',NULL,NULL,NULL,NULL,NULL,NULL,0.99,12.56,7,5,'#ffffff',NULL,'#ffffff',NULL,'#ffffff',NULL,NULL,NULL,NULL,NULL,NULL,NULL,NULL,NULL,NULL,NULL,NULL,NULL,NULL,NULL,NULL,NULL,NULL,NULL,NULL,NULL,NULL,NULL,NULL,NULL,NULL,NULL,NULL,NULL,1,18),(53,'Tag53',NULL,NULL,NULL,NULL,NULL,NULL,0.65,0.63,7.73,6.19,'#ffffff',NULL,'#ffffff',NULL,'#ffffff',NULL,NULL,NULL,NULL,NULL,NULL,NULL,NULL,NULL,NULL,NULL,NULL,NULL,NULL,NULL,NULL,NULL,NULL,NULL,NULL,NULL,NULL,NULL,NULL,NULL,NULL,NULL,NULL,NULL,1,18);
/*!40000 ALTER TABLE `lld_panel` ENABLE KEYS */;
UNLOCK TABLES;

--
-- Table structure for table `lld_specialsectionattribute`
--

DROP TABLE IF EXISTS `lld_specialsectionattribute`;
/*!40101 SET @saved_cs_client     = @@character_set_client */;
/*!40101 SET character_set_client = utf8 */;
CREATE TABLE `lld_specialsectionattribute` (
  `ID` int(11) NOT NULL,
  `NAME` varchar(128) DEFAULT NULL,
  `PF1ID_LLD_BLOCK` int(11) NOT NULL,
  `PF2ID_LLD_BLOCK` int(11) DEFAULT NULL,
  UNIQUE KEY `ULLDSPECIALSECTIONATTRIBUT9667` (`ID`),
  UNIQUE KEY `ULLDSPECIALSECTIONATTRIBUTE62488` (`ID`),
  KEY `LLDSPECIALSECTIONATTRIBU110298` (`PF1ID_LLD_BLOCK`),
  KEY `LLDSPECIALSECTIONATTRIBU210299` (`PF2ID_LLD_BLOCK`),
  KEY `LLDSPECIALSECTIONATTRIBUTE163198` (`PF1ID_LLD_BLOCK`),
  KEY `LLDSPECIALSECTIONATTRIBUTE263199` (`PF2ID_LLD_BLOCK`)
) ENGINE=InnoDB DEFAULT CHARSET=utf8;
/*!40101 SET character_set_client = @saved_cs_client */;

--
-- Dumping data for table `lld_specialsectionattribute`
--

LOCK TABLES `lld_specialsectionattribute` WRITE;
/*!40000 ALTER TABLE `lld_specialsectionattribute` DISABLE KEYS */;
INSERT INTO `lld_specialsectionattribute` VALUES (6,'Title',394,396),(7,'Text',394,397),(8,'Title',395,398),(9,'Text',395,399),(12,'Title',377,402),(13,'Text',377,403),(14,'Hazards Warning',385,404),(15,'Hazards Signal Word',385,405),(16,'Hazards Precautionary',385,406),(19,'Text',384,409),(26,'Block',383,416),(29,'Block',384,419),(34,'Block',385,424),(43,'Block',386,433),(44,'Block',387,434),(105,'DIRECTIONS Header',395,496),(106,'MARKETING Header',394,497),(107,'MARKETING Header',377,498),(111,'Ingredients Title',384,502),(112,'Ingredients Inert',384,503),(113,'Ingredients Total',384,504),(123,'Text',515,516),(124,'Column List',517,518),(125,'Title',517,519),(126,'Block',514,520),(146,'Text',542,543),(171,'Block',569,574),(172,'Title',575,576),(173,'Text',575,577),(174,'MARKETING Header',575,578),(175,'Title',579,580),(176,'Text',579,581),(177,'DIRECTIONS Header',579,582),(178,'Title',583,584),(179,'Text',583,585),(180,'DIRECTIONS Header',583,586),(181,'Title',587,588),(182,'Text',587,589),(183,'MARKETING Header',587,590),(184,'Block',591,595),(185,'Block',598,603),(198,'Block',620,624),(199,'Title',626,627),(200,'Text',626,628),(201,'Column List',622,631),(202,'Text',622,632),(218,'Ingredients Title',599,650),(219,'Ingredients Total',599,651),(220,'Hazards Warning',600,652),(221,'Hazards Signal Word',600,653),(222,'Hazards Precautionary',600,654),(223,'Block',601,655),(224,'Block',602,656),(225,'Text',621,657),(226,'Text',623,658),(227,'Title',660,661),(228,'Text',660,662),(229,'Text',663,664),(230,'Block',659,670),(231,'Title',376,671),(232,'Text',376,672),(233,'DIRECTIONS Header',376,673),(234,'Text',669,674),(235,'Title',669,675),(236,'Title',667,676),(237,'FIRST AID Header',667,677),(238,'Text',667,678),(239,'Title',663,679);
/*!40000 ALTER TABLE `lld_specialsectionattribute` ENABLE KEYS */;
UNLOCK TABLES;

--
-- Table structure for table `m_dilutionchartentry`
--

DROP TABLE IF EXISTS `m_dilutionchartentry`;
/*!40101 SET @saved_cs_client     = @@character_set_client */;
/*!40101 SET character_set_client = utf8 */;
CREATE TABLE `m_dilutionchartentry` (
  `ID` int(11) NOT NULL,
  `PRODUCTAMOUNTTEXT` varchar(254) DEFAULT NULL,
  `WATERAMOUNTTEXT` varchar(254) DEFAULT NULL,
  `FK_ID_MASTERLABELCONTENT` int(11) NOT NULL,
  UNIQUE KEY `UM_DILUTIONCHARTENTRY_ID_19907` (`ID`),
  UNIQUE KEY `UM_DILUTIONCHARTENTRY_ID_624920` (`ID`),
  KEY `MDILUTIONCHARTENTRYFKIDMA20598` (`FK_ID_MASTERLABELCONTENT`),
  KEY `MDILUTIONCHARTENTRYFKIDMAST63183` (`FK_ID_MASTERLABELCONTENT`)
) ENGINE=InnoDB DEFAULT CHARSET=utf8;
/*!40101 SET character_set_client = @saved_cs_client */;

--
-- Dumping data for table `m_dilutionchartentry`
--

LOCK TABLES `m_dilutionchartentry` WRITE;
/*!40000 ALTER TABLE `m_dilutionchartentry` DISABLE KEYS */;
/*!40000 ALTER TABLE `m_dilutionchartentry` ENABLE KEYS */;
UNLOCK TABLES;

--
-- Table structure for table `m_dilutiongroup`
--

DROP TABLE IF EXISTS `m_dilutiongroup`;
/*!40101 SET @saved_cs_client     = @@character_set_client */;
/*!40101 SET character_set_client = utf8 */;
CREATE TABLE `m_dilutiongroup` (
  `ID` int(11) NOT NULL,
  `DILUTIONRATIOTEXT` varchar(254) DEFAULT NULL,
  `DILUTIONQUATTEXT` varchar(254) DEFAULT NULL,
  `FK_ID_MASTERLABELCONTENT` int(11) NOT NULL,
  UNIQUE KEY `UM_DILUTIONGROUP_ID_199120` (`ID`),
  UNIQUE KEY `UM_DILUTIONGROUP_ID_624970` (`ID`),
  KEY `MDILUTIONGROUPFKIDMASTERL20599` (`FK_ID_MASTERLABELCONTENT`),
  KEY `MDILUTIONGROUPFKIDMASTERLAB63184` (`FK_ID_MASTERLABELCONTENT`)
) ENGINE=InnoDB DEFAULT CHARSET=utf8;
/*!40101 SET character_set_client = @saved_cs_client */;

--
-- Dumping data for table `m_dilutiongroup`
--

LOCK TABLES `m_dilutiongroup` WRITE;
/*!40000 ALTER TABLE `m_dilutiongroup` DISABLE KEYS */;
/*!40000 ALTER TABLE `m_dilutiongroup` ENABLE KEYS */;
UNLOCK TABLES;

--
-- Table structure for table `m_dilutiongroupitem`
--

DROP TABLE IF EXISTS `m_dilutiongroupitem`;
/*!40101 SET @saved_cs_client     = @@character_set_client */;
/*!40101 SET character_set_client = utf8 */;
CREATE TABLE `m_dilutiongroupitem` (
  `ID` int(11) NOT NULL,
  `z_TEXT` varchar(254) DEFAULT NULL,
  `FK_ID_M_DILUTIONGROUP` int(11) NOT NULL,
  UNIQUE KEY `UM_DILUTIONGROUPITEM_ID_199200` (`ID`),
  UNIQUE KEY `UM_DILUTIONGROUPITEM_ID_625050` (`ID`),
  KEY `MDILUTIONGROUPITEMFKIDMDI20600` (`FK_ID_M_DILUTIONGROUP`),
  KEY `MDILUTIONGROUPITEMFKIDMDILU63185` (`FK_ID_M_DILUTIONGROUP`)
) ENGINE=InnoDB DEFAULT CHARSET=utf8;
/*!40101 SET character_set_client = @saved_cs_client */;

--
-- Dumping data for table `m_dilutiongroupitem`
--

LOCK TABLES `m_dilutiongroupitem` WRITE;
/*!40000 ALTER TABLE `m_dilutiongroupitem` DISABLE KEYS */;
/*!40000 ALTER TABLE `m_dilutiongroupitem` ENABLE KEYS */;
UNLOCK TABLES;

--
-- Table structure for table `m_directionsforusesection`
--

DROP TABLE IF EXISTS `m_directionsforusesection`;
/*!40101 SET @saved_cs_client     = @@character_set_client */;
/*!40101 SET character_set_client = utf8 */;
CREATE TABLE `m_directionsforusesection` (
  `ID` int(11) NOT NULL,
  `NAME` text,
  `TITLE` varchar(254) DEFAULT NULL,
  `SUBTITLE` varchar(254) DEFAULT NULL,
  `BOLDITALIC` varchar(1) DEFAULT NULL,
  `GENERALUSE` varchar(1) DEFAULT NULL,
  `STATEMENTLISTTYPE` varchar(254) DEFAULT NULL,
  `NUMBEREACHSTATEMENT` varchar(1) DEFAULT NULL,
  `REVIEWERNOTE` longtext,
  `NOTEBOLDITALIC` varchar(1) DEFAULT NULL,
  `DELETEDFLAG` varchar(1) DEFAULT NULL,
  `STATEMENTSELECTEDBYUSAGEFLAG` tinytext,
  `AUTOSEQ` int(11) DEFAULT NULL,
  `FK_ID_MASTERLABELCONTENT` int(11) NOT NULL,
  `FK_ID_M_DIRECTIONSFORUSESECTION` int(11) DEFAULT NULL,
  UNIQUE KEY `UMDIRECTIONSFORUSESECTIONI9671` (`ID`),
  UNIQUE KEY `UMDIRECTIONSFORUSESECTIONID62509` (`ID`),
  KEY `MDIRECTIONSFORUSESECTIONF10385` (`FK_ID_MASTERLABELCONTENT`),
  KEY `MDIRECTIONSFORUSESECTIONF10411` (`FK_ID_M_DIRECTIONSFORUSESECTION`),
  KEY `MDIRECTIONSFORUSESECTIONFKI63274` (`FK_ID_MASTERLABELCONTENT`),
  KEY `MDIRECTIONSFORUSESECTIONFKI63285` (`FK_ID_M_DIRECTIONSFORUSESECTION`)
) ENGINE=InnoDB DEFAULT CHARSET=utf8;
/*!40101 SET character_set_client = @saved_cs_client */;

--
-- Dumping data for table `m_directionsforusesection`
--

LOCK TABLES `m_directionsforusesection` WRITE;
/*!40000 ALTER TABLE `m_directionsforusesection` DISABLE KEYS */;
INSERT INTO `m_directionsforusesection` VALUES (7,NULL,'PELIGRO:  SI NO PUEDE LEER EN INGLES, PREGUNTE A SU SUPERVISOR SOBRE LAS INSTRUCCIONES DE USO APROPIADAS ANTES DE TRABAJAR CON ESTE PRODUCTO.',NULL,'R',NULL,NULL,NULL,NULL,NULL,NULL,NULL,1,5,NULL),(8,NULL,'DIRECTIONS FOR USE','It is a violation of Federal law to use this product in a manner inconsistent with its labeling.','R',NULL,NULL,NULL,NULL,NULL,NULL,NULL,2,5,NULL),(11,'First Line',NULL,NULL,NULL,NULL,NULL,NULL,NULL,NULL,NULL,NULL,1,6,NULL),(12,'Disinfecting','DIRECTIONS FOR DISINFECTlNG: (Bactericidal, Fungicidal, Virucidal)',NULL,NULL,NULL,NULL,NULL,NULL,NULL,NULL,NULL,2,6,NULL),(13,'Fungicidal','FUNGICIDAL DIRECTIONS:',NULL,NULL,NULL,NULL,NULL,NULL,NULL,NULL,NULL,3,6,NULL),(14,'Mildewstatic','MILDEWSTATIC INSTRUCTIONS:',NULL,NULL,NULL,NULL,NULL,NULL,NULL,NULL,NULL,4,6,NULL),(15,'Disinfecting Areas','VETERINARY CLINICS / ANIMAL CARE / ANIMAL LIFE SCIENCE LABORATORIES / ZOOS / PET SHOP / KENNELS / BREEDING AND GROOMING ESTABLISHMENTS / EQUINE FARMS DISINFECTION DIRECTIONS:',NULL,NULL,NULL,NULL,NULL,NULL,NULL,NULL,NULL,5,6,NULL),(16,'Canine Activity','FOR CANINE PARVOVIRUS (AND PORCINE PARVOVIRUS) ACTIVITY:',NULL,NULL,NULL,NULL,NULL,NULL,NULL,NULL,NULL,6,6,NULL),(17,'Influenza','SPECIAL INSTRUCTIONS FOR INACTIVATING AVIAN INFLUENZA:',NULL,NULL,NULL,NULL,NULL,NULL,NULL,NULL,NULL,7,6,NULL),(26,'One Gallon Directions of Use',NULL,NULL,NULL,NULL,NULL,NULL,NULL,NULL,NULL,NULL,1,9,18),(34,'Five Gallon Directions of Use',NULL,NULL,NULL,NULL,NULL,NULL,NULL,NULL,NULL,NULL,NULL,10,26);
/*!40000 ALTER TABLE `m_directionsforusesection` ENABLE KEYS */;
UNLOCK TABLES;

--
-- Table structure for table `m_directionsforusestatement`
--

DROP TABLE IF EXISTS `m_directionsforusestatement`;
/*!40101 SET @saved_cs_client     = @@character_set_client */;
/*!40101 SET character_set_client = utf8 */;
CREATE TABLE `m_directionsforusestatement` (
  `ID` int(11) NOT NULL,
  `TITLE` varchar(254) DEFAULT NULL,
  `z_TEXT` longtext,
  `NOTFORUSETEXT` longtext,
  `NOTFORUSETYPE` varchar(2) DEFAULT NULL,
  `REVIEWERNOTE` longtext,
  `BOLDITALIC` varchar(1) DEFAULT NULL,
  `DELETEDFLAG` varchar(1) DEFAULT NULL,
  `AUTOSEQ` int(11) DEFAULT NULL,
  `FK_ID_M_DIRECTIONSFORUSESECTION` int(11) NOT NULL,
  `FK_ID_M_DIRECTIONSFORUSESTATEMEN` int(11) DEFAULT NULL,
  UNIQUE KEY `UMDIRECTIONSFORUSESTATEMEN9683` (`ID`),
  UNIQUE KEY `UMDIRECTIONSFORUSESTATEMENT62523` (`ID`),
  KEY `MDIRECTIONSFORUSESTATEMEN10377` (`FK_ID_M_DIRECTIONSFORUSESECTION`),
  KEY `MDIRECTIONSFORUSESTATEM0210380` (`FK_ID_M_DIRECTIONSFORUSESTATEMEN`),
  KEY `MDIRECTIONSFORUSESTATEMENTF63268` (`FK_ID_M_DIRECTIONSFORUSESECTION`),
  KEY `MDIRECTIONSFORUSESTATEMENTF63273` (`FK_ID_M_DIRECTIONSFORUSESTATEMEN`)
) ENGINE=InnoDB DEFAULT CHARSET=utf8;
/*!40101 SET character_set_client = @saved_cs_client */;

--
-- Dumping data for table `m_directionsforusestatement`
--

LOCK TABLES `m_directionsforusestatement` WRITE;
/*!40000 ALTER TABLE `m_directionsforusestatement` DISABLE KEYS */;
INSERT INTO `m_directionsforusestatement` VALUES (91,NULL,'DILUTION: 1:256       ½ ounce per gallon of water\r\n(660 ppm quat)          1 ounce per 2 gallons of water\r\n                                  2 ounces per 4 gallons of water\r\n                                  2½ ounces per 5 gallons of water\r\n                                   4 ounces per 8 gallons of water',NULL,'NA',NULL,'R',NULL,1,7,NULL),(92,NULL,'DILUTION CHART\r\nCorrect Solution Strength\r\n0.39% (1:256, ½ oz. per gallon)\r\nPRODUCT    WATER\r\n     ½ oz       1 gallon\r\n     2 ½ oz.     5 gallons',NULL,'NA',NULL,'R',NULL,2,7,NULL),(93,NULL,'This product is not to be used as a terminal sterilant / high level disinfectant on any surface or instrument that (1) is introduced directly into the human body, either into or in contact with the bloodstream or normally sterile areas of the body, or (2) contacts intact mucous membranes but which does not ordinarily penetrate the blood barrier or otherwise enter normally sterile areas of the body. This product may be used to preclean or decontaminate critical or semi-critical devices prior to sterilization or high-level disinfection.','<p>This product is not for use on medical device surfaces.</p>','MD','(Note for reviewer: For labels that list medical premises and metal and / or stainless steel surfaces, one of the following statements must be used:)\r\n','R',NULL,1,8,NULL),(94,NULL,'DISINFECTION / Cleaning / Deodorizing Directions: Remove heavy soil deposits from surface.  Then thoroughly wet surface with a use-solution of ½ oz. of the concentrate per gallon of water.  (Use 2 oz per gallon of water to kill Adenovirus Type 7). The use-solution can be applied with a cloth, mop, sponge, or coarse spray, or soaking.  For sprayer applications, use a coarse spray device.  Spray 6-8 inches from the surface, rub with a brush, cloth or sponge.  Do not breathe spray.  Let solution remain on surface for a minimum of 10 minutes.  Rinse or allow to air dry.  Rinsing of floors is not necessary unless they are to be waxed or polished. ',NULL,'NA',NULL,'R',NULL,2,8,NULL),(95,NULL,'Food contact surfaces must be thoroughly rinsed with potable water.  This product must not be used to clean the following food contact surfaces: utensils, glassware and dishes.','This product is not for use on food contact surfaces.\r\n','FC','(Note for reviewer: One of the following statements must be used:)','R',NULL,3,8,NULL),(96,NULL,'Bactericidal Stability of Use-Dilution: Tests confirm that Formulation HWS-256, when diluted in 400 ppm hard water (via use of automatic dispensing devices), remains effective against Pseudomonas aeruginosa, Staphylococcus aureus and Salmonella choleraesuis for (up to 7 days) (for up to one week) (for up to one month) (for up to 2 months) (for up to 3 months) (up to 4 months) (up to 5 months) (up to 6 months) (up to 7 months) (up to 8 months) (up to 9 months) (up to 10 months) (up to 11 months) (up to 12 months) (up to one year) when stored in a sealed container such as a spray bottle.  If product becomes visibly dirty or contaminated, the use-dilution must be discarded and fresh product prepared.  Always use clean, properly labeled containers when diluting this product.  Bactericidal stability of the use-dilution does not apply to open containers such as buckets or pails.\r\n','<p>Prepare a fresh solution daily or more often if the solution becomes visibly dirty or diluted.</p>','BU','Note to reviewer: one of the following two statements will be used:)','R',NULL,4,8,NULL),(97,NULL,'TOILET BOWLS [ / URINALS] Swab bowl with brush to remove heavy soil prior to cleaning or disinfecting.  Clean by applying use-solution around the bowl and up under the rim.  Stubborn stains may require brushing.  To disinfect, first preclean to remove heavy soil, then remove or expel over the inner trap the residual bowl water. Pour in 3 oz. of the use-solution.  Swab the bowl completely using a scrub brush or mop, making sure to get under rim. Let stand for 10 minutes or overnight, then flush.',NULL,'NA',NULL,'R',NULL,5,8,NULL),(98,NULL,'Fungicidal Directions:\r\nFor use in areas such as locker rooms, dressing rooms, shower and bath areas and exercise facilities follow disinfection directions.',NULL,'NA',NULL,'R',NULL,6,8,NULL),(99,NULL,'MILDEWSTATIC INSTRUCTIONS: Will effectively control the growth of mold and mildew plus the odors caused by them when applied to hard, nonporous surfaces such as walls, floors, and table tops.  Apply use-solution of ½ oz. per gallon of water with a cloth, mop, sponge, or coarse spray.  Make sure to wet all surfaces completely. Let air dry. Repeat application weekly or when growth reappears.',NULL,'NA',NULL,'R',NULL,7,8,NULL),(100,NULL,'CLEANING AND DISINFECTING HARD NONPOROUS SURFACES ON PERSONAL PROTECTIVE EQUIPMENT (RESPIRATORS):\r\nPreclean equipment if heavily soiled to ensure proper surface contact. Add ½ oz. of Formulation HWS-256 to one gallon of water.  (Use 2 oz per gallon of water to kill Adenovirus Type 7).  Gently mix for a uniform solution.  Apply solution to hard, nonporous surfaces of the respirator with a brush, coarse spray device, sponge, or by immersion.  Thoroughly wet all surfaces to be disinfected.  Treated surfaces should remain wet for 10 minutes.  Remove excess solution from equipment prior to storage.  Comply with all OSHA regulations for cleaning respiratory protection (29 CFR §1910.134).',NULL,'NA',NULL,'R',NULL,8,8,NULL),(101,NULL,'*Kills HIV-1 (AIDS virus) AND HBV (HEPATITIS b vIRUS) and HCV (Hepatitis C Virus) OF precleaned, environmental surfaces / objects previously soiled with blood / body fluids in health care settings or other settings in which there is an expected likelihood of soiling of inanimate surfaces / objects with blood / body fluids, and in which the surfaces / objects likely to be soiled with blood / body fluids can be associated with the potential for transmission of Human Immunodeficiency Virus Type I (HIV-1)(associated with AIDS) or Hepatitis B Virus (HBV) or Hepatitis C Virus (HCV).',NULL,'NA',NULL,'R',NULL,9,8,NULL),(102,NULL,'SPECIAL INSTRUCTIONS FOR CLEANING AND DECONTAMINATION AGAINST HIV-1 (AIDS VIRUS) OR HBV OR HCV ON SURFACES / OBJECTS SOILED WITH BLOOD / BODY FLUIDS:\r\nPersonal Protection: Disposable protective gloves, gowns, face masks, or eye coverings as appropriate must be worn during all cleaning of blood / body fluids and during decontamination procedures.\r\nCleaning Procedures: Blood / body fluids must be thoroughly cleaned from surfaces / objects before application of disinfectant.\r\nContact Time: HIV-1 (AIDS virus) is inactivated after a contact time of 4 minutes at 25&#61616;C (77ºF) (room temperature).  HBV and HCV are inactivated after a 10 minute contact time.  Use a 10-minute contact time for all other viruses, fungi, and bacteria listed.\r\nDisposal of Infectious Materials: Blood / body fluids should be autoclaved and disposed of according to federal, state, and local regulations for infectious waste disposal.',NULL,'NA',NULL,'R',NULL,10,8,NULL),(103,NULL,'SALON (BARBER) INSTRUMENTS AND TOOLS DISINFECTION (BACTERICIDE) / VIRUCIDE / FUNGICIDE DIRECTIONS:\r\nMix ½ oz of Formulation HWS-256 per gallon of water (or equivalent dilution) to disinfect hard, nonporous instruments and tools.  (Use 2 oz per gallon of water to kill Adenovirus Type 7.)  Completely immerse combs, brushes, rollers, razors, scissors, blades, manicure and other salon instruments and tools for 10 minutes. For heavily soiled instruments and tools, a preliminary cleaning is required. Rinse thoroughly and dry before use. Prepare a fresh solution daily or more often if the solution becomes visibly diluted, cloudy or soiled.\r\nNote: Plastics may remain immersed until ready to use. Stainless steel shears and instruments must be removed after 10 minutes, rinsed, dried and kept in a clean, non-contaminated receptacle. Prolonged soaking may cause damage to metal instruments.',NULL,'NA',NULL,'R',NULL,11,8,NULL),(104,NULL,'DISINFECTION OF HARD, NON-POROUS SURFACES IN FOOTBATHS\r\nTo remove body oils, dead tissue, soil and all other buildups or organic matter on inanimate surfaces after using the footbath, drain the water and thoroughly clean all hard, non-porous surfaces with soap or detergent, then rinse with water.  Saturate surfaces with a use solution of ½ oz. per gallon of water (or equivalent use dilution) to exposed surfaces with a cloth, mop, sponge or sprayer.  (Use 2 oz per gallon of water to kill Adenovirus Type 7).  For spray applications, use a coarse spray device.  Do not breathe spray.  Brush or swab thoroughly and allow solution to stand for 10 minutes.  After the unit has been thoroughly disinfected, rinse all surfaces with fresh water.  Do not use equipment until treatment has been absorbed, set or dried.',NULL,'NA',NULL,'R',NULL,12,8,NULL),(105,NULL,'CLEANSING OF BODY SURFACES AND BODY ORIFICES OF HUMAN REMAINS: This product removes body secretions, soil, and blood, along with their accompanying malodor, from the surfaces and orifices of human remains.  Using a sponge or washcloth, bathe the entire body with a use-solution of ½ oz per gallon of water.  (Use 2 oz per gallon of water to kill Adenovirus Type 7.)  A soft hand brush may be employed on surfaces other than the face.  Prepare a fresh solution for each (cadaver) remains or when solution becomes visibly dirty or diluted.',NULL,'NA',NULL,'R',NULL,13,8,NULL),(106,NULL,'FARM PREMISE, LIVESTOCK, POULTRY & TURKEY HOUSE DISINFECTANT\r\n\r\nDILUTION: 1:256	½ ounce per gallon of water\r\n\r\n(Use 2 oz per gallon of water to kill Adenovirus Type 7.)  \r\n\r\n1.	Remove all animals and feeds from premises, trucks, coops, crates, and enclosures.\r\n\r\n2.	Remove all litter and manure from floors, walls, and surfaces of barns, pens, stalls, chutes, vehicles, and other facilities and fixtures occupied or traversed by animals.\r\n\r\n3.	Empty all troughs, racks, and other feeding and watering appliances.\r\n\r\n4.	Thoroughly clean all surfaces with soap or detergent, and rinse with water.\r\n\r\n5.	Saturate all surfaces with the recommended disinfecting solution for a period of 10 minutes.\r\n\r\n6.	Immerse all halters, ropes, and other types of equipment used in handling and restraining animals, as well as forks, shovels, and scrapers used for removing litter and manure.\r\n\r\n7. Ventilate buildings, coops, cars, trucks, boats, and other closed spaces.  Do not house animals or employ equipment until treatment has been absorbed, set, or dried.\r\n\r\n8. After treatment with disinfectant, thoroughly scrub feed racks, troughs, automatic feeders, fountains, and waterers with soap or detergent, and rinse with potable water before reuse.',NULL,'NA',NULL,'R',NULL,14,8,NULL),(107,NULL,'Veterinary Practice / Animal Care / Animal Laboratory / Zoos / Pet Shop / Kennels Disinfection Directions:  \r\nFor cleaning and disinfecting hard nonporous surfaces: equipment used for animal food or water, utensils, instruments, cages, kennels, stables, catteries, etc.  Remove all animals and feeds from premises, animal transportation vehicles, crates, etc. Remove all litter, droppings and manure from floors, walls and surfaces of facilities occupied or traversed by animals. Empty all feeding and watering appliances. Thoroughly clean all surfaces with soap or detergent and rinse with water.  Saturate surfaces with a use-solution of ½ oz. of FORMULATION HWS-256 per gallon of water (or equivalent dilution) for a period of 10 minutes. (Use 2 oz per gallon of water to kill Adenovirus Type 7.)  Wipe or allow to air dry.  Ventilate buildings and other closed spaces. Thoroughly scrub all treated surfaces that come into contact with food, including equipment used for feeding or watering, with soap or detergent and rinse with potable water before reuse. Do not house animals or employ equipment until treatment has been absorbed, set or dried.',NULL,'NA',NULL,'R',NULL,15,8,NULL),(108,NULL,'For Heavy Duty Cleaning and / or Odor Control: When greater cleaning is desired, use 1 - 2 oz. of Formulation HWS-256 per gallon of water.  Heavily soiled areas may require repeated cleaning before treatment.',NULL,'NA',NULL,'R',NULL,16,8,NULL),(109,NULL,'CITRUS CANKER DISEASE CONTROL\r\nFor prevention of Citrus Canker Disease through treatment of equipment.  Effective against Xanthomonas axonopodis pv. citri (Citrus Canker Disease) at 2000 ppm active quat. Treatments can be applied to trucks, attached trailers, and field equipment including cargo area, wheels, tires, undercarriage, hood, roof, fenders, and any other hard nonporous equipment taken into infested areas.\r\nSaturate surfaces with a 1:84 use-dilution (5 oz. per 3¼ gallons of deionized water) (or equivalent dilution) (2000 ppm active quat) for a period of 10 minutes.  Allow to air dry.  All surfaces that come in contact with food or crop must be rinsed with potable water before reuse.  To prevent the spread of Citrus Canker Disease by this artificial means of transportation, treatments are made by trigger spraying, dipping or brushing. Thoroughly rinse or launder clothing before reuse.  Rinse footwear before reuse.',NULL,'NA',NULL,'R',NULL,17,8,NULL),(110,NULL,'Formulation HWS-256 is effective at eliminating odors on porous surfaces such as upholstery, drapes, carpets, bedding, shower curtains, mattresses and non-porous surfaces such as walls and floors.  Excellent for fire restoration.',NULL,'NA',NULL,'R',NULL,18,8,NULL),(111,NULL,'Other suggested Uses:  Homes, Veterinary Clinics, Fish Markets, Kennels, Trash Compactors, Offices, Beauty Salons, Locker Rooms, Health Spas, Conference rooms, Elevators, Smoking Areas, Lounges, Day Care Centers, Dry Cleaners, Theaters, Farms, Auditoriums and  Churches.\r\n \r\n',NULL,'NA',NULL,'R',NULL,19,8,NULL),(112,NULL,'Deodorizing directions:\r\nNursing Homes, Hospitals, Hotels, Schools, Restaurants:  Using 1/2 oz. in chemical toilets, waste receptacles, bed pans, drainage bottles, diaper pails, hampers, disposals, commodes and air conditioner pans will eliminate odors.',NULL,'NA',NULL,'R',NULL,20,8,NULL),(113,NULL,'Mopping Solutions, Automatic Scrubbers:  Use 1/2 oz. per gallon of cleaning solution to eliminate undesirable odors.\r\nLaundry: ½ oz. per load added during the final rinse cycle deodorizes all offensive odors.',NULL,'NA',NULL,'R',NULL,21,8,NULL),(114,NULL,'Air Freshener/Automotive Uses:  2 oz. per gallon of water or desired concentration will effectively neutralize damp musty odors caused by mildew in storage areas, basements, closets and bathrooms.  Effective on smoking and cooking odors (garlic, fish, onions, etc.).  Automobile odors from tobacco, musty carpet smell and beverage smells will be eliminated.',NULL,'NA',NULL,'R',NULL,22,8,NULL),(115,NULL,'Carpets: ½ oz. per gallon of shampoo solution eliminates odors associated with urine, vomit, smoke, and mildew.  Reapply after cleaning for freshening effects.  Allow to dry.',NULL,'NA',NULL,'R',NULL,23,8,NULL),(116,NULL,'RV Holding Tanks:  Toilet waste:  cover bottom of holding tank with water and add ½ oz.  If odors return before time to empty, simply add ½ oz. to the tank.  Kitchen waste: ½ oz. of Formulation HWS-256 to gray water tank as needed to control malodors created by dirty dish water.',NULL,'NA',NULL,'R',NULL,24,8,NULL),(117,NULL,'Pet Odors:  Use 2 - 3 oz. per gallon of water or desired concentration, for urine, feces, and vomit, in carpet and upholstery.  Clean prior to application then spray onto affected areas.  Test hidden area for colorfastness.  Allow 10 minutes contact time.  Then blot with clean cloth.  Allow to dry.  Also effective on pet bedding and litter boxes.',NULL,'NA',NULL,'R',NULL,25,8,NULL),(118,NULL,'Sewage Backup, Water, Smoke Damage:  Use 1 ? 2 oz. per gallon of water or desired concentration.  Spray over affected areas before and after cleaning and extraction.  Allow ten minutes contact time.  Use proper ventilation; open windows.',NULL,'NA',NULL,'R',NULL,26,8,NULL),(119,NULL,'Cleaning Solution:  Dilute ½ oz. per gallon of water for cleaning of kitchen counters, tables, walls, bathrooms, toilet seats, mopping floors and large routine applications.',NULL,'NA',NULL,'R',NULL,27,8,NULL),(120,NULL,'WATER, SMOKE DAMAGE RESTORATION AGAINST ODOR-CAUSING BACTERIA AND FUNGI FOR HOME, INSTITUTIONAL, INDUSTRIAL AND HOSPITAL USE:\r\nThis product is particularly suitable for use in water damage restoration situations against odor causing bacteria on the following porous and semi-porous materials: carpets, carpet cushions, subfloors, drywall, concrete, brick, trim and frame lumber, tackless strip and paneling.  Using appropriate dilution, saturate the affected materials with enough product to remain wet for at least 10 minutes.\r\nSewer Backup and River Flooding:  During mitigation procedures, dilute ½ oz. of the concentrate per gallon of water, allowing for the diluting effect of absorbed water within saturated materials.  Remove gross filth or heavy soil along with non-salvageable materials.  Saturate all affected areas with a coarse spray device before and after cleaning and extraction.\r\nCarpets, Carpet Cushions and Other Porous Materials such as Subfloors, Drywall, Concrete, Brick, Trim and Frame Lumber, Tackless Strip and Paneling: For water damage from a clean source, extract excess water.  Test hidden area for colorfastness.  Dilute ½ oz. of the concentrate per gallon of water, allowing for the diluting effect of absorbed water within saturated materials. Remove gross filth or heavy soil.  Saturate all affected areas with a coarse spray device.  Roll, brush or agitate into the materials and allow materials to remain wet for 10 minutes.  Follow with a thorough extraction.  Dry rapidly and thoroughly.\r\nSpecial instructions For Cleaning Carpet Against Odor Causing Bacteria: Use this product in industrial and institutional areas such as homes, motels, hotels, nursing homes, schools, and hospitals.  Use on wet-cleanable synthetic fibers.  Do not use on wool.  Vacuum carpet thoroughly prior to cleaning.  Test fabric for colorfastness. For portable extraction units: Mix ½ oz. of concentrate per gallon of water.  For truck mounted extraction machines: Mix ½ ? 1 oz. of concentrate per gallon of water and meter at 4 gallons per hour.  For rotary floor machines:  Mix ½ oz. of concentrate per gallon of water and apply at the rate of 300 ? 500 sq. ft. per gallon.  Do not mix this product with other cleaning products.  Follow the cleaning procedures specified by the manufacturer of the cleaning equipment.  After using the product, set the carpet pile and protect the carpet from furniture legs and bases while drying.  Do not over-wet.  If applied to stain resistant nylon carpet, apply a fabric protector according to the manufacturer?s directions.',NULL,'NA',NULL,'R',NULL,28,8,NULL),(151,NULL,'It is a violation of Federal Law to use this product in a manner inconsistent with its labeling.',NULL,NULL,NULL,NULL,NULL,NULL,11,NULL),(152,NULL,'For use on hard, non-porous surfaces in animal care facilities such as {{Surface}}. Remove gross filth and heavy soil deposits then thoroughly wet surfaces. Use 2 ounces per gallon of water (8 ounces per gallon against canine parvovirus and Porcine parvovirus) for a minimum contact time of 10 minutes in a single application. Can be applied with a cloth, mop, or sponge, as well as by coarse spray or soaking. The use solution is prepared fresh for each use then discarded. Rinsing is not necessary unless floors are to be waxed or polished. This product is not for use on medical device surfaces.',NULL,NULL,NULL,NULL,NULL,NULL,12,NULL),(153,NULL,'For use in areas such as {{Area Of Use}} follow disinfection directions.',NULL,NULL,NULL,NULL,NULL,NULL,13,NULL),(154,NULL,'Will effectively control the growth of mold and mildew plus the odors caused by them when applied to hard, non-porous surfaces such as walls, floors, and table tops. Apply solution (2 ounces per gallon of water) with a cloth, mop, sponge or coarse spray making sure to wet all surfaces completely. Let air dry. Repeat application weekly or when growth reappears.',NULL,NULL,NULL,NULL,NULL,NULL,14,NULL),(155,NULL,'For disinfecting the following hard nonporous surfaces: equipment not used for animal food or water, utensils, instruments, cages, kennels, stables, catteries, etc. Remove all animals and feeds from premises, animal transportation vehicles, crates, etc. Remove all litter, droppings and manure from floors, walls and surfaces of facilities occupied or traversed by animals. Thoroughly clean all surfaces with soap or detergent and rinse with water. Saturate surfaces with a solution of 2 oz of KennelSol per gallon of water (or equivalent dilution) (8 ounces per gallon against Canine parvovirus or Porcine parvovirus), using a cloth, mop, sponge, spray, or soaking for a period of 10 minutes. Ventilate buildings and other closed spaces. Do not house animals or employ equipment until treatment has been absorbed, set or dried.',NULL,NULL,NULL,NULL,NULL,NULL,15,NULL),(156,NULL,'{{Product Name}} is effective against Canine Parvovirus (and Porcine parvovirus) at 8 oz. per gallon. Follow {{Area Of Use}} Disinfection Directions.',NULL,NULL,NULL,NULL,NULL,NULL,16,NULL),(157,NULL,'Remove all poultry and feeds from premises, trucks, coops, and crates. Remove all litter and droppings from floors, walls, and surfaces of facilities occupied or traversed by poultry. Empty all troughs, racks, and other feeding and watering appliances. Thoroughly clean all surfaces with soap or detergent and rinse with water. Saturate surfaces with the disinfecting solution (2 oz per gallon of water) (660 ppm active quat) (equivalent use dilution) for a period of 10 minutes. Immerse all halters, ropes and other types of equipment used in handling and restraining animals as well as forks, shovels, and scrapers used in removing litter and manure. Ventilate buildings, coops, and other closed spaces. Do not house poultry or employ equipment until treatment has been absorbed, set, or dried. Thoroughly scrub treated feed racks, troughs, automatic feeders, fountains, and waterers with soap or detergent, and rinse with potable water before reuse.',NULL,NULL,NULL,NULL,NULL,NULL,17,NULL),(166,'Recommended','This product is not to be used as a terminal sterilant / high level disinfectant on any surface or instrument that (1) is introduced directly into the human body, either into or in contact with the bloodstream or normally sterile areas of the body, or (2) contacts intact mucous membranes but which does not ordinarily penetrate the blood barrier or otherwise enter normally sterile areas of the body. This product may be used to preclean or decontaminate critical or semi-critical devices prior to sterilization or high-level disinfection.',NULL,NULL,NULL,NULL,NULL,1,26,158),(174,'DISINFECTION / Cleaning / Deodorizing Directions:','Remove heavy soil deposits from surface. Then thoroughly wet surface with a use-solution of 1/2 oz. of the concentrate per gallon of water. (Use 2 oz per gallon of water to kill Adenovirus Type 7). The use-solution can be applied with a cloth, mop, sponge, or coarse spray, or soaking. For sprayer applications, use a coarse spray device. Spray 6-8 inches from the surface, rub with a brush, cloth or sponge. Do not breathe spray. Let solution remain on surface for a minimum of 10 minutes. Rinse or allow to air dry. Rinsing of floors is not necessary unless they are to be waxed or polished.',NULL,NULL,NULL,NULL,NULL,2,26,NULL),(175,'TOILET BOWLS [ / URINALS]','Swab bowl with brush to remove heavy soil prior to cleaning or disinfecting. Clean by applying use-solution around the bowl and up under the rim. Stubborn stains may require brushing. To disinfect, first preclean to remove heavy soil, then remove or expel over the inner trap the residual bowl water. Pour in 3 oz. of the usesolution. Swab the bowl completely using a scrub brush or mop, making sure to get under rim. Let stand for 10 minutes or overnight, then flush.',NULL,NULL,NULL,NULL,NULL,3,26,NULL),(176,'MILDEWSTATIC INSTRUCTIONS:','Will effectively control the growth of mold and mildew plus the odors caused by them when applied to hard, non-porous surfaces such as walls, floors, and table tops. Apply solution (2 ounces per gallon of water) with a cloth, mop, sponge or coarse spray making sure to wet all surfaces completely. Let air dry. Repeat application weekly or when growth reappears.',NULL,NULL,NULL,NULL,NULL,4,26,NULL),(177,'SPECIAL INSTRUCTIONS FOR CLEANING AND DECONTAMINATION AGAINST HIV-1 (AIDS VIRUS) OR HBV OR HCV ON SURFACES / OBJECTS SOILED WITH BLOOD / BODY FLUIDS:','Personal Protection: Disposable protective gloves, gowns, face masks, or eye coverings as appropriate must be worn during all cleaning of blood / body fluids and during decontamination procedures. Cleaning Procedures: Blood / body fluids must be thoroughly cleaned from surfaces / objects before application of disinfectant. Contact Time: HIV-1 (AIDS virus) is inactivated after a contact time of 4 minutes at 25#C (77degF) (room temperature). HBV and HCV are inactivated after a 10 minute contact time. Use a 10-minute contact time for all other viruses, fungi, and bacteria listed. Disposal of Infectious Materials: Blood / body fluids should be autoclaved and disposed of according to federal, state, and local regulations for infectious waste disposal.',NULL,NULL,NULL,NULL,NULL,5,26,NULL),(178,'SALON (BARBER) INSTRUMENTS AND TOOLS DISINFECTION (BACTERICIDE) / VIRUCIDE / FUNGICIDE DIRECTIONS:','Mix 1/2 oz. of Formulation HWS-256 per gallon of water (or equivalent dilution) to disinfect hard, nonporous instruments and tools. (Use 2 oz per gallon of water to kill Adenovirus Type 7.) Completely immerse combs, brushes, rollers, razors, scissors, blades, manicure and other salon instruments and tools for 10 minutes. For heavily soiled instruments and tools, a preliminary cleaning is required. Rinse thoroughly and dry before use. Prepare a fresh solution daily or more often if the solution becomes visibly diluted, cloudy or soiled. Note: Plastics may remain immersed until ready to use. Stainless steel shears and instruments must be removed after 10 minutes, rinsed, dried and kept in a clean, non-contaminated receptacle. Prolonged soaking may cause damage to metal instruments.',NULL,NULL,NULL,NULL,NULL,6,26,NULL),(179,'DISINFECTION OF HARD, NON-POROUS SURFACES IN FOOTBATHS:','To remove body oils, dead tissue, soil and all other buildups or organic matter on inanimate surfaces after using the footbath, drain the water and thoroughly clean all hard, non-porous surfaces with soap or detergent, then rinse with water. Saturate surfaces with a use solution of 1/2 oz. per gallon of water (or equivalent use dilution) to exposed surfaces with a cloth, mop, sponge or sprayer. (Use 2 oz per gallon of water to kill Adenovirus Type 7). For spray applications, use a coarse spray device. Do not breathe spray. Brush or swab thoroughly and allow solution to stand for 10 minutes. After the unit has been thoroughly disinfected, rinse all surfaces with fresh water. Do not use equipment until treatment has been absorbed, set or dried.',NULL,NULL,NULL,NULL,NULL,7,26,NULL),(180,'CLEANSING OF BODY SURFACES AND BODY ORIFICES OF HUMAN REMAINS:','This product removes body secretions, soil, and blood, along with their accompanying malodor, from the surfaces and orifices of human remains. Using a sponge or washcloth, bathe the entire body with a use-solution of 1/2 oz. per gallon of water. (Use 2 oz per gallon of water to kill Adenovirus Type 7.) A soft hand brush may be employed on surfaces other than the face. Prepare a fresh solution for each (cadaver) remains or when solution becomes visibly dirty or diluted\r\nCarpets: 1/2 oz. per gallon of shampoo solution eliminates odors associated with urine, vomit, smoke, and mildew. Reapply after cleaning for freshening effects. Allow to dry.',NULL,NULL,NULL,NULL,NULL,8,26,NULL),(181,'','It is a violation of Federal Law to use this product in a manner inconsistent with its labeling.',NULL,NULL,NULL,NULL,NULL,1,34,166),(182,'DIRECTIONS FOR DISINFECTlNG: (Bactericidal, Fungicidal, Virucidal)','For use on hard, non-porous surfaces in animal care facilities such as floors, walls, metal surfaces, stainless steel surfaces, glazed porcelain, and plastic surfaces. Remove gross filth and heavy soil deposits then thoroughly wet surfaces. Use 2 ounces per gallon of water (8 ounces per gallon against canine parvovirus and Porcine parvovirus) for a minimum contact time of 10 minutes in a single application. Can be applied with a cloth, mop, or sponge, as well as by coarse spray or soaking. The use solution is prepared fresh for each use then discarded. Rinsing is not necessary unless floors are to be waxed or polished. This product is not for use on medical device surfaces.',NULL,NULL,NULL,NULL,NULL,2,34,174),(183,'FUNGICIDAL DIRECTIONS:','For use in areas such as locker rooms, dressing rooms, shower and bath areas and exercise facilities follow disinfection directions.',NULL,NULL,NULL,NULL,NULL,3,34,175),(184,'MILDEWSTATIC INSTRUCTIONS:','Will effectively control the growth of mold and mildew plus the odors caused by them when applied to hard, non-porous surfaces such as walls, floors, and table tops. Apply solution (2 ounces per gallon of water) with a cloth, mop, sponge or coarse spray making sure to wet all surfaces completely. Let air dry. Repeat application weekly or when growth reappears.',NULL,NULL,NULL,NULL,NULL,4,34,176),(185,'VETERINARY CLINICS / ANIMAL CARE / ANIMAL LIFE SCIENCE LABORATORIES / ZOOS / PET SHOP / KENNELS / BREEDING AND GROOMING ESTABLISHMENTS / EQUINE FARMS DISINFECTION DIRECTIONS:','For disinfecting the following hard nonporous surfaces: equipment not used for animal food or water, utensils, instruments, cages, kennels, stables, catteries, etc. Remove all animals and feeds from premises, animal transportation vehicles, crates, etc. Remove all litter, droppings and manure from floors, walls and surfaces of facilities occupied or traversed by animals. Thoroughly clean all surfaces with soap or detergent and rinse with water. Saturate surfaces with a solution of 2 oz of KennelSol per gallon of water (or equivalent dilution) (8 ounces per gallon against Canine parvovirus or Porcine parvovirus), using a cloth, mop, sponge, spray, or soaking for a period of 10 minutes. Ventilate buildings and other closed spaces. Do not house animals or employ equipment until treatment has been absorbed, set or dried.',NULL,NULL,NULL,NULL,NULL,5,34,177),(186,'*FOR CANINE PARVOVIRUS (AND PORCINE PARVOVIRUS) ACTIVITY:','KennelSol is effective against Canine Parvovirus (and Porcine parvovirus) at 8 oz. per gallon. Follow Veterinary Practice / Animal Care / Animal Laboratory / Zoos / Pet Shop / Kennels Disinfection Directions.',NULL,NULL,NULL,NULL,NULL,6,34,178),(188,'**SPECIAL INSTRUCTIONS FOR INACTIVATING AVIAN INFLUENZA:','Remove all poultry and feeds from premises, trucks, coops, and crates. Remove all litter and droppings from floors, walls, and surfaces of facilities occupied or traversed by poultry. Empty all troughs, racks, and other feeding and watering appliances. Thoroughly clean all surfaces with soap or detergent and rinse with water. Saturate surfaces with the disinfecting solution (2 oz per gallon of water) (660 ppm active quat) (equivalent use dilution) for a period of 10 minutes. Immerse all halters, ropes and other types of equipment sed in handling and restraining animals as well as forks, shovels, and scrapers used in removing litter and manure. Ventilate buildings, coops, and other closed spaces. Do not house poultry or employ equipment until treatment has been absorbed, set, or dried. Thoroughly scrub treated feed racks, troughs, automatic feeders, fountains, and waterers with soap or detergent, and rinse with potable water before reuse.',NULL,NULL,NULL,NULL,NULL,8,34,180);
/*!40000 ALTER TABLE `m_directionsforusestatement` ENABLE KEYS */;
UNLOCK TABLES;

--
-- Table structure for table `m_generalsection`
--

DROP TABLE IF EXISTS `m_generalsection`;
/*!40101 SET @saved_cs_client     = @@character_set_client */;
/*!40101 SET character_set_client = utf8 */;
CREATE TABLE `m_generalsection` (
  `ID` int(11) NOT NULL,
  `CONTAINERVOLUME` varchar(254) DEFAULT NULL,
  `TITLE` varchar(254) DEFAULT NULL,
  `SUBTITLE` varchar(254) DEFAULT NULL,
  `BOLDITALIC` varchar(1) DEFAULT NULL,
  `SECTIONTYPE` varchar(1) DEFAULT NULL,
  `REVIEWERNOTE` longtext,
  `NOTEBOLDITALIC` varchar(1) DEFAULT NULL,
  `CONTACTNOTE` longtext,
  `NOTETOPHYSICIAN` longtext,
  `DELETEDFLAG` varchar(1) DEFAULT NULL,
  `AUTOSEQ` int(11) DEFAULT NULL,
  `FK_ID_MASTERLABELCONTENT` int(11) NOT NULL,
  `FK_ID_M_GENERALSECTION` int(11) DEFAULT NULL,
  UNIQUE KEY `UM_GENERALSECTION_ID_96920` (`ID`),
  UNIQUE KEY `UM_GENERALSECTION_ID_625330` (`ID`),
  KEY `MGENERALSECTIONFKIDMASTER10364` (`FK_ID_MASTERLABELCONTENT`),
  KEY `MGENERALSECTIONFKIDMGENER10372` (`FK_ID_M_GENERALSECTION`),
  KEY `MGENERALSECTIONFKIDMASTERLA63255` (`FK_ID_MASTERLABELCONTENT`),
  KEY `MGENERALSECTIONFKIDMGENERAL63263` (`FK_ID_M_GENERALSECTION`)
) ENGINE=InnoDB DEFAULT CHARSET=utf8;
/*!40101 SET character_set_client = @saved_cs_client */;

--
-- Dumping data for table `m_generalsection`
--

LOCK TABLES `m_generalsection` WRITE;
/*!40000 ALTER TABLE `m_generalsection` DISABLE KEYS */;
INSERT INTO `m_generalsection` VALUES (13,NULL,'PRECAUTIONARY STATEMENTS','HAZARDS TO HUMANS AND DOMESTIC ANIMALS','R','P',NULL,NULL,NULL,NULL,NULL,1,5,NULL),(14,NULL,'FIRST AID',NULL,'R','F',NULL,NULL,'<p>Call a poison control center or doctor for treatment advice.</p>\r\n<p>Have the product container or label with you when calling a poison control center or doctor or going for treatment.</p>','<p><strong>NOTE TO PHYSICIAN: </strong>Probable mucosal damage may contraindicate the use of gastric lavage. Measures against circulatory shock, respiratory depression and convulsion may be needed.</p>',NULL,2,5,NULL),(15,NULL,'ENVIRONMENTAL HAZARDS',NULL,'R','E','(Note to reviewer: If container size is 5 gallons or greater, the following Environmental Hazards statements will be used:)',NULL,NULL,NULL,NULL,3,5,NULL),(16,NULL,'PRECAUTIONARY STATEMENTS','HAZARDS TO HUMANS AND DOMESTIC ANIMALS','R','P',NULL,NULL,NULL,NULL,NULL,1,6,13),(17,NULL,'FIRST AID',NULL,'R','F',NULL,NULL,'<p>Call a poison control center or doctor for treatment advice.</p>\r\n<p>Have the product container or label with you when calling a poison control center or doctor or going for treatment.</p>','<p><strong>NOTE TO PHYSICIAN: </strong>Probable mucosal damage may contraindicate the use of gastric lavage. Measures against circulatory shock, respiratory depression and convulsion may be needed.</p>',NULL,2,6,14),(18,NULL,'ENVIRONMENTAL HAZARDS',NULL,'R','E','(Note to reviewer: If container size is 5 gallons or greater, the following Environmental Hazards statements will be used:)',NULL,NULL,NULL,NULL,3,6,15),(23,NULL,'PRECAUTIONARY STATEMENTS','HAZARDS TO HUMANS AND DOMESTIC ANIMALS','R','P',NULL,NULL,NULL,NULL,NULL,1,9,20),(24,NULL,'FIRST AID',NULL,'R','F',NULL,NULL,'Call a poison control center or doctor for treatment advice.\r\nHave the product container or label with you when calling a poison control center or doctor or going for treatment.','<p><strong>NOTE TO PHYSICIAN: </strong>Probable mucosal damage may contraindicate the use of gastric lavage. Measures against circulatory shock, respiratory depression and convulsion may be needed.</p>',NULL,2,9,21),(25,NULL,'ENVIRONMENTAL HAZARDS',NULL,'R','E','(Note to reviewer: If container size is 5 gallons or greater, the following Environmental Hazards statements will be used:)',NULL,NULL,NULL,NULL,3,9,22),(26,NULL,'PRECAUTIONARY STATEMENTS','HAZARDS TO HUMANS AND DOMESTIC ANIMALS','R','P',NULL,NULL,NULL,NULL,NULL,1,10,23),(27,NULL,'',NULL,'R','F',NULL,NULL,'Call a poison control center or doctor for treatment advice.\r\nHave the product container or label with you when calling a poison control center or doctor or going for treatment.','<p><strong>NOTE TO PHYSICIAN: </strong>Probable mucosal damage may contraindicate the use of gastric lavage. Measures against circulatory shock, respiratory depression and convulsion may be needed.</p>',NULL,2,10,24),(28,NULL,'ENVIRONMENTAL HAZARDS',NULL,'R','E','(Note to reviewer: If container size is 5 gallons or greater, the following Environmental Hazards statements will be used:)',NULL,NULL,NULL,NULL,3,10,25);
/*!40000 ALTER TABLE `m_generalsection` ENABLE KEYS */;
UNLOCK TABLES;

--
-- Table structure for table `m_generalstatement`
--

DROP TABLE IF EXISTS `m_generalstatement`;
/*!40101 SET @saved_cs_client     = @@character_set_client */;
/*!40101 SET character_set_client = utf8 */;
CREATE TABLE `m_generalstatement` (
  `ID` int(11) NOT NULL,
  `TITLE` varchar(254) DEFAULT NULL,
  `z_TEXT` longtext,
  `BOLDITALIC` varchar(1) DEFAULT NULL,
  `DELETEDFLAG` varchar(1) DEFAULT NULL,
  `AUTOSEQ` int(11) DEFAULT NULL,
  `FK_ID_M_GENERALSECTION` int(11) NOT NULL,
  `FK_ID_M_GENERALSTATEMENT` int(11) DEFAULT NULL,
  UNIQUE KEY `UM_GENERALSTATEMENT_ID_97050` (`ID`),
  UNIQUE KEY `UM_GENERALSTATEMENT_ID_625460` (`ID`),
  KEY `MGENERALSTATEMENTFKIDMGEN10365` (`FK_ID_M_GENERALSECTION`),
  KEY `MGENERALSTATEMENTFKIDMGEN10368` (`FK_ID_M_GENERALSTATEMENT`),
  KEY `MGENERALSTATEMENTFKIDMGENER63256` (`FK_ID_M_GENERALSECTION`),
  KEY `MGENERALSTATEMENTFKIDMGENER63259` (`FK_ID_M_GENERALSTATEMENT`)
) ENGINE=InnoDB DEFAULT CHARSET=utf8;
/*!40101 SET character_set_client = @saved_cs_client */;

--
-- Dumping data for table `m_generalstatement`
--

LOCK TABLES `m_generalstatement` WRITE;
/*!40000 ALTER TABLE `m_generalstatement` DISABLE KEYS */;
INSERT INTO `m_generalstatement` VALUES (25,NULL,'DANGER. CORROSIVE. Causes irreversible eye damage and skin burns. Harmful if swallowed. Do not get in eyes, on skin, or on clothing. Wear protective eyewear (goggles, face shield or safety glasses), protective clothing and protective gloves (rubber or chemical resistant). Harmful if inhaled. Wash thoroughly with soap and water after handling. Remove contaminated clothing and wash clothing before reuse.','R',NULL,NULL,13,NULL),(26,NULL,'If on skin or clothing\n   - Take off contaminated clothing.\n   - Rinse skin immediately with plenty of water for 15-20 minutes.',NULL,NULL,1,14,NULL),(27,NULL,'If swallowed\n   - Call a poison control center or doctor immediately for treatment advice.\n   - Have person sip a glass of water if able to swallow.\n   - Do not induce vomiting unless told to do so by the poison control center or doctor.\n   - Do not give anything by mouth to an unconscious person.',NULL,NULL,2,14,NULL),(28,NULL,'If inhaled\n   - Move person to fresh air.\n   - If person is not breathing, call 911 or an ambulance, then give artificial respiration, preferably by mouth-to-mouth, if possible.',NULL,NULL,3,14,NULL),(29,NULL,'If in eyes\r\n   - Hold eye open and rinse slowly and gently with water for 15-20 minutes.\r\n   - Remove contact lenses, if present, after the first 5 minutes, then continue rinsing eye.',NULL,NULL,4,14,NULL),(30,NULL,'Do not discharge effluent containing this product into lakes, streams, ponds, estuaries, oceans, or other waters unless in accordance with the requirements of a National Pollutant Discharge Elimination System (NPDES) permit and the permitting authority has been notified in writing prior to discharge. Do not discharge effluent containing this product to sewer systems without previously notifying the local sewage treatment plant authority. For guidance contact your State Water Board or Regional Office of the EPA.','R',NULL,NULL,15,NULL),(31,NULL,'DANGER. CORROSIVE. Causes irreversible eye damage and skin burns. Harmful if swallowed. Do not get in eyes, on skin, or on clothing. Wear protective eyewear (goggles, face shield or safety glasses), protective clothing and protective gloves (rubber or chemical resistant). Harmful if inhaled. Wash thoroughly with soap and water after handling. Remove contaminated clothing and wash clothing before reuse.','R',NULL,NULL,16,25),(32,NULL,'If on skin or clothing\n   - Take off contaminated clothing.\n   - Rinse skin immediately with plenty of water for 15-20 minutes.',NULL,NULL,1,17,26),(33,NULL,'If swallowed\n   - Call a poison control center or doctor immediately for treatment advice.\n   - Have person sip a glass of water if able to swallow.\n   - Do not induce vomiting unless told to do so by the poison control center or doctor.\n   - Do not give anything by mouth to an unconscious person.',NULL,NULL,2,17,27),(34,NULL,'If inhaled\n   - Move person to fresh air.\n   - If person is not breathing, call 911 or an ambulance, then give artificial respiration, preferably by mouth-to-mouth, if possible.',NULL,NULL,3,17,28),(35,NULL,'If in eyes\r\n   - Hold eye open and rinse slowly and gently with water for 15-20 minutes.\r\n   - Remove contact lenses, if present, after the first 5 minutes, then continue rinsing eye.',NULL,NULL,4,17,29),(36,NULL,'Do not discharge effluent containing this product into lakes, streams, ponds, estuaries, oceans, or other waters unless in accordance with the requirements of a National Pollutant Discharge Elimination System (NPDES) permit and the permitting authority has been notified in writing prior to discharge. Do not discharge effluent containing this product to sewer systems without previously notifying the local sewage treatment plant authority. For guidance contact your State Water Board or Regional Office of the EPA.','R',NULL,NULL,18,30),(47,NULL,'DANGER. CORROSIVE. Causes irreversible eye damage and skin burns. Harmful if swallowed. Do not get in eyes, on skin, or on clothing. Wear protective eyewear (goggles, face shield or safety glasses), protective clothing and protective gloves (rubber or chemical resistant). Harmful if inhaled. Wash thoroughly with soap and water after handling. Remove contaminated clothing and wash clothing before reuse.','R',NULL,NULL,23,41),(48,NULL,'If on skin or clothing\r\n   - Take off contaminated clothing.\r\n   - Rinse skin immediately with plenty of water for 15-20 minutes.',NULL,NULL,1,24,42),(49,NULL,'If swallowed\r\n   - Call a poison control center or doctor immediately for treatment advice.\r\n   - Have person sip a glass of water if able to swallow.\r\n   - Do not induce vomiting unless told to do so by the poison control center or doctor.\r\n   - Do not give anything by mouth to an unconscious person.',NULL,NULL,2,24,43),(50,NULL,'If inhaled\r\n   - Move person to fresh air.\r\n   - If person is not breathing, call 911 or an ambulance, then give artificial respiration, preferably by mouth-to-mouth, if possible.',NULL,NULL,3,24,44),(51,NULL,'If in eyes\r\n   - Hold eye open and rinse slowly and gently with water for 15-20 minutes.\r\n   - Remove contact lenses, if present, after the first 5 minutes, then continue rinsing eye.',NULL,NULL,4,24,45),(52,NULL,'Do not discharge effluent containing this product into lakes, streams, ponds, estuaries, oceans, or other waters unless in accordance with the requirements of a National Pollutant Discharge Elimination System (NPDES) permit and the permitting authority has been notified in writing prior to discharge. Do not discharge effluent containing this product to sewer systems without previously notifying the local sewage treatment plant authority. For guidance contact your State Water Board or Regional Office of the EPA.','R',NULL,NULL,25,46),(53,NULL,'DANGER. CORROSIVE. Causes irreversible eye damage and skin burns. Harmful if swallowed. Do not get in eyes, on skin, or on clothing. Wear protective eyewear (goggles, face shield or safety glasses), protective clothing and protective gloves (rubber or chemical resistant). Harmful if inhaled. Wash thoroughly with soap and water after handling. Remove contaminated clothing and wash clothing before reuse.','R',NULL,NULL,26,47),(54,'If in eyes:','Hold eye open and rinse slowly and gently with water for 15  20 minutes. Remove contact lenses, if present, after the first 5 minutes, then continue rinsing eye.',NULL,NULL,1,27,48),(55,'If on skin or clothing:','Take off contaminated clothing. Rinse skin immediately with plenty of water for 15  20 minutes.',NULL,NULL,2,27,49),(56,'If swallowed:','Call a poison control center or doctor immediately for treatment advice. Have person sip a glass of water if able to swallow. Do not induce vomiting unless told to do so by the poison control center or doctor. Do not give anything by mouth to an unconscious person.',NULL,NULL,3,27,50),(57,'If inhaled:','Move person to fresh air. If person is not breathing, call 911 or an ambulance, then give artificial respiration, preferably by mouth-to-mouth, if possible. Call a poison control center or doctor for treatment advice. Have the product container or label with you when calling a poison control center or doctor or going for treatment. NOTE TO PHYSICIAN: Probable mucosal damage may contraindicate the use of gastric lavage. Measures against circulatory shock, respiratory depression and convulsion may be needed.ove contact lenses, if present, after the first 5 minutes, then continue rinsing eye.',NULL,NULL,4,27,51),(58,NULL,'Do not discharge effluent containing this product into lakes, streams, ponds, estuaries, oceans, or other waters unless in accordance with the requirements of a National Pollutant Discharge Elimination System (NPDES) permit and the permitting authority has been notified in writing prior to discharge. Do not discharge effluent containing this product to sewer systems without previously notifying the local sewage treatment plant authority. For guidance contact your State Water Board or Regional Office of the EPA.','R',NULL,NULL,28,52);
/*!40000 ALTER TABLE `m_generalstatement` ENABLE KEYS */;
UNLOCK TABLES;

--
-- Table structure for table `m_humanhazardsection`
--

DROP TABLE IF EXISTS `m_humanhazardsection`;
/*!40101 SET @saved_cs_client     = @@character_set_client */;
/*!40101 SET character_set_client = utf8 */;
CREATE TABLE `m_humanhazardsection` (
  `ID` int(11) NOT NULL,
  `EPA_SIGNALWORD` varchar(32) DEFAULT NULL,
  `EPA_CHILDHAZARDWARNING` varchar(1) DEFAULT NULL,
  `PRECAUTIONARYSTATEMENT` longtext,
  `BOLDITALIC` varchar(1) DEFAULT NULL,
  `LOCATION1` varchar(254) DEFAULT NULL,
  `LOCATION2` varchar(254) DEFAULT NULL,
  `LOCATION3` varchar(254) DEFAULT NULL,
  `LOCATION4` varchar(254) DEFAULT NULL,
  `LOCATION5` varchar(254) DEFAULT NULL,
  `DELETEDFLAG` varchar(1) DEFAULT NULL,
  `AUTOSEQ` int(11) DEFAULT NULL,
  `FK_ID_MASTERLABELCONTENT` int(11) NOT NULL,
  `FK_ID_M_HUMANHAZARDSECTION` int(11) DEFAULT NULL,
  UNIQUE KEY `UM_HUMANHAZARDSECTION_ID_97110` (`ID`),
  UNIQUE KEY `UM_HUMANHAZARDSECTION_ID_625530` (`ID`),
  KEY `MHUMANHAZARDSECTIONFKIDMA10391` (`FK_ID_MASTERLABELCONTENT`),
  KEY `MHUMANHAZARDSECTIONFKIDMH10415` (`FK_ID_M_HUMANHAZARDSECTION`),
  KEY `MHUMANHAZARDSECTIONFKIDMAST63280` (`FK_ID_MASTERLABELCONTENT`),
  KEY `MHUMANHAZARDSECTIONFKIDMHUM63289` (`FK_ID_M_HUMANHAZARDSECTION`)
) ENGINE=InnoDB DEFAULT CHARSET=utf8;
/*!40101 SET character_set_client = @saved_cs_client */;

--
-- Dumping data for table `m_humanhazardsection`
--

LOCK TABLES `m_humanhazardsection` WRITE;
/*!40000 ALTER TABLE `m_humanhazardsection` DISABLE KEYS */;
INSERT INTO `m_humanhazardsection` VALUES (5,'DANGER','U','See {{Precautionary Position}} Panel for Precautionary Statements and First Aid','R','right','left','side','back',NULL,NULL,NULL,5,NULL),(6,'DANGER','U','See {{Precautionary Position}} Panel for Precautionary Statements and First Aid','R','right','left','side','back',NULL,NULL,NULL,6,5),(8,'DANGER','U','See {{Precautionary Position}} Panel for Precautionary Statements and First Aid','R','right','left','side','back',NULL,NULL,NULL,9,7),(9,'DANGER','U','See {{Precautionary Position}} Panel for Precautionary Statements and First Aid','R','right','left','side','back',NULL,NULL,NULL,10,8);
/*!40000 ALTER TABLE `m_humanhazardsection` ENABLE KEYS */;
UNLOCK TABLES;

--
-- Table structure for table `m_ingredientssection`
--

DROP TABLE IF EXISTS `m_ingredientssection`;
/*!40101 SET @saved_cs_client     = @@character_set_client */;
/*!40101 SET character_set_client = utf8 */;
CREATE TABLE `m_ingredientssection` (
  `ID` int(11) NOT NULL,
  `ACTIVETITLE` varchar(254) DEFAULT NULL,
  `ACTIVEBOLDITALIC` varchar(1) DEFAULT NULL,
  `ARSENICPRECAUTIONARYTEXT` varchar(254) DEFAULT NULL,
  `INERTTITLE` varchar(254) DEFAULT NULL,
  `INERTBOLDITALIC` varchar(1) DEFAULT NULL,
  `REVIEWERNOTE` longtext,
  `GENERALINACTIVEPERCENT` double DEFAULT NULL,
  `DELETEDFLAG` varchar(1) DEFAULT NULL,
  `AUTOSEQ` int(11) DEFAULT NULL,
  `FK_ID_M_INGREDIENTSSECTION` int(11) DEFAULT NULL,
  `FK_ID_MASTERLABELCONTENT` int(11) NOT NULL,
  UNIQUE KEY `UM_INGREDIENTSSECTION_ID_97240` (`ID`),
  UNIQUE KEY `UM_INGREDIENTSSECTION_ID_625660` (`ID`),
  KEY `MINGREDIENTSSECTIONFKIDMI10445` (`FK_ID_M_INGREDIENTSSECTION`),
  KEY `MINGREDIENTSSECTIONFKIDMA10452` (`FK_ID_MASTERLABELCONTENT`),
  KEY `MINGREDIENTSSECTIONFKIDMING63311` (`FK_ID_M_INGREDIENTSSECTION`),
  KEY `MINGREDIENTSSECTIONFKIDMAST63318` (`FK_ID_MASTERLABELCONTENT`)
) ENGINE=InnoDB DEFAULT CHARSET=utf8;
/*!40101 SET character_set_client = @saved_cs_client */;

--
-- Dumping data for table `m_ingredientssection`
--

LOCK TABLES `m_ingredientssection` WRITE;
/*!40000 ALTER TABLE `m_ingredientssection` DISABLE KEYS */;
INSERT INTO `m_ingredientssection` VALUES (5,'Active Ingredients:','R',NULL,'Inert Ingredients:',NULL,NULL,83.1,NULL,NULL,NULL,5),(6,'Active Ingredients:','R',NULL,'Inert Ingredients:',NULL,NULL,83.1,NULL,NULL,5,6),(8,'Active Ingredients:','R',NULL,'Inert Ingredients:',NULL,NULL,83.1,NULL,NULL,7,9),(9,'Active Ingredients:','R',NULL,'Inert Ingredients:',NULL,NULL,95.775,NULL,NULL,8,10);
/*!40000 ALTER TABLE `m_ingredientssection` ENABLE KEYS */;
UNLOCK TABLES;

--
-- Table structure for table `m_ingredientsstatement`
--

DROP TABLE IF EXISTS `m_ingredientsstatement`;
/*!40101 SET @saved_cs_client     = @@character_set_client */;
/*!40101 SET character_set_client = utf8 */;
CREATE TABLE `m_ingredientsstatement` (
  `ID` int(11) NOT NULL,
  `CHEMICALNAME` varchar(254) NOT NULL,
  `COMMONNAME` varchar(254) DEFAULT NULL,
  `BOLDITALIC` varchar(1) DEFAULT NULL,
  `ACTIVE` varchar(1) NOT NULL,
  `PROMPT` varchar(254) DEFAULT NULL,
  `z_PERCENT` double DEFAULT NULL,
  `DELETEDFLAG` varchar(1) DEFAULT NULL,
  `AUTOSEQ` int(11) DEFAULT NULL,
  `FK_ID_M_INGREDIENTSSECTION` int(11) NOT NULL,
  `FK_ID_M_INGREDIENTSSTATEMENT` int(11) DEFAULT NULL,
  UNIQUE KEY `UM_INGREDIENTSSTATEMENT_ID9735` (`ID`),
  UNIQUE KEY `UM_INGREDIENTSSTATEMENT_ID_62577` (`ID`),
  KEY `MINGREDIENTSSTATEMENTFKID10442` (`FK_ID_M_INGREDIENTSSECTION`),
  KEY `MINGREDIENTSSTATEMENTFKID10448` (`FK_ID_M_INGREDIENTSSTATEMENT`),
  KEY `MINGREDIENTSSTATEMENTFKIDMI63308` (`FK_ID_M_INGREDIENTSSECTION`),
  KEY `MINGREDIENTSSTATEMENTFKIDMI63314` (`FK_ID_M_INGREDIENTSSTATEMENT`)
) ENGINE=InnoDB DEFAULT CHARSET=utf8;
/*!40101 SET character_set_client = @saved_cs_client */;

--
-- Dumping data for table `m_ingredientsstatement`
--

LOCK TABLES `m_ingredientsstatement` WRITE;
/*!40000 ALTER TABLE `m_ingredientsstatement` DISABLE KEYS */;
INSERT INTO `m_ingredientsstatement` VALUES (9,'Didecyl dimethyl ammonium chloride n-Alkyll',NULL,'R','A',NULL,10.14,NULL,1,5,NULL),(10,'dimethyl benzyl ammonium chloride (C<sub>14</sub> 50%, C<sub>12</sub> 40%, C<sub>16</sub> 10%)',NULL,'R','A',NULL,6.76,NULL,2,5,NULL),(11,'Didecyl dimethyl ammonium chloride n-Alkyll',NULL,'R','A',NULL,10.14,NULL,1,6,9),(12,'dimethyl benzyl ammonium chloride (C<sub>14</sub> 50%, C<sub>12</sub> 40%, C<sub>16</sub> 10%)',NULL,'R','A',NULL,6.76,NULL,2,6,10),(15,'Didecyl dimethyl ammonium chloride n-Alkyll',NULL,'R','A',NULL,10.14,NULL,1,8,13),(16,'dimethyl benzyl ammonium chloride (C<sub>14</sub> 50%, C<sub>12</sub> 40%, C<sub>16</sub> 10%)',NULL,'R','A',NULL,6.76,NULL,2,8,14),(17,'Didecyl dimethyl ammonium chloride',NULL,'R','A',NULL,2.535,NULL,1,9,15),(18,'n-Alkyll (C<sub>14</sub> 50%, C<sub>12</sub> 40%, C<sub>16</sub> 10%) dimethyl benzyl ammonium chloride',NULL,'R','A',NULL,1.69,NULL,2,9,16);
/*!40000 ALTER TABLE `m_ingredientsstatement` ENABLE KEYS */;
UNLOCK TABLES;

--
-- Table structure for table `m_marketingsection`
--

DROP TABLE IF EXISTS `m_marketingsection`;
/*!40101 SET @saved_cs_client     = @@character_set_client */;
/*!40101 SET character_set_client = utf8 */;
CREATE TABLE `m_marketingsection` (
  `ID` int(11) NOT NULL,
  `NAME` text,
  `TITLE` varchar(254) DEFAULT NULL,
  `SUBTITLE` varchar(254) DEFAULT NULL,
  `BOLDITALIC` varchar(1) DEFAULT NULL,
  `REVIEWERNOTE` longtext,
  `NOTEBOLDITALIC` varchar(1) DEFAULT NULL,
  `DELETEDFLAG` varchar(1) DEFAULT NULL,
  `AUTOSEQ` int(11) DEFAULT NULL,
  `FK_ID_MASTERLABELCONTENT` int(11) NOT NULL,
  `FK_ID_M_MARKETINGSECTION` int(11) DEFAULT NULL,
  UNIQUE KEY `UM_MARKETINGSECTION_ID_97450` (`ID`),
  UNIQUE KEY `UM_MARKETINGSECTION_ID_625870` (`ID`),
  KEY `MMARKETINGSECTIONFKIDMAST10392` (`FK_ID_MASTERLABELCONTENT`),
  KEY `MMARKETINGSECTIONFKIDMMAR10421` (`FK_ID_M_MARKETINGSECTION`),
  KEY `MMARKETINGSECTIONFKIDMASTER63281` (`FK_ID_MASTERLABELCONTENT`),
  KEY `MMARKETINGSECTIONFKIDMMARKE63294` (`FK_ID_M_MARKETINGSECTION`)
) ENGINE=InnoDB DEFAULT CHARSET=utf8;
/*!40101 SET character_set_client = @saved_cs_client */;

--
-- Dumping data for table `m_marketingsection`
--

LOCK TABLES `m_marketingsection` WRITE;
/*!40000 ALTER TABLE `m_marketingsection` DISABLE KEYS */;
INSERT INTO `m_marketingsection` VALUES (5,NULL,'Application Areas of Use',NULL,'R','(Note to reviewer: The following is considered optional marketing language:)',NULL,NULL,1,5,NULL),(6,NULL,'Organism Claims:','Effective against the following pathogens:','R','(Note to reviewer: The following is considered optional marketing language:)',NULL,NULL,2,5,NULL),(7,NULL,'(AREAS OF USE:)','Use Formulation HWS-256 in:','R','(Note to reviewer:  The following is considered optional marketing language:)',NULL,NULL,3,5,NULL),(8,NULL,'(TYPES OF SURFACES:)','Use Formulation HWS-256 on washable hard, nonporous surfaces of: ','R','(Note to reviewer:  The following is considered optional marketing language:)',NULL,NULL,4,5,NULL),(9,'General Application','Application Areas of Use',NULL,'R','(Note to reviewer: The following is considered optional marketing language:)',NULL,NULL,8,6,5),(13,'General Use','For use in:',NULL,NULL,NULL,NULL,NULL,1,6,NULL),(14,'Recommended Use','Recommended for use in: ',NULL,NULL,NULL,NULL,NULL,2,6,NULL),(15,'General Use 2',NULL,NULL,NULL,NULL,NULL,NULL,4,6,NULL),(16,'Germicidal Detergent',NULL,NULL,NULL,NULL,NULL,NULL,3,6,NULL),(17,'Bactericidal Claims',NULL,NULL,NULL,NULL,NULL,NULL,5,6,NULL),(18,'Fungicidal',NULL,NULL,NULL,NULL,NULL,NULL,6,6,NULL),(19,'Virucidal',NULL,NULL,NULL,NULL,NULL,NULL,7,6,NULL),(28,'Recommended Use',NULL,NULL,NULL,NULL,NULL,NULL,1,9,20),(29,'Areas of Use','AREAS OF USE',NULL,NULL,NULL,NULL,NULL,2,9,21),(30,'Bactericidal Claims','',NULL,NULL,NULL,NULL,NULL,4,9,24),(32,'Germicidal Detergent',NULL,NULL,NULL,NULL,NULL,NULL,3,9,NULL),(33,'For Use Areas / Surfaces',NULL,NULL,NULL,NULL,NULL,NULL,2,10,28),(34,'Recommended Use','Recommeded for use in:',NULL,NULL,NULL,NULL,NULL,5,10,29),(35,'Germicidal Detergent',NULL,NULL,NULL,NULL,NULL,NULL,1,10,32),(36,'Bactericidal Claims',NULL,NULL,NULL,NULL,NULL,NULL,6,10,30),(37,'For Use Areas Only','',NULL,NULL,NULL,NULL,NULL,3,10,NULL),(38,'Multi-Purpose Detergent',NULL,NULL,NULL,NULL,NULL,NULL,4,10,NULL),(39,'Fungicidal',NULL,NULL,NULL,NULL,NULL,NULL,7,10,NULL),(40,'Virucidal',NULL,NULL,NULL,NULL,NULL,NULL,8,10,NULL);
/*!40000 ALTER TABLE `m_marketingsection` ENABLE KEYS */;
UNLOCK TABLES;

--
-- Table structure for table `m_marketingstatement`
--

DROP TABLE IF EXISTS `m_marketingstatement`;
/*!40101 SET @saved_cs_client     = @@character_set_client */;
/*!40101 SET character_set_client = utf8 */;
CREATE TABLE `m_marketingstatement` (
  `ID` int(11) NOT NULL,
  `TITLE` varchar(254) DEFAULT NULL,
  `z_TEXT` longtext,
  `BOLDITALIC` varchar(1) DEFAULT NULL,
  `DELETEDFLAG` varchar(1) DEFAULT NULL,
  `AUTOSEQ` int(11) DEFAULT NULL,
  `FK_ID_M_MARKETINGSECTION` int(11) NOT NULL,
  `FK_ID_M_MARKETINGSTATEMENT` int(11) DEFAULT NULL,
  UNIQUE KEY `UM_MARKETINGSTATEMENT_ID_97540` (`ID`),
  UNIQUE KEY `UM_MARKETINGSTATEMENT_ID_625970` (`ID`),
  KEY `MMARKETINGSTATEMENTFKIDMM10337` (`FK_ID_M_MARKETINGSECTION`),
  KEY `MMARKETINGSTATEMENTFKIDMM10412` (`FK_ID_M_MARKETINGSTATEMENT`),
  KEY `MMARKETINGSTATEMENTFKIDMMAR63228` (`FK_ID_M_MARKETINGSECTION`),
  KEY `MMARKETINGSTATEMENTFKIDMMAR63286` (`FK_ID_M_MARKETINGSTATEMENT`)
) ENGINE=InnoDB DEFAULT CHARSET=utf8;
/*!40101 SET character_set_client = @saved_cs_client */;

--
-- Dumping data for table `m_marketingstatement`
--

LOCK TABLES `m_marketingstatement` WRITE;
/*!40000 ALTER TABLE `m_marketingstatement` DISABLE KEYS */;
INSERT INTO `m_marketingstatement` VALUES (22,NULL,'Concentrate (Concentrated)\r\nNeutral (Neutral pH)\r\nDisinfects (Disinfectant)\r\nCleans (Cleaner)\r\nDeodorizes (Deodorizer)','R',NULL,1,5,NULL),(23,NULL,'A multi-purpose, neutral pH, germicidal detergent and deodorant effective in hard water up to 400 ppm (calculated as CaCO) in the presence of a moderate amount of soil (5% organic serum) according to the AOAC Use-dilution Test. Disinfects, cleans, and deodorizes in one labor-saving step.','R',NULL,2,5,NULL),(24,NULL,'Recommended for use in hospitals, nursing homes, schools, colleges, commercial and industrial institutions, office buildings, veterinary clinics, animal life science laboratories, zoos, federally inspected meat and poultry plants, equine farms, tack shops, pet shops, airports, kennels, hotels, motels, poultry farms, turkey farms, dairy farms, hog farms, breeding establishments, grooming establishments, funeral homes, and households. Use to clean and disinfect non-medical (i.e. industrial and fire-fighting) respirators in industrial, commercial and institutional premises.','R',NULL,3,5,NULL),(25,NULL,'Disinfects, cleans, and deodorizes the following hard nonporous inanimate surfaces: floors, walls, (non-medical) metal surfaces, (non-medical)stainless steel surfaces, glazed porcelain, plastic surfaces (such as polypropylene, polystyrene, etc.).','R',NULL,4,5,NULL),(26,NULL,'Use [on] [to clean and disinfect] nonporous athletic mats, wrestling mats, gymnastic mats, exercise equipment and training tables.','R',NULL,5,5,NULL),(27,NULL,'Use [on] [to clean and disinfect] nonporous personal protective safety equipment, wrestling headgear, boxing headgear, protective headgear, athletic helmets, hard hats, half mask respirators, full face breathing apparatus, gas masks, goggles, spectacles, face shields, hearing protectors, and ear muffs. Rinse all equipment that comes in prolonged contact with skin with warm water and allow to air dry before reuse. [Caution: Cleaning at the recommended 120ºF. temperature will avoid overheating and distortion of the personal safety equipment that would necessitate replacement.]','R',NULL,6,5,NULL),(28,NULL,'Recommended for use\r\n\r\nFederally inspected meat and poultry plants on all hard, nonporous surfaces in inedible product processing areas, non-processing areas, and / or exterior areas. All surfaces must be thoroughly rinsed with potable water.</font></font></p>\r\n\r\nFederally inspected meat and poultry plants as a floor and wall cleaner for use in all departments. Food products and packaging material must be removed from the room or carefully protected. All surfaces must be thoroughly rinsed with potable water.</font></font></p>\r\n\r\nFederally inspected meat and poultry plants as a disinfectant agent for use in all departments. Food products and packaging materials must be removed from the room or carefully protected. Use product in accordance with its label. All surfaces must be thoroughly rinsed with potable water.','R',NULL,7,5,NULL),(29,NULL,'Recommended for use in tanning salons.','R',NULL,8,5,NULL),(30,NULL,'Recommended for use on [tanning beds], [and] [tanning equipment]. ','R',NULL,9,5,NULL),(31,NULL,'Formulation HWS-256 is effective at controlling mold and mildew odor on mattresses, pillows and shower curtains.','R',NULL,10,5,NULL),(32,NULL,'Formulation HWS-256 can be used in the laundry to control odors on musty bedding and linens. Test on a small inconspicuous area before using.','R',NULL,11,5,NULL),(33,NULL,'Formulation HWS-256 may be used on mildew stains in damp areas such as bathrooms, showers, kitchens, basements and laundry rooms.','R',NULL,12,5,NULL),(34,NULL,'Formulation HWS-256</strong></font><font face=\"Arial, sans-serif\"> may be used in work areas such as tool rooms and garages for odor control and light duty cleaning.','R',NULL,13,5,NULL),(35,NULL,'Formulation HWS-256 may be used to remove odors caused by flooding and smoke from fires.','R',NULL,14,5,NULL),(36,NULL,'Formulation HWS-256 leaves a clean fresh scent.','R',NULL,15,5,NULL),(37,NULL,'Formulation HWS-256 provides long lasting freshness against tough (pet) odors from litter boxes and pet accidents.','R',NULL,16,5,NULL),(38,NULL,'<p style=\"margin-bottom: 0in;\" align=\"JUSTIFY\"><font face=\"Arial, sans-serif\"><font style=\"font-size: 9pt;\" size=\"2\"><em>(Fungi:)</em></font></font></p>\r\n<p style=\"margin-bottom: 0in;\" align=\"JUSTIFY\"><font face=\"Arial, sans-serif\"><font style=\"font-size: 9pt;\" size=\"2\">Aspergillus niger</font></font></p>\r\n<p style=\"margin-bottom: 0in;\" align=\"JUSTIFY\"><font face=\"Arial, sans-serif\"><font style=\"font-size: 9pt;\" size=\"2\">Candida albicans</font></font></p>\r\n<p style=\"margin-bottom: 0in;\" align=\"JUSTIFY\"><font face=\"Arial, sans-serif\"><font style=\"font-size: 9pt;\" size=\"2\">Trichophyton mentagrophytes [Athlete?s Foot Fungus]</font></font></p>\r\n<p style=\"margin-bottom: 0in;\" align=\"JUSTIFY\"><font face=\"Arial, sans-serif\"><font style=\"font-size: 9pt;\" size=\"2\">[a cause of Ringworm] [a cause of Ringworm of the foot]</font></font></p>','R',NULL,1,6,NULL),(39,NULL,'<p style=\"margin-bottom: 0in;\" align=\"JUSTIFY\"><font face=\"Arial, sans-serif\"><em>(Bacteria:)</em></font></p>\r\n<p style=\"margin-bottom: 0in;\" align=\"JUSTIFY\"><font face=\"Arial, sans-serif\">Pseudomonas aeruginosa</font><sup><font size=\"2\" face=\"Arial, sans-serif\">1</font></sup></p>\r\n<p style=\"margin-bottom: 0in;\" align=\"JUSTIFY\"><font face=\"Arial, sans-serif\">Staphylococcus aureus</font><sup><font size=\"2\" face=\"Arial, sans-serif\">1</font></sup></p>\r\n<p style=\"margin-bottom: 0in;\" align=\"JUSTIFY\"><font face=\"Arial, sans-serif\">Salmonella choleraesuis</font></p>\r\n<p style=\"margin-bottom: 0in;\" align=\"JUSTIFY\"> </p>\r\n<p style=\"margin-bottom: 0in;\" align=\"JUSTIFY\"><font face=\"Arial, sans-serif\">Acinetobacter calcoaceticus</font></p>\r\n<p style=\"margin-bottom: 0in;\" align=\"JUSTIFY\"><font face=\"Arial, sans-serif\">Bordetella bronchiseptica</font></p>\r\n<p style=\"margin-bottom: 0in;\" align=\"JUSTIFY\"><font face=\"Arial, sans-serif\">Chlamydia psittaci</font></p>\r\n<p style=\"margin-bottom: 0in;\" align=\"JUSTIFY\"><font face=\"Arial, sans-serif\">Enterobacter aerogenes</font></p>\r\n<p style=\"margin-bottom: 0in;\" align=\"JUSTIFY\"><font face=\"Arial, sans-serif\">Enterobacter cloacae</font></p>\r\n<p style=\"margin-bottom: 0in;\" align=\"JUSTIFY\"><font face=\"Arial, sans-serif\">Enterococcus faecalis ? Vancomycin Resistant (VRE)</font></p>\r\n<p style=\"margin-bottom: 0in;\" align=\"JUSTIFY\"><font face=\"Arial, sans-serif\">Escherichia coli</font><sup><font size=\"2\" face=\"Arial, sans-serif\">1</font></sup></p>\r\n<p style=\"margin-bottom: 0in;\" align=\"JUSTIFY\"><font face=\"Arial, sans-serif\">Fusobacterium necrophorum</font></p>\r\n<p style=\"margin-bottom: 0in;\" align=\"JUSTIFY\"><font face=\"Arial, sans-serif\">Klebsiella pneumoniae</font><sup><font size=\"2\" face=\"Arial, sans-serif\">1</font></sup></p>\r\n<p style=\"margin-bottom: 0in;\"><font face=\"Arial, sans-serif\">Legionella pneumophila</font></p>\r\n<p style=\"margin-bottom: 0in;\"><font face=\"Arial, sans-serif\">Listeria monocytogenes</font></p>\r\n<p style=\"margin-bottom: 0in;\"><font face=\"Arial, sans-serif\">Pasteurella multocida</font></p>\r\n<p style=\"margin-right: -0.06in; margin-bottom: 0in;\"><font face=\"Arial, sans-serif\">Proteus mirabilis</font></p>\r\n<p style=\"margin-bottom: 0in;\"><font face=\"Arial, sans-serif\">Proteus vulgaris</font></p>\r\n<p style=\"margin-bottom: 0in;\"><font face=\"Arial, sans-serif\">Salmonella enteritidis </font></p>\r\n<p style=\"margin-bottom: 0in;\" align=\"JUSTIFY\"><font face=\"Arial, sans-serif\">Salmonella typhi</font></p>\r\n<p style=\"margin-bottom: 0in;\" align=\"JUSTIFY\"><font face=\"Arial, sans-serif\">Salmonella typhimurium</font></p>\r\n<p style=\"margin-bottom: 0in;\" align=\"JUSTIFY\"><font face=\"Arial, sans-serif\">Serratia marcescens</font></p>\r\n<p style=\"margin-bottom: 0in;\" align=\"JUSTIFY\"><font face=\"Arial, sans-serif\">Shigella flexneri</font></p>\r\n<p style=\"margin-bottom: 0in;\" align=\"JUSTIFY\"><font face=\"Arial, sans-serif\">Shigella sonnei</font></p>\r\n<p style=\"margin-bottom: 0in;\" align=\"JUSTIFY\"><font face=\"Arial, sans-serif\">Staphylococcus aureus ? Methicillin resistant (MRSA)</font></p>\r\n<p style=\"margin-right: -0.15in; margin-bottom: 0in;\"><font face=\"Arial, sans-serif\">Staphylococcus aureus ? Vancomycin Intermediate Resistant (VISA)</font></p>\r\n<p style=\"margin-bottom: 0in;\" align=\"JUSTIFY\"><font face=\"Arial, sans-serif\">Staphylococcus epidermidis</font><sup><font size=\"2\" face=\"Arial, sans-serif\">2</font></sup></p>\r\n<p style=\"margin-bottom: 0in;\" align=\"JUSTIFY\"><font face=\"Arial, sans-serif\">Streptococcus faecalis</font><sup><font size=\"2\" face=\"Arial, sans-serif\">1</font></sup></p>\r\n<p style=\"margin-bottom: 0in;\"><font face=\"Arial, sans-serif\">Streptococcus pyogenes </font><font face=\"Arial, sans-serif\"><span style=\"background: #ffff00;\">[Strep] </span></font></p>\r\n<p style=\"margin-bottom: 0in;\"><font face=\"Arial, sans-serif\"><span style=\"background: #ffff00;\">[a cause of scarlet fever]</span></font></p>\r\n<p style=\"text-indent: 0.82in; margin-bottom: 0in;\" align=\"JUSTIFY\"><sup><font size=\"2\" face=\"Arial, sans-serif\">1</font></sup><font face=\"Arial, sans-serif\"> ATCC &amp; antibiotic-resistant strain</font></p>\r\n<p style=\"text-indent: 0.82in; margin-bottom: 0in;\" align=\"JUSTIFY\"><sup><font size=\"2\" face=\"Arial, sans-serif\">2</font></sup><font face=\"Arial, sans-serif\"> antibiotic-resistant strain only</font></p>','R',NULL,2,6,NULL),(40,NULL,'<p><em><font face=\"Arial\">(Viruses:)</font></em></p>\r\n<p style=\"margin-bottom: 0in;\" align=\"JUSTIFY\"><font face=\"Arial\">*Adenovirus Type 4</font></p>\r\n<p style=\"margin-bottom: 0in;\" align=\"JUSTIFY\"><font face=\"Arial, sans-serif\"><span style=\"background: #ffff00;\">*Adenovirus Type 7 - at 2 oz. per gallon</span></font></p>\r\n<p style=\"margin-bottom: 0in; margin-left: 0.08in;\" align=\"JUSTIFY\"><font face=\"Arial, sans-serif\"><font style=\"font-size: 8pt;\" size=\"1\"><em><span style=\"background: #ffff00;\">(Note for Reviewer: 2 oz. per gallon dilution disinfection directions must be used if Adenovirus Type 7 is listed on the label)</span></em></font></font></p>\r\n<p style=\"margin-bottom: 0in;\" align=\"JUSTIFY\"><font face=\"Arial, sans-serif\">*Hepatitis B Virus (HBV)</font></p>\r\n<p style=\"margin-bottom: 0in;\" align=\"JUSTIFY\"><font face=\"Arial, sans-serif\">*Hepatitis C Virus (HCV)</font></p>\r\n<p style=\"margin-bottom: 0in;\" align=\"JUSTIFY\"><font face=\"Arial, sans-serif\">*Herpes Simplex Type 1</font></p>\r\n<p style=\"margin-bottom: 0in;\" align=\"JUSTIFY\"><font face=\"Arial, sans-serif\">*Herpes Simplex Type 2</font></p>\r\n<p style=\"margin-bottom: 0in;\" align=\"JUSTIFY\"><font face=\"Arial, sans-serif\">*Human coronavirus</font></p>\r\n<p style=\"margin-bottom: 0in;\" align=\"JUSTIFY\"><font face=\"Arial, sans-serif\">*HIV-1 (AIDS virus)</font></p>\r\n<p style=\"margin-bottom: 0in;\" align=\"JUSTIFY\"><font face=\"Arial, sans-serif\">*Influenza A / Hong Kong</font></p>\r\n<p style=\"margin-bottom: 0in;\"><font face=\"Arial, sans-serif\">*Respiratory Syncytial Virus (RSV)</font></p>\r\n<p style=\"margin-bottom: 0in;\" align=\"JUSTIFY\"><font face=\"Arial, sans-serif\">*Rubella (German Measles)</font></p>\r\n<p style=\"text-indent: -0.2in; margin-bottom: 0in; margin-left: 0.2in;\" align=\"JUSTIFY\"><font face=\"Arial, sans-serif\">*SARS Associated Coronavirus [SARS] [cause of Severe Acute Respiratory Syndrome]</font></p>\r\n<p style=\"margin-bottom: 0in;\" align=\"JUSTIFY\"><font face=\"Arial, sans-serif\">*Vaccinia [Pox virus]</font></p>\r\n<p style=\"margin-bottom: 0in;\" align=\"JUSTIFY\"> </p>\r\n<p style=\"margin-bottom: 0in;\" align=\"JUSTIFY\"><font face=\"Arial, sans-serif\"><em>(Animal Viruses:)</em></font></p>\r\n<p style=\"margin-bottom: 0in;\" align=\"JUSTIFY\"><font face=\"Arial, sans-serif\">*Avian polyomavirus</font></p>\r\n<p style=\"margin-bottom: 0in;\" align=\"JUSTIFY\"><font face=\"Arial, sans-serif\">*Canine distemper</font></p>\r\n<p style=\"margin-bottom: 0in;\" align=\"JUSTIFY\"><font face=\"Arial, sans-serif\">*Feline leukemia</font></p>\r\n<p style=\"margin-bottom: 0in;\" align=\"JUSTIFY\"><font face=\"Arial, sans-serif\">*Feline picornavirus </font></p>\r\n<p style=\"margin-bottom: 0in;\" align=\"JUSTIFY\"><font face=\"Arial, sans-serif\">*Infectious bovine rhinotracheitis</font></p>\r\n<p style=\"margin-bottom: 0in;\" align=\"JUSTIFY\"><font face=\"Arial, sans-serif\">*Infectious bronchitis (Avian IBV)</font></p>\r\n<p style=\"margin-bottom: 0in;\" align=\"JUSTIFY\"><font face=\"Arial, sans-serif\"><span style=\"background: #ffff00;\">* Newcastle Disease</span></font></p>\r\n<p style=\"margin-bottom: 0in;\" align=\"JUSTIFY\"><font face=\"Arial, sans-serif\">*Pseudorabies (PRV)</font></p>\r\n<p style=\"margin-bottom: 0in;\" align=\"JUSTIFY\"><font face=\"Arial, sans-serif\">*Rabies</font></p>\r\n<p style=\"margin-right: -0.06in; margin-bottom: 0in;\"><font face=\"Arial, sans-serif\">*Transmissible gastroenteritis virus (TGE)</font></p>','R',NULL,3,6,NULL),(41,NULL,'<p style=\"margin-bottom: 0in;\" align=\"JUSTIFY\"><font face=\"Arial, sans-serif\">Bathrooms</font></p>\r\n<p style=\"margin-bottom: 0in;\" align=\"JUSTIFY\"><font face=\"Arial, sans-serif\">Homes (households)</font></p>\r\n<p style=\"margin-bottom: 0in;\" align=\"JUSTIFY\"><font face=\"Arial, sans-serif\">Kitchens</font></p>\r\n<p style=\"margin-bottom: 0in;\" align=\"JUSTIFY\"> </p>\r\n<p style=\"margin-bottom: 0in;\" align=\"JUSTIFY\"><font face=\"Arial, sans-serif\">Dental offices</font></p>\r\n<p style=\"margin-bottom: 0in;\" align=\"JUSTIFY\"><font face=\"Arial, sans-serif\">Health Care Facilities</font></p>\r\n<p style=\"margin-bottom: 0in;\" align=\"JUSTIFY\"><font face=\"Arial, sans-serif\">Hospitals</font></p>\r\n<p style=\"margin-bottom: 0in;\" align=\"JUSTIFY\"><font face=\"Arial, sans-serif\">Medical Offices</font></p>\r\n<p style=\"margin-bottom: 0in;\" align=\"JUSTIFY\"><font face=\"Arial, sans-serif\">Nursing homes</font></p>\r\n<p style=\"margin-bottom: 0in;\" align=\"JUSTIFY\"> </p>\r\n<p style=\"margin-bottom: 0in;\" align=\"JUSTIFY\"><font face=\"Arial, sans-serif\">Day care centers</font></p>\r\n<p style=\"margin-bottom: 0in;\" align=\"JUSTIFY\"><font face=\"Arial, sans-serif\">Nurseries</font></p>\r\n<p style=\"margin-bottom: 0in;\" align=\"JUSTIFY\"> </p>\r\n<p style=\"margin-bottom: 0in;\" align=\"JUSTIFY\"><font face=\"Arial, sans-serif\">Bars</font></p>\r\n<p style=\"margin-bottom: 0in;\" align=\"JUSTIFY\"><font face=\"Arial, sans-serif\">Cafeterias</font></p>\r\n<p style=\"margin-bottom: 0in;\" align=\"JUSTIFY\"><font face=\"Arial, sans-serif\">Convenience stores</font></p>\r\n<p style=\"margin-bottom: 0in;\"><font face=\"Arial, sans-serif\">Food processing plants</font></p>\r\n<p style=\"margin-bottom: 0in;\" align=\"JUSTIFY\"><font face=\"Arial, sans-serif\">Food storage areas</font></p>\r\n<p style=\"margin-bottom: 0in;\" align=\"JUSTIFY\"><font face=\"Arial, sans-serif\">Institutional kitchens</font></p>\r\n<p style=\"margin-bottom: 0in;\" align=\"JUSTIFY\"><font face=\"Arial, sans-serif\">Restaurants</font></p>\r\n<p style=\"margin-bottom: 0in;\"><font face=\"Arial, sans-serif\">USDA inspected food processing facilities</font></p>\r\n<p style=\"margin-bottom: 0in;\" align=\"JUSTIFY\"> </p>\r\n<p style=\"margin-bottom: 0in;\"><font face=\"Arial, sans-serif\">Athletic facilities</font></p>\r\n<p style=\"margin-bottom: 0in;\"><font face=\"Arial, sans-serif\">Barber shops</font></p>\r\n<p style=\"margin-bottom: 0in;\"><font face=\"Arial, sans-serif\">Business and office buildings</font></p>\r\n<p style=\"margin-bottom: 0in;\"><font face=\"Arial, sans-serif\">Colleges</font></p>\r\n<p style=\"margin-bottom: 0in;\" align=\"JUSTIFY\"><font face=\"Arial, sans-serif\">Correctional facilities</font></p>\r\n<p style=\"margin-bottom: 0in;\"><font face=\"Arial, sans-serif\">Dressing rooms</font></p>\r\n<p style=\"margin-bottom: 0in;\"><font face=\"Arial, sans-serif\">Exercise facilities</font></p>\r\n<p style=\"margin-bottom: 0in;\" align=\"JUSTIFY\"><font face=\"Arial, sans-serif\">Factories</font></p>\r\n<p style=\"margin-bottom: 0in;\" align=\"JUSTIFY\"><font face=\"Arial, sans-serif\">Hotels</font></p>\r\n<p style=\"margin-bottom: 0in;\"><font face=\"Arial, sans-serif\">Institutional facilities</font></p>\r\n<p style=\"margin-bottom: 0in;\"><font face=\"Arial, sans-serif\">Institutions</font></p>\r\n<p style=\"margin-bottom: 0in;\"><font face=\"Arial, sans-serif\">Locker rooms</font></p>\r\n<p style=\"margin-bottom: 0in;\"><font face=\"Arial, sans-serif\">Morgues</font></p>\r\n<p style=\"margin-bottom: 0in;\"><font face=\"Arial, sans-serif\">Mortuaries</font></p>\r\n<p style=\"margin-bottom: 0in;\" align=\"JUSTIFY\"><font face=\"Arial, sans-serif\">Motels</font></p>\r\n<p style=\"margin-bottom: 0in;\" align=\"JUSTIFY\"><font face=\"Arial, sans-serif\">Prisons</font></p>\r\n<p style=\"margin-bottom: 0in;\"><font face=\"Arial, sans-serif\">Public facilities</font></p>\r\n<p style=\"margin-bottom: 0in;\"><font face=\"Arial, sans-serif\">Public rest rooms</font></p>\r\n<p style=\"margin-bottom: 0in;\"><font face=\"Arial, sans-serif\">Schools</font></p>\r\n<p style=\"margin-bottom: 0in;\"><font face=\"Arial, sans-serif\">Shower and bath areas</font></p>\r\n<p style=\"margin-bottom: 0in;\" align=\"JUSTIFY\"><font face=\"Arial, sans-serif\">Salons (Beauty)</font></p>\r\n<p style=\"margin-bottom: 0in;\" align=\"JUSTIFY\"><font face=\"Arial, sans-serif\">Tanning Salons</font></p>\r\n<p style=\"margin-bottom: 0in;\"> </p>\r\n<p style=\"margin-bottom: 0in;\"> </p>\r\n<p style=\"margin-bottom: 0in;\"><font face=\"Arial, sans-serif\">Camp grounds</font></p>\r\n<p style=\"margin-bottom: 0in;\"><font face=\"Arial, sans-serif\">Play ground equipment</font></p>\r\n<p style=\"margin-bottom: 0in;\"> </p>\r\n<p style=\"margin-bottom: 0in;\"> </p>\r\n<p style=\"margin-bottom: 0in;\" align=\"JUSTIFY\"><font face=\"Arial, sans-serif\">Animal laboratories</font></p>\r\n<p style=\"margin-bottom: 0in;\"><font face=\"Arial, sans-serif\">Dairy farms</font></p>\r\n<p style=\"margin-bottom: 0in;\"><font face=\"Arial, sans-serif\">Farms</font></p>\r\n<p style=\"margin-bottom: 0in;\" align=\"JUSTIFY\"><font face=\"Arial, sans-serif\">Hog farms</font></p>\r\n<p style=\"margin-bottom: 0in;\" align=\"JUSTIFY\"><font face=\"Arial, sans-serif\">Kennels</font></p>\r\n<p style=\"margin-bottom: 0in;\" align=\"JUSTIFY\"><font face=\"Arial, sans-serif\">Poultry farms</font></p>\r\n<p style=\"margin-bottom: 0in;\" align=\"JUSTIFY\"><font face=\"Arial, sans-serif\">Pet animal quarters</font></p>\r\n<p style=\"margin-bottom: 0in;\" align=\"JUSTIFY\"><font face=\"Arial, sans-serif\">Pet shops</font></p>\r\n<p style=\"margin-bottom: 0in;\" align=\"JUSTIFY\"><font face=\"Arial, sans-serif\">Turkey farms</font></p>\r\n<p style=\"margin-bottom: 0in;\" align=\"JUSTIFY\"><font face=\"Arial, sans-serif\">Zoos</font></p>\r\n<p style=\"margin-bottom: 0in;\" align=\"JUSTIFY\"> </p>\r\n<p style=\"margin-bottom: 0in;\" align=\"JUSTIFY\"><font face=\"Arial, sans-serif\">Airplanes</font></p>\r\n<p style=\"margin-bottom: 0in;\" align=\"JUSTIFY\"><font face=\"Arial, sans-serif\">Airports</font></p>\r\n<p style=\"margin-bottom: 0in;\" align=\"JUSTIFY\"><font face=\"Arial, sans-serif\">Boats</font></p>\r\n<p style=\"margin-bottom: 0in;\" align=\"JUSTIFY\"><font face=\"Arial, sans-serif\">Buses</font></p>\r\n<p style=\"margin-bottom: 0in;\" align=\"JUSTIFY\"><font face=\"Arial, sans-serif\">Campers</font></p>\r\n<p style=\"margin-bottom: 0in;\" align=\"JUSTIFY\"><font face=\"Arial, sans-serif\">Cars</font></p>\r\n<p style=\"margin-bottom: 0in;\" align=\"JUSTIFY\"><font face=\"Arial, sans-serif\">Emergency vehicles</font></p>\r\n<p style=\"margin-bottom: 0in;\" align=\"JUSTIFY\"><font face=\"Arial, sans-serif\">Mobile homes</font></p>\r\n<p style=\"margin-bottom: 0in;\" align=\"JUSTIFY\"><font face=\"Arial, sans-serif\">Ships</font></p>\r\n<p style=\"margin-bottom: 0in;\" align=\"JUSTIFY\"><font face=\"Arial, sans-serif\">Taxis</font></p>\r\n<p style=\"margin-bottom: 0in;\" align=\"JUSTIFY\"><font face=\"Arial, sans-serif\">Trailers</font></p>\r\n<p style=\"margin-bottom: 0in;\" align=\"JUSTIFY\"><font face=\"Arial, sans-serif\">Trains</font></p>\r\n<p style=\"margin-bottom: 0in;\" align=\"JUSTIFY\"><font face=\"Arial, sans-serif\">Transportation terminals</font></p>','R',NULL,NULL,7,NULL),(42,NULL,'<p style=\"margin-bottom: 0in;\"><font face=\"Arial, sans-serif\">Appliances, exteriors of</font></p>\r\n<p style=\"margin-bottom: 0in;\"><font face=\"Arial, sans-serif\">Bathroom fixtures</font></p>\r\n<p style=\"margin-bottom: 0in;\"><font face=\"Arial, sans-serif\">Bathtubs (Fiberglass)</font></p>\r\n<p style=\"margin-bottom: 0in;\"><font face=\"Arial, sans-serif\">Cabinets</font></p>\r\n<p style=\"margin-bottom: 0in;\"><font face=\"Arial, sans-serif\">Cages</font></p>\r\n<p style=\"margin-bottom: 0in;\"><font face=\"Arial, sans-serif\">Chairs</font></p>\r\n<p style=\"line-height: 100%; text-indent: -0.25in; margin-bottom: 0in; margin-left: 0.25in;\"><font face=\"Arial, sans-serif\">Coils and drain pans of air conditioning and refrigeration equipment and heat pumps</font></p>\r\n<p style=\"margin-bottom: 0in;\"><font face=\"Arial, sans-serif\">Conductive flooring</font></p>\r\n<p style=\"margin-bottom: 0in;\"><font face=\"Arial, sans-serif\">Counters (countertops)</font></p>\r\n<p style=\"margin-bottom: 0in;\"><font face=\"Arial, sans-serif\">Countertop laminates</font></p>\r\n<p style=\"margin-bottom: 0in;\"><font face=\"Arial, sans-serif\">Desks</font></p>\r\n<p style=\"margin-bottom: 0in;\"><font face=\"Arial, sans-serif\">Doorknobs</font></p>\r\n<p style=\"margin-bottom: 0in;\"><font face=\"Arial, sans-serif\">Floors</font></p>\r\n<p style=\"margin-bottom: 0in;\"><font face=\"Arial, sans-serif\">Garbage cans</font></p>\r\n<p style=\"margin-bottom: 0in;\"><font face=\"Arial, sans-serif\">Highchairs</font></p>\r\n<p style=\"margin-bottom: 0in;\"><font face=\"Arial, sans-serif\">Kennel runs</font></p>\r\n<p style=\"margin-bottom: 0in;\"><font face=\"Arial, sans-serif\">Microwave ovens, exteriors of</font></p>\r\n<p style=\"margin-bottom: 0in;\"><font face=\"Arial, sans-serif\">Outdoor furniture</font></p>\r\n<p style=\"margin-bottom: 0in;\"><font face=\"Arial, sans-serif\">Refrigerators, exteriors of</font></p>\r\n<p style=\"text-indent: -0.25in; margin-bottom: 0in; margin-left: 0.25in;\"><font face=\"Arial, sans-serif\"><font size=\"2\">Refrigerated storage and display equipment</font></font></p>\r\n<p style=\"margin-bottom: 0in;\"><font face=\"Arial, sans-serif\"><font size=\"2\">Telephones</font></font></p>\r\n<p style=\"margin-bottom: 0in;\"><font face=\"Arial, sans-serif\">Other hard nonporous surfaces made of:</font></p>\r\n<p style=\"margin-bottom: 0in;\"><font face=\"Arial, sans-serif\">Glazed ceramic</font></p>\r\n<p style=\"margin-bottom: 0in;\"><font face=\"Arial, sans-serif\">Glazed enameled surfaces</font></p>\r\n<p style=\"margin-bottom: 0in;\"><font face=\"Arial, sans-serif\">Glazed porcelain</font></p>\r\n<p style=\"margin-bottom: 0in;\"><font face=\"Arial, sans-serif\">Laminated Surfaces</font></p>\r\n<p style=\"margin-bottom: 0in;\"><font face=\"Arial, sans-serif\">Metal</font></p>\r\n<p style=\"margin-bottom: 0in;\"><font face=\"Arial, sans-serif\">Plastic (such as polystyrene or polypropylene)</font></p>\r\n<p style=\"margin-bottom: 0in;\"><font face=\"Arial, sans-serif\">Sealed granite</font></p>\r\n<p style=\"margin-bottom: 0in;\"><font face=\"Arial, sans-serif\">Sealed limestone</font></p>\r\n<p style=\"margin-bottom: 0in;\"><font face=\"Arial, sans-serif\">Sealed marble</font></p>\r\n<p style=\"margin-bottom: 0in;\"><font face=\"Arial, sans-serif\">Sealed slate</font></p>\r\n<p style=\"margin-bottom: 0in;\"><font face=\"Arial, sans-serif\">Sealed stone </font></p>\r\n<p style=\"margin-bottom: 0in;\"><font face=\"Arial, sans-serif\">Sealed terra cotta</font></p>\r\n<p style=\"margin-bottom: 0in;\"><font face=\"Arial, sans-serif\">Sealed terrazzo</font></p>\r\n<p style=\"margin-bottom: 0in;\"><font face=\"Arial, sans-serif\">Stainless steel</font></p>\r\n<p style=\"margin-bottom: 0in;\"><font face=\"Arial, sans-serif\">Upholstery, vinyl and plastic</font></p>\r\n<p style=\"margin-bottom: 0in;\"><font face=\"Arial, sans-serif\">Woodwork, finished</font></p>\r\n<p style=\"text-indent: -0.25in; margin-left: 0.25in;\"><br /><br /></p>\r\n<p style=\"text-indent: -0.25in; margin-bottom: 0in; margin-left: 0.25in;\"><font face=\"Arial, sans-serif\"><font style=\"font-size: 9pt;\" size=\"2\">Non-critical medical device surfaces:</font></font></p>\r\n<p style=\"text-indent: -0.25in; margin-bottom: 0in; margin-left: 0.25in;\"><font face=\"Arial, sans-serif\"><font style=\"font-size: 9pt;\" size=\"2\">Beds [Medical] [Hospital]</font></font></p>\r\n<p style=\"text-indent: -0.25in; margin-bottom: 0in; margin-left: 0.25in;\"><font face=\"Arial, sans-serif\"><font style=\"font-size: 9pt;\" size=\"2\">Bed frames</font></font></p>\r\n<p style=\"text-indent: -0.25in; margin-bottom: 0in; margin-left: 0.25in;\"><font face=\"Arial, sans-serif\"><font style=\"font-size: 9pt;\" size=\"2\">Bed rails</font></font></p>\r\n<p style=\"text-indent: -0.25in; margin-bottom: 0in; margin-left: 0.25in;\"><font face=\"Arial, sans-serif\"><font style=\"font-size: 9pt;\" size=\"2\">Crutches</font></font></p>\r\n<p style=\"text-indent: -0.25in; margin-bottom: 0in; margin-left: 0.25in;\"><font face=\"Arial, sans-serif\"><font style=\"font-size: 9pt;\" size=\"2\">Non-critical [hospital] [medical] equipment surfaces</font></font></p>\r\n<p style=\"text-indent: -0.25in; margin-bottom: 0in; margin-left: 0.25in;\"><font face=\"Arial, sans-serif\"><font style=\"font-size: 9pt;\" size=\"2\">[Medical] Examining tables</font></font></p>\r\n<p style=\"text-indent: -0.25in; margin-bottom: 0in; margin-left: 0.25in;\"><font face=\"Arial, sans-serif\"><font style=\"font-size: 9pt;\" size=\"2\">[Medical] [Hospital] Lamps</font></font></p>\r\n<p style=\"text-indent: -0.25in; margin-bottom: 0in; margin-left: 0.25in;\"><font face=\"Arial, sans-serif\"><font style=\"font-size: 9pt;\" size=\"2\">[Medical] [Hospital] Scales</font></font></p>\r\n<p style=\"text-indent: -0.25in; margin-bottom: 0in; margin-left: 0.25in;\"><font face=\"Arial, sans-serif\"><font style=\"font-size: 9pt;\" size=\"2\">Stands</font></font></p>\r\n<p style=\"text-indent: -0.25in; margin-bottom: 0in; margin-left: 0.25in;\"><font face=\"Arial, sans-serif\"><font style=\"font-size: 9pt;\" size=\"2\">Stethoscopes</font></font></p>\r\n<p style=\"text-indent: -0.25in; margin-bottom: 0in; margin-left: 0.25in;\"><font face=\"Arial, sans-serif\"><font style=\"font-size: 9pt;\" size=\"2\">Walkers</font></font></p>\r\n<p style=\"text-indent: -0.25in; margin-bottom: 0in; margin-left: 0.25in;\"><font face=\"Arial, sans-serif\"><font style=\"font-size: 9pt;\" size=\"2\">Wheel chairs</font></font></p>','R',NULL,NULL,8,NULL),(43,NULL,'Concentrate (Concentrated)\r\nNeutral (Neutral pH)\r\nDisinfects (Disinfectant)\r\nCleans (Cleaner)\r\nDeodorizes (Deodorizer)','R',NULL,1,9,22),(44,NULL,'A multi-purpose, neutral pH, germicidal detergent and deodorant effective in hard water up to 400 ppm (calculated as CaCO) in the presence of a moderate amount of soil (5% organic serum) according to the AOAC Use-dilution Test. Disinfects, cleans, and deodorizes in one labor-saving step.','R',NULL,2,9,23),(45,NULL,'Recommended for use in hospitals, nursing homes, schools, colleges, commercial and industrial institutions, office buildings, veterinary clinics, animal life science laboratories, zoos, federally inspected meat and poultry plants, equine farms, tack shops, pet shops, airports, kennels, hotels, motels, poultry farms, turkey farms, dairy farms, hog farms, breeding establishments, grooming establishments, funeral homes, and households. Use to clean and disinfect non-medical (i.e. industrial and fire-fighting) respirators in industrial, commercial and institutional premises.','R',NULL,3,9,24),(46,NULL,'Disinfects, cleans, and deodorizes the following hard nonporous inanimate surfaces: floors, walls, (non-medical) metal surfaces, (non-medical)stainless steel surfaces, glazed porcelain, plastic surfaces (such as polypropylene, polystyrene, etc.).','R',NULL,4,9,25),(47,NULL,'Use [on] [to clean and disinfect] nonporous athletic mats, wrestling mats, gymnastic mats, exercise equipment and training tables.','R',NULL,5,9,26),(48,NULL,'Use [on] [to clean and disinfect] nonporous personal protective safety equipment, wrestling headgear, boxing headgear, protective headgear, athletic helmets, hard hats, half mask respirators, full face breathing apparatus, gas masks, goggles, spectacles, face shields, hearing protectors, and ear muffs. Rinse all equipment that comes in prolonged contact with skin with warm water and allow to air dry before reuse. [Caution: Cleaning at the recommended 120ºF. temperature will avoid overheating and distortion of the personal safety equipment that would necessitate replacement.]','R',NULL,6,9,27),(49,NULL,'Recommended for use\r\n\r\nFederally inspected meat and poultry plants on all hard, nonporous surfaces in inedible product processing areas, non-processing areas, and / or exterior areas. All surfaces must be thoroughly rinsed with potable water.</font></font></p>\r\n\r\nFederally inspected meat and poultry plants as a floor and wall cleaner for use in all departments. Food products and packaging material must be removed from the room or carefully protected. All surfaces must be thoroughly rinsed with potable water.</font></font></p>\r\n\r\nFederally inspected meat and poultry plants as a disinfectant agent for use in all departments. Food products and packaging materials must be removed from the room or carefully protected. Use product in accordance with its label. All surfaces must be thoroughly rinsed with potable water.','R',NULL,7,9,28),(50,NULL,'Recommended for use in tanning salons.','R',NULL,8,9,29),(51,NULL,'Recommended for use on [tanning beds], [and] [tanning equipment]. ','R',NULL,9,9,30),(52,NULL,'Formulation HWS-256 is effective at controlling mold and mildew odor on mattresses, pillows and shower curtains.','R',NULL,10,9,31),(53,NULL,'Formulation HWS-256 can be used in the laundry to control odors on musty bedding and linens. Test on a small inconspicuous area before using.','R',NULL,11,9,32),(54,NULL,'Formulation HWS-256 may be used on mildew stains in damp areas such as bathrooms, showers, kitchens, basements and laundry rooms.','R',NULL,12,9,33),(55,NULL,'Formulation HWS-256</strong></font><font face=\"Arial, sans-serif\"> may be used in work areas such as tool rooms and garages for odor control and light duty cleaning.','R',NULL,13,9,34),(56,NULL,'Formulation HWS-256 may be used to remove odors caused by flooding and smoke from fires.','R',NULL,14,9,35),(57,NULL,'Formulation HWS-256 leaves a clean fresh scent.','R',NULL,15,9,36),(58,NULL,'Formulation HWS-256 provides long lasting freshness against tough (pet) odors from litter boxes and pet accidents.','R',NULL,16,9,37),(64,NULL,'{{Area Of Use}}. Disinfects, cleans, and deodorizes the following hard nonporous\r\ninanimate surfaces: {{Surface}}.',NULL,NULL,NULL,13,NULL),(65,NULL,'Federally inspected meat and poultry plants as a disinfectant\r\nagent for use in all departments. Food products and packaging materials must be removed\r\nfrom the room or carefully protected. Use product in accordance with its label. All surfaces\r\nmust be thoroughly rinsed with potable water.',NULL,NULL,NULL,14,NULL),(66,NULL,'For use in {{Area Of Use}}. For use in households.',NULL,NULL,NULL,15,NULL),(67,NULL,'A multi-purpose germicidal detergent and deodorant effective in hard waters up to 400 ppm hard water (calculated as CaCO<sub>3</sub>) plus 5 % organic serum. Disinfects, cleans, and deodorizes in one labor saving step.',NULL,NULL,NULL,16,NULL),(68,NULL,'Bactericidal against the following pathogenic bacteria according to the AOAC Use-Dilution Test method, current edition, modified in the presence of 400 ppm synthetic hard water (calculated as CaCO<sub>3</sub>) plus 5% organic serum:',NULL,NULL,NULL,17,NULL),(69,NULL,'Fungicidal against Trichophyton mentagrophytes and Candida albicans according to the AOAC fungicidal test, modified in the presense of 400 ppm hard water (calculated as CaCO<sub>3</sub>) plus 5% organic serum.',NULL,NULL,NULL,18,NULL),(70,NULL,'Virucidal against {{Claim}} according to the virucidal qualification, modified in the presence of 400 ppm hard water (calculated as CaCO<sub>3</sub>) plus 5 % organic serum.',NULL,NULL,NULL,19,NULL),(94,NULL,'Recommended for use in {{Area Of Use}}. Disinfects, cleans, and deodorizes the following hard nonporous inanimate surfaces: {{Surface}}. Recommended for use in: Federally inspected meat and poultry plants as a disinfectant agent for use in all departments. Food products and packaging materials must be removed from the room or carefully protected. Use product in accordance with its label. All surfaces must be thoroughly rinsed with potable water.',NULL,NULL,NULL,28,71),(95,NULL,'For use on Highchairs, Sealed terra cotta, Tanning Equipment, Plastic (such as polystyrene or polypropylene), Upholstery, Floors, Refrigerators, Conductive flooring, Refrigerated storage and display equipment, Glazed enameled surfaces, Garbage cans, Bathtubs (Fiberglass), Counters (countertops), Doorknobs, Stainless steel, Coils and drain pans of air conditioning and refri, Microwave ovens, Laminated surfaces, Tanning Beds, Other hard nonporous surfaces made of:, Sealed granite, Telephones, Desks, Outdoor furniture, Woodwork, Cabinets, Chairs, Sealed terrazzo, Bathroom fixtures, Countertop laminates, Metal, Appliances, Sealed limestone, Kennel runs, Sealed slate, Glazed ceramic and Cages.',NULL,NULL,NULL,29,72),(100,NULL,'Germicidal Detergent and Deordorant',NULL,NULL,NULL,32,NULL),(101,NULL,'For use in: {{Area Of Use}}. Disinfects, cleans, and deodorizes the following hard nonporous\r\ninanimate surfaces: {{Surface}}, etc.).',NULL,NULL,NULL,33,94),(102,NULL,'Federally inspected meat and poultry plants as a disinfectant agent for use in all departments. Food products and packaging materials must be removed from the room or carefully protected. Use product in accordance with its label. All surfaces must be thoroughly rinsed with potable water.',NULL,NULL,NULL,34,95),(103,NULL,'Germicidal Detergent and Deordorant',NULL,NULL,NULL,35,100),(104,NULL,'For use in {{Area Of Use}}.',NULL,NULL,NULL,37,NULL),(105,NULL,'Bactericidal against the following pathogenic bacteria according to the AOAC Use-Dilution Test method, current edition, modified in the presence of 400 ppm synthetic hard water (calculated as CaCO<sub>3</sub>) plus 5% organic serum:',NULL,NULL,NULL,36,NULL),(106,NULL,'A multi-purpose germicidal detergent and deodorant effective in hard waters up to 400 ppm hard water (calculated as CaCO<sub>3</sub>) plus 5 % organic serum. Disinfects, cleans, and deodorizes in one labor saving step.',NULL,NULL,NULL,38,NULL),(107,NULL,'Fungicidal against {{Claims}} albicans according to the AOAC fungicidal test, modified in the presense of 400 ppm hard water (calculated as CaCO<sub>3</sub>) plus 5% organic serum.',NULL,NULL,NULL,39,NULL),(108,NULL,'Virucidal against {{Claims}} according to the virucidal qualification, modified in the presence of 400 ppm hard water (calculated as CaCO3) plus 5 % organic serum.',NULL,NULL,NULL,40,NULL);
/*!40000 ALTER TABLE `m_marketingstatement` ENABLE KEYS */;
UNLOCK TABLES;

--
-- Table structure for table `m_storagedisposaldrivingconvol`
--

DROP TABLE IF EXISTS `m_storagedisposaldrivingconvol`;
/*!40101 SET @saved_cs_client     = @@character_set_client */;
/*!40101 SET character_set_client = utf8 */;
CREATE TABLE `m_storagedisposaldrivingconvol` (
  `ID` int(11) NOT NULL,
  `CONTAINERVOLUME` varchar(3) DEFAULT NULL,
  `FK_ID_M_STORAGEDISPOSALSECTION` int(11) NOT NULL,
  UNIQUE KEY `UMSTORAGEDISPOSALDRIVINGCON62604` (`ID`),
  KEY `MSTORAGEDISPOSALDRIVINGCONV63194` (`FK_ID_M_STORAGEDISPOSALSECTION`)
) ENGINE=InnoDB DEFAULT CHARSET=utf8;
/*!40101 SET character_set_client = @saved_cs_client */;

--
-- Dumping data for table `m_storagedisposaldrivingconvol`
--

LOCK TABLES `m_storagedisposaldrivingconvol` WRITE;
/*!40000 ALTER TABLE `m_storagedisposaldrivingconvol` DISABLE KEYS */;
INSERT INTO `m_storagedisposaldrivingconvol` VALUES (1,'1',18),(2,'5',18);
/*!40000 ALTER TABLE `m_storagedisposaldrivingconvol` ENABLE KEYS */;
UNLOCK TABLES;

--
-- Table structure for table `m_storagedisposalsection`
--

DROP TABLE IF EXISTS `m_storagedisposalsection`;
/*!40101 SET @saved_cs_client     = @@character_set_client */;
/*!40101 SET character_set_client = utf8 */;
CREATE TABLE `m_storagedisposalsection` (
  `ID` int(11) NOT NULL,
  `CONTAINERVOLUME` varchar(3) DEFAULT NULL,
  `SDSECTIONTYPE` varchar(20) DEFAULT NULL,
  `TITLE` varchar(254) DEFAULT NULL,
  `SUBTITLE` varchar(254) DEFAULT NULL,
  `BOLDITALIC` varchar(1) DEFAULT NULL,
  `NUMBEREACHSTATEMENT` varchar(1) DEFAULT NULL,
  `REVIEWERNOTE` longtext,
  `NOTEBOLDITALIC` varchar(1) DEFAULT NULL,
  `DELETEDFLAG` varchar(1) DEFAULT NULL,
  `AUTOSEQ` int(11) DEFAULT NULL,
  `FK_ID_MASTERLABELCONTENT` int(11) NOT NULL,
  `FK_ID_M_STORAGEDISPOSALSECTION` int(11) DEFAULT NULL,
  UNIQUE KEY `UMSTORAGEDISPOSALSECTIONID9760` (`ID`),
  UNIQUE KEY `UM_STORAGEDISPOSALSECTIONID62608` (`ID`),
  KEY `MSTORAGEDISPOSALSECTIONFK10387` (`FK_ID_MASTERLABELCONTENT`),
  KEY `MSTORAGEDISPOSALSECTIONFK10390` (`FK_ID_M_STORAGEDISPOSALSECTION`),
  KEY `MSTORAGEDISPOSALSECTIONFKID63276` (`FK_ID_MASTERLABELCONTENT`),
  KEY `MSTORAGEDISPOSALSECTIONFKID63279` (`FK_ID_M_STORAGEDISPOSALSECTION`)
) ENGINE=InnoDB DEFAULT CHARSET=utf8;
/*!40101 SET character_set_client = @saved_cs_client */;

--
-- Dumping data for table `m_storagedisposalsection`
--

LOCK TABLES `m_storagedisposalsection` WRITE;
/*!40000 ALTER TABLE `m_storagedisposalsection` DISABLE KEYS */;
INSERT INTO `m_storagedisposalsection` VALUES (9,'1','StorageDisposal1','STORAGE AND DISPOSAL',NULL,'R',NULL,'<p style=\"margin-bottom: 0in;\" align=\"JUSTIFY\"><font face=\"Arial, sans-serif\"><font style=\"font-size: 8pt;\" size=\"1\">(</font></font><font face=\"Arial, sans-serif\"><font style=\"font-size: 8pt;\" size=\"1\"><em>Note to reviewer: If the container size is one gallon or less, the following Storage and Disposal directions will be used:)</em></font></font></p>',NULL,NULL,1,5,NULL),(10,'5','StorageDisposal1','STORAGE AND DISPOSAL',NULL,'R',NULL,'<p>Note to reviewer: If the container size is greater than one gallon, the following Storage and Disposal directions will be used:)</p>',NULL,NULL,2,5,NULL),(11,'1','StorageDisposal1','STORAGE AND DISPOSAL',NULL,'R',NULL,'<p style=\"margin-bottom: 0in;\" align=\"JUSTIFY\"><font face=\"Arial, sans-serif\"><font style=\"font-size: 8pt;\" size=\"1\">(</font></font><font face=\"Arial, sans-serif\"><font style=\"font-size: 8pt;\" size=\"1\"><em>Note to reviewer: If the container size is one gallon or less, the following Storage and Disposal directions will be used:)</em></font></font></p>',NULL,NULL,1,6,9),(12,'5','StorageDisposal1','STORAGE AND DISPOSAL',NULL,'R',NULL,'<p>Note to reviewer: If the container size is greater than one gallon, the following Storage and Disposal directions will be used:)</p>',NULL,NULL,2,6,10),(15,'1','StorageDisposal1','STORAGE AND DISPOSAL',NULL,'R',NULL,'',NULL,NULL,1,9,13),(16,'5','StorageDisposal1','STORAGE AND DISPOSAL',NULL,'R',NULL,'<p>Note to reviewer: If the container size is greater than one gallon, the following Storage and Disposal directions will be used:)</p>',NULL,NULL,2,9,14),(18,'5','StorageDisposal1','STORAGE AND DISPOSAL',NULL,'R',NULL,'<p>Note to reviewer: If the container size is greater than one gallon, the following Storage and Disposal directions will be used:)</p>',NULL,NULL,2,10,16);
/*!40000 ALTER TABLE `m_storagedisposalsection` ENABLE KEYS */;
UNLOCK TABLES;

--
-- Table structure for table `m_storagedisposalstatement`
--

DROP TABLE IF EXISTS `m_storagedisposalstatement`;
/*!40101 SET @saved_cs_client     = @@character_set_client */;
/*!40101 SET character_set_client = utf8 */;
CREATE TABLE `m_storagedisposalstatement` (
  `ID` int(11) NOT NULL,
  `z_ORDER` int(11) DEFAULT NULL,
  `TITLE` varchar(254) DEFAULT NULL,
  `BOLDITALIC` varchar(1) DEFAULT NULL,
  `z_TEXT` longtext,
  `NOTFORUSETEXT` longtext,
  `NOTFORUSETYPE` varchar(2) NOT NULL,
  `REVIEWERNOTE` longtext,
  `DELETEDFLAG` varchar(1) DEFAULT NULL,
  `AUTOSEQ` int(11) DEFAULT NULL,
  `FK_ID_M_STORAGEDISPOSALSECTION` int(11) NOT NULL,
  `FK_ID_M_STORAGEDISPOSALSTATEMENT` int(11) DEFAULT NULL,
  UNIQUE KEY `UMSTORAGEDISPOSALSTATEMENT9772` (`ID`),
  UNIQUE KEY `UMSTORAGEDISPOSALSTATEMENTI62620` (`ID`),
  KEY `MSTORAGEDISPOSALSTATEMENT10373` (`FK_ID_M_STORAGEDISPOSALSECTION`),
  KEY `MSTORAGEDISPOSALSTATEME0210376` (`FK_ID_M_STORAGEDISPOSALSTATEMENT`),
  KEY `MSTORAGEDISPOSALSTATEMENTFK63264` (`FK_ID_M_STORAGEDISPOSALSECTION`),
  KEY `MSTORAGEDISPOSALSTATEMENTFK63267` (`FK_ID_M_STORAGEDISPOSALSTATEMENT`)
) ENGINE=InnoDB DEFAULT CHARSET=utf8;
/*!40101 SET character_set_client = @saved_cs_client */;

--
-- Dumping data for table `m_storagedisposalstatement`
--

LOCK TABLES `m_storagedisposalstatement` WRITE;
/*!40000 ALTER TABLE `m_storagedisposalstatement` DISABLE KEYS */;
INSERT INTO `m_storagedisposalstatement` VALUES (21,NULL,NULL,'R','Store in original container in areas inaccessible to children. Do not reuse empty container. (Wrap and) Discard in trash or recycle.',NULL,'NA',NULL,NULL,NULL,9,NULL),(22,NULL,NULL,'R','Do not contaminate water, food, or feed by storage or disposal. </font>',NULL,'NA',NULL,NULL,1,10,NULL),(23,NULL,'Pesticide Storage','R','Store in original container in areas inaccessible to children. Open dumping is prohibited. Do not reuse empty container.</font>',NULL,'NA',NULL,NULL,2,10,NULL),(24,NULL,'Pesticide Disposal','R','Pesticide wastes are acutely hazardous. Improper disposal of excess pesticide, spray mixture, or rinsate is a violation of Federal law. If these wastes cannot be disposed of by use according to label instructions, contact your State Pesticide or Environmental Control Agency, or the Hazardous Waste representative at the nearest EPA Regional Office for guidance.',NULL,'NA',NULL,NULL,3,10,NULL),(25,NULL,'Container Disposal','R','(Plastic containers:) Triple rinse (or equivalent). Then offer for recycling or reconditioning, or puncture and dispose of in a sanitary landfill, or incinerate, or if allowed by state and local authorities, burn. If burned, stay out of smoke.\r\n(Fiber Drums With Liner:) Completely empty liner by shaking and tapping sides and bottom to loosen clinging particles. Empty residue into application equipment. Then dispose of liner in a sanitary landfill or by incineration if allowed by state and local authorities. If drum is contaminated and cannot by reused, dispose of in the same manner.\r\n(Metal Container:) Triple rinse (or equivalent). Then offer for recycling or reconditioning or puncture and dispose of in a sanitary landfill, or dispose of by other procedures approved by state and local authorities.\r\n(For Bag-in-Box Containers:) Completely empty bag into application equipment. Dispose of empty bag in a sanitary landfill or by incineration, or if allowed by state and local authorities by burning or dispose of by other procedures approved by state and local authorities. If burned, stay out of smoke.\r\n',NULL,'NA',NULL,NULL,4,10,NULL),(26,NULL,NULL,'R','Store in original container in areas inaccessible to children. Do not reuse empty container. (Wrap and) Discard in trash or recycle.',NULL,'NA',NULL,NULL,NULL,11,21),(27,NULL,NULL,'R','Do not contaminate water, food, or feed by storage or disposal. </font>',NULL,'NA',NULL,NULL,1,12,22),(28,NULL,'Pesticide Storage','R','Store in original container in areas inaccessible to children. Open dumping is prohibited. Do not reuse empty container.</font>',NULL,'NA',NULL,NULL,2,12,23),(29,NULL,'Pesticide Disposal','R','Pesticide wastes are acutely hazardous. Improper disposal of excess pesticide, spray mixture, or rinsate is a violation of Federal law. If these wastes cannot be disposed of by use according to label instructions, contact your State Pesticide or Environmental Control Agency, or the Hazardous Waste representative at the nearest EPA Regional Office for guidance.',NULL,'NA',NULL,NULL,3,12,24),(30,NULL,'Container Disposal','R','(Plastic containers:) Triple rinse (or equivalent). Then offer for recycling or reconditioning, or puncture and dispose of in a sanitary landfill, or incinerate, or if allowed by state and local authorities, burn. If burned, stay out of smoke.\r\n(Fiber Drums With Liner:) Completely empty liner by shaking and tapping sides and bottom to loosen clinging particles. Empty residue into application equipment. Then dispose of liner in a sanitary landfill or by incineration if allowed by state and local authorities. If drum is contaminated and cannot by reused, dispose of in the same manner.\r\n(Metal Container:) Triple rinse (or equivalent). Then offer for recycling or reconditioning or puncture and dispose of in a sanitary landfill, or dispose of by other procedures approved by state and local authorities.\r\n(For Bag-in-Box Containers:) Completely empty bag into application equipment. Dispose of empty bag in a sanitary landfill or by incineration, or if allowed by state and local authorities by burning or dispose of by other procedures approved by state and local authorities. If burned, stay out of smoke.\r\n',NULL,'NA',NULL,NULL,4,12,25),(36,NULL,NULL,'R','Store in original container in areas inaccessible to children. Do not reuse empty container. (Wrap and) Discard in trash or recycle.',NULL,'NA',NULL,NULL,NULL,15,31),(37,NULL,NULL,'R','Do not contaminate water, food, or feed by storage or disposal.',NULL,'NA',NULL,NULL,1,16,32),(38,NULL,'Pesticide Storage','R','Store in original container in areas inaccessible to children. Open dumping is prohibited. Do not reuse empty container.',NULL,'NA',NULL,NULL,2,16,33),(39,NULL,'Pesticide Disposal','R','Pesticide wastes are acutely hazardous. Improper disposal of excess pesticide, spray mixture, or rinsate is a violation of Federal law. If these wastes cannot be disposed of by use according to label instructions, contact your State Pesticide or Environmental Control Agency, or the Hazardous Waste representative at the nearest EPA Regional Office for guidance.',NULL,'NA',NULL,NULL,3,16,34),(40,NULL,'Container Disposal','R','(Plastic containers:) Triple rinse (or equivalent). Then offer for recycling or reconditioning, or puncture and dispose of in a sanitary landfill, or incinerate, or if allowed by state and local authorities, burn. If burned, stay out of smoke.\r\n(Fiber Drums With Liner:) Completely empty liner by shaking and tapping sides and bottom to loosen clinging particles. Empty residue into application equipment. Then dispose of liner in a sanitary landfill or by incineration if allowed by state and local authorities. If drum is contaminated and cannot by reused, dispose of in the same manner.\r\n(Metal Container:) Triple rinse (or equivalent). Then offer for recycling or reconditioning or puncture and dispose of in a sanitary landfill, or dispose of by other procedures approved by state and local authorities.\r\n(For Bag-in-Box Containers:) Completely empty bag into application equipment. Dispose of empty bag in a sanitary landfill or by incineration, or if allowed by state and local authorities by burning or dispose of by other procedures approved by state and local authorities. If burned, stay out of smoke.\r\n',NULL,'NA',NULL,NULL,4,16,35),(42,NULL,'Storage and Disposal','R','(containers for household/residential use) Store in original container in areas inaccessible to children. Nonrefillable container. Do not reuse or refill this container. Offer for recycling if available.',NULL,'NA','',NULL,1,18,37),(43,NULL,'Storage and Disposal','R','(containers for commercial, industrial, and institutional use) Do not contaminate water, food, or feed by storage or disposal.',NULL,'NA',NULL,NULL,2,18,38),(44,NULL,'Pesticide Disposal','R','Store in original container in areas inaccessible to children. Open dumping is prohibited. Do not reuse empty container.',NULL,'NA',NULL,NULL,3,18,39),(45,NULL,'Pesticide Disposal','R','Pesticide wastes are acutely hazardous. Improper disposal of excess pesticide, spray mixture or rinsate is a violation of Federal Law. If these wastes cannot be disposed of by use according to label instruction, contact your local State Pesticide or Environmental Control Agency, or the Hazardous Waste representative at the nearest EPA Regional Office for guidance.',NULL,'NA',NULL,NULL,4,18,40),(46,NULL,'Container Handling','R','(Plastic containers:) Nonrefillable container. Do not reuse or refill this container. Triple rinse container (or equivalent) promptly after emptying. Triple rinse as follows: Fill container 1/4 full with water. Tip container on side and roll it back and forth, ensuring at least one complete revolution for 30 seconds. Stand container on its end and tip it back and forth several times. Turn the container over its other end and tip it back and forth several times. Follow Pesticide Disposal instructions for rinsate disposal. Repeat two more times.',NULL,'NA',NULL,NULL,5,18,NULL);
/*!40000 ALTER TABLE `m_storagedisposalstatement` ENABLE KEYS */;
UNLOCK TABLES;

--
-- Table structure for table `m_usage`
--

DROP TABLE IF EXISTS `m_usage`;
/*!40101 SET @saved_cs_client     = @@character_set_client */;
/*!40101 SET character_set_client = utf8 */;
CREATE TABLE `m_usage` (
  `ID` int(11) NOT NULL,
  `USAGETYPE` varchar(1) NOT NULL,
  `CLAIMSCLASSIFICATION` varchar(16) DEFAULT NULL,
  `NAME` varchar(254) NOT NULL,
  `BOLDITALIC` varchar(1) DEFAULT NULL,
  `REVIEWERNOTE` varchar(254) DEFAULT NULL,
  `NOTEBOLDITALIC` varchar(1) DEFAULT NULL,
  `DELETEDFLAG` varchar(1) DEFAULT NULL,
  `AUTOSEQ` int(11) DEFAULT NULL,
  `FK_ID_M_USAGEFOOTNOTE` int(11) DEFAULT NULL,
  `FK_ID_M_USAGETYPE` int(11) DEFAULT NULL,
  `FK_ID_M_USAGE` int(11) DEFAULT NULL,
  `FK_ID_MASTERLABELCONTENT` int(11) DEFAULT NULL,
  UNIQUE KEY `UM_USAGE_ID_97830` (`ID`),
  UNIQUE KEY `UM_USAGE_ID_626310` (`ID`),
  KEY `M_USAGE_FK_ID_M_USAGE_104170` (`FK_ID_M_USAGE`),
  KEY `M_USAGEFKIDMASTERLABELCON10453` (`FK_ID_MASTERLABELCONTENT`),
  KEY `M_USAGE_FK_ID_M_USAGETYPE41481` (`FK_ID_M_USAGETYPE`),
  KEY `M_USAGE_FK_IDMUSAGEFOOTNOTE63182` (`FK_ID_M_USAGEFOOTNOTE`),
  KEY `M_USAGE_FK_ID_M_USAGETYPE_631930` (`FK_ID_M_USAGETYPE`),
  KEY `M_USAGE_FK_ID_M_USAGE_632910` (`FK_ID_M_USAGE`),
  KEY `MUSAGEFKIDMASTERLABELCONTEN63319` (`FK_ID_MASTERLABELCONTENT`)
) ENGINE=InnoDB DEFAULT CHARSET=utf8;
/*!40101 SET character_set_client = @saved_cs_client */;

--
-- Dumping data for table `m_usage`
--

LOCK TABLES `m_usage` WRITE;
/*!40000 ALTER TABLE `m_usage` DISABLE KEYS */;
INSERT INTO `m_usage` VALUES (737,'S',NULL,'Sealed stone',NULL,NULL,NULL,NULL,NULL,NULL,NULL,NULL,5),(738,'U',NULL,'Prisons',NULL,NULL,NULL,NULL,NULL,NULL,NULL,NULL,5),(739,'U',NULL,'Institutional Kitchens',NULL,NULL,NULL,NULL,NULL,NULL,NULL,NULL,5),(740,'C','Viruses','*Influenza A/ Hong Kong',NULL,NULL,NULL,NULL,NULL,NULL,NULL,NULL,5),(741,'U',NULL,'Buses',NULL,NULL,NULL,NULL,NULL,NULL,NULL,NULL,5),(742,'U',NULL,'Homes (Households)',NULL,NULL,NULL,NULL,NULL,NULL,NULL,NULL,5),(743,'C','Viruses','*Herpes Simplex Type 1',NULL,NULL,NULL,NULL,NULL,NULL,NULL,NULL,5),(744,'U',NULL,'Zoos',NULL,NULL,NULL,NULL,NULL,NULL,NULL,NULL,5),(745,'U',NULL,'Food Processing Plants',NULL,NULL,NULL,NULL,NULL,NULL,NULL,NULL,5),(746,'C','Viruses','*Feline leukemia',NULL,NULL,NULL,NULL,NULL,NULL,NULL,NULL,5),(747,'C','Viruses','*Transmissible gastroenteritis virus (TGE)\Z',NULL,NULL,NULL,NULL,NULL,NULL,NULL,NULL,5),(748,'U',NULL,'Locker Rooms',NULL,NULL,NULL,NULL,NULL,NULL,NULL,NULL,5),(749,'U',NULL,'Animal Life Science Laboratories',NULL,NULL,NULL,NULL,NULL,NULL,NULL,NULL,5),(750,'S',NULL,'Plastic (such as polystyrene or polypropylene)',NULL,NULL,NULL,NULL,NULL,NULL,NULL,NULL,5),(751,'S',NULL,'Other hard nonporous surfaces made of:',NULL,NULL,NULL,NULL,NULL,NULL,NULL,NULL,5),(752,'S',NULL,'Refrigerators',NULL,NULL,NULL,NULL,NULL,NULL,NULL,NULL,5),(753,'S',NULL,'Garbage cans',NULL,NULL,NULL,NULL,NULL,NULL,NULL,NULL,5),(754,'S',NULL,'Counters (countertops)',NULL,NULL,NULL,NULL,NULL,NULL,NULL,NULL,5),(755,'S',NULL,'Cabinets',NULL,NULL,NULL,NULL,NULL,NULL,NULL,NULL,5),(756,'U',NULL,'Office Buildings',NULL,NULL,NULL,NULL,NULL,NULL,NULL,NULL,5),(757,'U',NULL,'Bathrooms',NULL,NULL,NULL,NULL,NULL,NULL,NULL,NULL,5),(758,'U',NULL,'Mortuaries',NULL,NULL,NULL,NULL,NULL,NULL,NULL,NULL,5),(759,'U',NULL,'Transportation Terminals',NULL,NULL,NULL,NULL,NULL,NULL,NULL,NULL,5),(760,'U',NULL,'Emergency Vehicles',NULL,NULL,NULL,NULL,NULL,NULL,NULL,NULL,5),(761,'U',NULL,'Hog Farms',NULL,NULL,NULL,NULL,NULL,NULL,NULL,NULL,5),(762,'U',NULL,'Federally Inspected Meat and Poultry Plants',NULL,NULL,NULL,NULL,NULL,NULL,NULL,NULL,5),(763,'U',NULL,'Dental Offices',NULL,NULL,NULL,NULL,NULL,NULL,NULL,NULL,5),(764,'U',NULL,'Commercial Institutions',NULL,NULL,NULL,NULL,NULL,NULL,NULL,NULL,5),(765,'U',NULL,'Campers',NULL,NULL,NULL,NULL,NULL,NULL,NULL,NULL,5),(766,'U',NULL,'Breweries',NULL,NULL,NULL,NULL,NULL,NULL,NULL,NULL,5),(767,'U',NULL,'Bars',NULL,NULL,NULL,NULL,NULL,NULL,NULL,NULL,5),(768,'U',NULL,'Animal Laboratories',NULL,NULL,NULL,NULL,NULL,NULL,NULL,NULL,5),(769,'C','Viruses','*Rubella (German Measles)',NULL,NULL,NULL,NULL,NULL,NULL,NULL,NULL,5),(770,'U',NULL,'Institutional Facilities',NULL,NULL,NULL,NULL,NULL,NULL,NULL,NULL,5),(771,'U',NULL,'Laundry Industry',NULL,NULL,NULL,NULL,NULL,NULL,NULL,NULL,5),(772,'U',NULL,'Morgues',NULL,NULL,NULL,NULL,NULL,NULL,NULL,NULL,5),(773,'C','Fungi','[a cause of Ringworm] [a cause of Ringworm of the foot]',NULL,NULL,NULL,NULL,NULL,NULL,NULL,NULL,5),(774,'U',NULL,'Tack Shops',NULL,NULL,NULL,NULL,NULL,NULL,NULL,NULL,5),(775,'U',NULL,'Convenience Stores',NULL,NULL,NULL,NULL,NULL,NULL,NULL,NULL,5),(776,'U',NULL,'Whirlpool and Foot Spa Use',NULL,NULL,NULL,NULL,NULL,NULL,NULL,NULL,5),(777,'U',NULL,'Trains',NULL,NULL,NULL,NULL,NULL,NULL,NULL,NULL,5),(778,'U',NULL,'Shower and Bath Areas',NULL,NULL,NULL,NULL,NULL,NULL,NULL,NULL,5),(779,'U',NULL,'Recreational Vehicle Use',NULL,NULL,NULL,NULL,NULL,NULL,NULL,NULL,5),(780,'U',NULL,'Poultry Farms',NULL,NULL,NULL,NULL,NULL,NULL,NULL,NULL,5),(781,'U',NULL,'Nursing Homes',NULL,NULL,NULL,NULL,NULL,NULL,NULL,NULL,5),(782,'C','Viruses','*Infectious bronchitis (Avian IBV)',NULL,NULL,NULL,NULL,NULL,NULL,NULL,NULL,5),(783,'U',NULL,'Institutions',NULL,NULL,NULL,NULL,NULL,NULL,NULL,NULL,5),(784,'S',NULL,'Glazed ceramic',NULL,NULL,NULL,NULL,NULL,NULL,NULL,NULL,5),(785,'U',NULL,'Hospitals',NULL,NULL,NULL,NULL,NULL,NULL,NULL,NULL,5),(786,'U',NULL,'Salons (Beauty)',NULL,NULL,NULL,NULL,NULL,NULL,NULL,NULL,5),(787,'U',NULL,'Cars',NULL,NULL,NULL,NULL,NULL,NULL,NULL,NULL,5),(788,'C','Bacteria','Staphylococcus aureus- Methicillin resistant (MRSA)',NULL,NULL,NULL,NULL,NULL,NULL,NULL,NULL,5),(789,'S',NULL,'Refrigerated storage and display equipment',NULL,NULL,NULL,NULL,NULL,NULL,NULL,NULL,5),(790,'C','Viruses','*Herpes Simplex Type 2',NULL,NULL,NULL,NULL,NULL,NULL,NULL,NULL,5),(791,'U',NULL,'Protective Safety Gear',NULL,NULL,NULL,NULL,NULL,NULL,NULL,NULL,5),(792,'U',NULL,'Business and Office Buildings',NULL,NULL,NULL,NULL,NULL,NULL,NULL,NULL,5),(793,'C','Bacteria','(2)  antibiotic-resistant strain only',NULL,NULL,NULL,NULL,NULL,NULL,NULL,NULL,5),(794,'U',NULL,'Correctional Facilities',NULL,NULL,NULL,NULL,NULL,NULL,NULL,NULL,5),(795,'U',NULL,'Tanning Salons',NULL,NULL,NULL,NULL,NULL,NULL,NULL,NULL,5),(796,'C','Viruses','*Pseudorabies (PRV)',NULL,NULL,NULL,NULL,NULL,NULL,NULL,NULL,5),(797,'T',NULL,'General Purpose Anti-microbial',NULL,NULL,NULL,NULL,NULL,NULL,NULL,NULL,5),(798,'U',NULL,'Food Storage Areas',NULL,NULL,NULL,NULL,NULL,NULL,NULL,NULL,5),(799,'C','Viruses','*Feline picomavirus',NULL,NULL,NULL,NULL,NULL,NULL,NULL,NULL,5),(800,'S',NULL,'Sealed terra cotta',NULL,NULL,NULL,NULL,NULL,NULL,NULL,NULL,5),(801,'U',NULL,'Turkey Farms',NULL,NULL,NULL,NULL,NULL,NULL,NULL,NULL,5),(802,'U',NULL,'Equine Farms',NULL,NULL,NULL,NULL,NULL,NULL,NULL,NULL,5),(803,'C','Viruses','*Adenovirus Type 4',NULL,NULL,NULL,NULL,NULL,NULL,NULL,NULL,5),(804,'S',NULL,'Sealed granite',NULL,NULL,NULL,NULL,NULL,NULL,NULL,NULL,5),(805,'C','Bacteria','Salmonella typhimurium',NULL,NULL,NULL,NULL,NULL,NULL,NULL,NULL,5),(806,'S',NULL,'Highchairs',NULL,NULL,NULL,NULL,NULL,NULL,NULL,NULL,5),(807,'U',NULL,'Restaurants',NULL,NULL,NULL,NULL,NULL,NULL,NULL,NULL,5),(808,'U',NULL,'Carpeting',NULL,NULL,NULL,NULL,NULL,NULL,NULL,NULL,5),(809,'C','Bacteria','(1)  ATCC & antibiotic-resistant strain',NULL,NULL,NULL,NULL,NULL,NULL,NULL,NULL,5),(810,'C','Bacteria','<p>Staphylococcus aureus<sub> (1)</sub></p>',NULL,NULL,NULL,NULL,NULL,NULL,NULL,NULL,5),(811,'C','Bacteria','Salmonella typhi',NULL,NULL,NULL,NULL,NULL,NULL,NULL,NULL,5),(812,'C','Bacteria','Proteus mirabilis',NULL,NULL,NULL,NULL,NULL,NULL,NULL,NULL,5),(813,'C','Bacteria','Fusobacterium necrophorum',NULL,NULL,NULL,NULL,NULL,NULL,NULL,NULL,5),(814,'C','Bacteria','Chlamydia psittaci',NULL,NULL,NULL,NULL,NULL,NULL,NULL,NULL,5),(815,'T',NULL,'Algaecide',NULL,NULL,NULL,NULL,NULL,NULL,NULL,NULL,5),(816,'C','Bacteria','Enterobacter aerogenes',NULL,NULL,NULL,NULL,NULL,NULL,NULL,NULL,5),(817,'C','Viruses','*Vaccinia [Pox virus]',NULL,NULL,NULL,NULL,NULL,NULL,NULL,NULL,5),(818,'U',NULL,'Medical Clinics',NULL,NULL,NULL,NULL,NULL,NULL,NULL,NULL,5),(819,'T',NULL,'Disinfectant',NULL,NULL,NULL,NULL,NULL,NULL,NULL,NULL,5),(820,'U',NULL,'Pet Animal Quarters',NULL,NULL,NULL,NULL,NULL,NULL,NULL,NULL,5),(821,'U',NULL,'Beverage Plants',NULL,NULL,NULL,NULL,NULL,NULL,NULL,NULL,5),(822,'C','Bacteria','Proteus vulgaris',NULL,NULL,NULL,NULL,NULL,NULL,NULL,NULL,5),(823,'S',NULL,'Countertop laminates',NULL,NULL,NULL,NULL,NULL,NULL,NULL,NULL,5),(824,'U',NULL,'Motels',NULL,NULL,NULL,NULL,NULL,NULL,NULL,NULL,5),(825,'U',NULL,'Athletic Facilities',NULL,NULL,NULL,NULL,NULL,NULL,NULL,NULL,5),(826,'C','Bacteria','<p>Kiebsiella pneumoniae<sub> (1)</sub></p>',NULL,NULL,NULL,NULL,NULL,NULL,NULL,NULL,5),(827,'S',NULL,'Cages',NULL,NULL,NULL,NULL,NULL,NULL,NULL,NULL,5),(828,'S',NULL,'Woodwork',NULL,NULL,NULL,NULL,NULL,NULL,NULL,NULL,5),(829,'T',NULL,'Viruscide',NULL,NULL,NULL,NULL,NULL,NULL,NULL,NULL,5),(830,'U',NULL,'Pet Shops',NULL,NULL,NULL,NULL,NULL,NULL,NULL,NULL,5),(831,'U',NULL,'Mushroom Farms',NULL,NULL,NULL,NULL,NULL,NULL,NULL,NULL,5),(832,'U',NULL,'Medical Offices',NULL,NULL,NULL,NULL,NULL,NULL,NULL,NULL,5),(833,'U',NULL,'Kennels',NULL,NULL,NULL,NULL,NULL,NULL,NULL,NULL,5),(834,'U',NULL,'Hotels',NULL,NULL,NULL,NULL,NULL,NULL,NULL,NULL,5),(835,'U',NULL,'Funeral Homes',NULL,NULL,NULL,NULL,NULL,NULL,NULL,NULL,5),(836,'U',NULL,'Factories',NULL,NULL,NULL,NULL,NULL,NULL,NULL,NULL,5),(837,'U',NULL,'Dairy Farms',NULL,NULL,NULL,NULL,NULL,NULL,NULL,NULL,5),(838,'U',NULL,'Citus Plants ',NULL,NULL,NULL,NULL,NULL,NULL,NULL,NULL,5),(839,'U',NULL,'Public Facilities',NULL,NULL,NULL,NULL,NULL,NULL,NULL,NULL,5),(840,'U',NULL,'Schools',NULL,NULL,NULL,NULL,NULL,NULL,NULL,NULL,5),(841,'U',NULL,'Taxis',NULL,NULL,NULL,NULL,NULL,NULL,NULL,NULL,5),(842,'S',NULL,'Stainless steel',NULL,NULL,NULL,NULL,NULL,NULL,NULL,NULL,5),(843,'S',NULL,'Sealed marble',NULL,NULL,NULL,NULL,NULL,NULL,NULL,NULL,5),(844,'S',NULL,'Laminated surfaces',NULL,NULL,NULL,NULL,NULL,NULL,NULL,NULL,5),(845,'S',NULL,'Tanning Equipment',NULL,NULL,NULL,NULL,NULL,NULL,NULL,NULL,5),(846,'S',NULL,'Microwave ovens',NULL,NULL,NULL,NULL,NULL,NULL,NULL,NULL,5),(847,'S',NULL,'Doorknobs',NULL,NULL,NULL,NULL,NULL,NULL,NULL,NULL,5),(848,'S',NULL,'Coils and drain pans of air conditioning and refrigeration equipment and heat pumps',NULL,NULL,NULL,NULL,NULL,NULL,NULL,NULL,5),(849,'S',NULL,'Bathroom fixtures',NULL,NULL,NULL,NULL,NULL,NULL,NULL,NULL,5),(850,'U',NULL,'USDA Inspected Food Processing Facilities',NULL,NULL,NULL,NULL,NULL,NULL,NULL,NULL,5),(851,'U',NULL,'Cafeterias',NULL,NULL,NULL,NULL,NULL,NULL,NULL,NULL,5),(852,'U',NULL,'Boats',NULL,NULL,NULL,NULL,NULL,NULL,NULL,NULL,5),(853,'T',NULL,'Tuberculocide',NULL,NULL,NULL,NULL,NULL,NULL,NULL,NULL,5),(854,'T',NULL,'Sanitizer',NULL,NULL,NULL,NULL,NULL,NULL,NULL,NULL,5),(855,'S',NULL,'Sealed terrazzo',NULL,NULL,NULL,NULL,NULL,NULL,NULL,NULL,5),(856,'S',NULL,'Sealed limestone',NULL,NULL,NULL,NULL,NULL,NULL,NULL,NULL,5),(857,'S',NULL,'Glazed enameled surfaces',NULL,NULL,NULL,NULL,NULL,NULL,NULL,NULL,5),(858,'S',NULL,'Tanning Beds',NULL,NULL,NULL,NULL,NULL,NULL,NULL,NULL,5),(859,'S',NULL,'Kennel runs',NULL,NULL,NULL,NULL,NULL,NULL,NULL,NULL,5),(860,'S',NULL,'Desks',NULL,NULL,NULL,NULL,NULL,NULL,NULL,NULL,5),(861,'S',NULL,'Chairs',NULL,NULL,NULL,NULL,NULL,NULL,NULL,NULL,5),(862,'C','Bacteria','Enterobacter cloacae',NULL,NULL,NULL,NULL,NULL,NULL,NULL,NULL,5),(863,'C','Bacteria','Legionella pneumophilia',NULL,NULL,NULL,NULL,NULL,NULL,NULL,NULL,5),(864,'C','Bacteria','<p>Pseudomonas aeruginosa<sub> (1)</sub></p>',NULL,NULL,NULL,NULL,NULL,NULL,NULL,NULL,5),(865,'U',NULL,'Automotive Industy',NULL,NULL,NULL,NULL,NULL,NULL,NULL,NULL,5),(866,'U',NULL,'Airplanes',NULL,NULL,NULL,NULL,NULL,NULL,NULL,NULL,5),(867,'C','Viruses','*Rabies',NULL,NULL,NULL,NULL,NULL,NULL,NULL,NULL,5),(868,'C','Viruses','*Human coronavirus ',NULL,NULL,NULL,NULL,NULL,NULL,NULL,NULL,5),(869,'C','Viruses','*HIV-1 (AIDS virus)',NULL,NULL,NULL,NULL,NULL,NULL,NULL,NULL,5),(870,'C','Viruses','*Avian polyomavirus',NULL,NULL,NULL,NULL,NULL,NULL,NULL,NULL,5),(871,'C','Fungi','Aspergillus niger',NULL,NULL,NULL,NULL,NULL,NULL,NULL,NULL,5),(872,'C','Bacteria','Staphylococcus aureus- Vancomycin Intermediate Resistant (VISA)',NULL,NULL,NULL,NULL,NULL,NULL,NULL,NULL,5),(873,'C','Bacteria','Serratia marcescens',NULL,NULL,NULL,NULL,NULL,NULL,NULL,NULL,5),(874,'S',NULL,'Appliances',NULL,NULL,NULL,NULL,NULL,NULL,NULL,NULL,5),(875,'C','Viruses','*Hepatitis C Virus (HCV)',NULL,NULL,NULL,NULL,NULL,NULL,NULL,NULL,5),(876,'S',NULL,'Telephones',NULL,NULL,NULL,NULL,NULL,NULL,NULL,NULL,5),(877,'S',NULL,'Outdoor furniture',NULL,NULL,NULL,NULL,NULL,NULL,NULL,NULL,5),(878,'S',NULL,'Floors',NULL,NULL,NULL,NULL,NULL,NULL,NULL,NULL,5),(879,'S',NULL,'Conductive flooring',NULL,NULL,NULL,NULL,NULL,NULL,NULL,NULL,5),(880,'S',NULL,'Bathtubs (Fiberglass)',NULL,NULL,NULL,NULL,NULL,NULL,NULL,NULL,5),(881,'U',NULL,'Verterinary Clinics',NULL,NULL,NULL,NULL,NULL,NULL,NULL,NULL,5),(882,'U',NULL,'Trailers',NULL,NULL,NULL,NULL,NULL,NULL,NULL,NULL,5),(883,'U',NULL,'Ships',NULL,NULL,NULL,NULL,NULL,NULL,NULL,NULL,5),(884,'U',NULL,'Public Rest Rooms',NULL,NULL,NULL,NULL,NULL,NULL,NULL,NULL,5),(885,'S',NULL,'Metal',NULL,NULL,NULL,NULL,NULL,NULL,NULL,NULL,5),(886,'S',NULL,'Sealed slate',NULL,NULL,NULL,NULL,NULL,NULL,NULL,NULL,5),(887,'S',NULL,'Upholstery',NULL,NULL,NULL,NULL,NULL,NULL,NULL,NULL,5),(888,'C','Viruses','*Canine parvovirus- at 2 oz. per gallon',NULL,NULL,NULL,NULL,NULL,NULL,NULL,NULL,5),(889,'C','Fungi','Trichophyton mentagrophytes [Athlete\'s Foot Fungus]',NULL,NULL,NULL,NULL,NULL,NULL,NULL,NULL,5),(890,'C','Bacteria','<p>Streptococcus faecalis<sub> (1)</sub></p>',NULL,NULL,NULL,NULL,NULL,NULL,NULL,NULL,5),(891,'C','Bacteria','Shigella sonnei',NULL,NULL,NULL,NULL,NULL,NULL,NULL,NULL,5),(892,'C','Bacteria','Salmonella enteritidis',NULL,NULL,NULL,NULL,NULL,NULL,NULL,NULL,5),(893,'C','Bacteria','Pasteurella multocida ',NULL,NULL,NULL,NULL,NULL,NULL,NULL,NULL,5),(894,'C','Bacteria','<p>Escherichia coli<sub> (1)</sub></p>',NULL,NULL,NULL,NULL,NULL,NULL,NULL,NULL,5),(895,'C','Bacteria','Bordetella bronchiseptica',NULL,NULL,NULL,NULL,NULL,NULL,NULL,NULL,5),(896,'T',NULL,'Fungicide',NULL,NULL,NULL,NULL,NULL,NULL,NULL,NULL,5),(897,'U',NULL,'Playground Equipment',NULL,NULL,NULL,NULL,NULL,NULL,NULL,NULL,5),(898,'U',NULL,'Nurseries',NULL,NULL,NULL,NULL,NULL,NULL,NULL,NULL,5),(899,'C','Viruses','*Infectious bovine rhinotracheitis',NULL,NULL,NULL,NULL,NULL,NULL,NULL,NULL,5),(900,'C','Viruses','*Hepatitis B Virus (HBV)',NULL,NULL,NULL,NULL,NULL,NULL,NULL,NULL,5),(901,'C','Viruses','*Canine distemper',NULL,NULL,NULL,NULL,NULL,NULL,NULL,NULL,5),(902,'C','Fungi','Candida albicans',NULL,NULL,NULL,NULL,NULL,NULL,NULL,NULL,5),(903,'C','Bacteria','<p>Staphylococcus epidermidis<sub> (2)</sub></p>',NULL,NULL,NULL,NULL,NULL,NULL,NULL,NULL,5),(904,'C','Bacteria','Shigella fiexneri',NULL,NULL,NULL,NULL,NULL,NULL,NULL,NULL,5),(905,'C','Bacteria','Salmonella choleraesuis',NULL,NULL,NULL,NULL,NULL,NULL,NULL,NULL,5),(906,'C','Bacteria','Listeria monocytogenes',NULL,NULL,NULL,NULL,NULL,NULL,NULL,NULL,5),(907,'C','Bacteria','Enterococcus faecalis- Vancomycin Resistant (VRE)',NULL,NULL,NULL,NULL,NULL,NULL,NULL,NULL,5),(908,'C','Viruses','*Respiratory Syncytial Virus (RSV)',NULL,NULL,NULL,NULL,NULL,NULL,NULL,NULL,5),(909,'U',NULL,'Airports',NULL,NULL,NULL,NULL,NULL,NULL,NULL,NULL,5),(910,'U',NULL,'Barber Shops',NULL,NULL,NULL,NULL,NULL,NULL,NULL,NULL,5),(911,'U',NULL,'Mobile Homes',NULL,NULL,NULL,NULL,NULL,NULL,NULL,NULL,5),(912,'U',NULL,'Kitchens',NULL,NULL,NULL,NULL,NULL,NULL,NULL,NULL,5),(913,'U',NULL,'Industrial Institutions',NULL,NULL,NULL,NULL,NULL,NULL,NULL,NULL,5),(914,'U',NULL,'Health Care Facilities',NULL,NULL,NULL,NULL,NULL,NULL,NULL,NULL,5),(915,'U',NULL,'Farms',NULL,NULL,NULL,NULL,NULL,NULL,NULL,NULL,5),(916,'U',NULL,'Day Care Centers',NULL,NULL,NULL,NULL,NULL,NULL,NULL,NULL,5),(917,'U',NULL,'Colleges',NULL,NULL,NULL,NULL,NULL,NULL,NULL,NULL,5),(918,'U',NULL,'Camp Grounds',NULL,NULL,NULL,NULL,NULL,NULL,NULL,NULL,5),(919,'U',NULL,'Breeding and Grooming Establishments',NULL,NULL,NULL,NULL,NULL,NULL,NULL,NULL,5),(920,'C','Bacteria','Acinetobacter calcoaceticus',NULL,NULL,NULL,NULL,NULL,NULL,NULL,NULL,5),(921,'U',NULL,'Animal Laboratories',NULL,NULL,NULL,NULL,107,NULL,NULL,768,6),(922,'C','Viruses','*Rubella (German Measles)',NULL,NULL,NULL,NULL,52,NULL,NULL,769,6),(923,'U',NULL,'Institutional Facilities',NULL,NULL,NULL,NULL,147,NULL,NULL,770,6),(924,'U',NULL,'Laundry Industry',NULL,NULL,NULL,NULL,152,NULL,NULL,771,6),(925,'U',NULL,'Morgues',NULL,NULL,NULL,NULL,157,NULL,NULL,772,6),(926,'C','Fungi','[a cause of Ringworm] [a cause of Ringworm of the foot]',NULL,NULL,NULL,NULL,33,NULL,NULL,773,6),(927,'U',NULL,'Tack Shops',NULL,NULL,NULL,NULL,179,NULL,NULL,774,6),(928,'U',NULL,'Convenience Stores',NULL,NULL,NULL,NULL,128,NULL,NULL,775,6),(929,'U',NULL,'Whirlpool and Foot Spa Use',NULL,NULL,NULL,NULL,189,NULL,NULL,776,6),(930,'U',NULL,'Trains',NULL,NULL,NULL,NULL,183,NULL,NULL,777,6),(931,'U',NULL,'Shower and Bath Areas',NULL,NULL,NULL,NULL,178,NULL,NULL,778,6),(932,'U',NULL,'Recreational Vehicle Use',NULL,NULL,NULL,NULL,173,NULL,NULL,779,6),(933,'U',NULL,'Poultry Farms',NULL,NULL,NULL,NULL,167,NULL,NULL,780,6),(934,'U',NULL,'Nursing Homes',NULL,NULL,NULL,NULL,162,NULL,NULL,781,6),(935,'C','Viruses','*Infectious bronchitis (Avian IBV)',NULL,NULL,NULL,NULL,47,NULL,NULL,782,6),(936,'U',NULL,'Institutions',NULL,NULL,NULL,NULL,149,NULL,NULL,783,6),(937,'S',NULL,'Glazed ceramic',NULL,NULL,NULL,NULL,69,NULL,NULL,784,6),(938,'U',NULL,'Hospitals',NULL,NULL,NULL,NULL,144,NULL,NULL,785,6),(939,'U',NULL,'Salons (Beauty)',NULL,NULL,NULL,NULL,175,NULL,NULL,786,6),(940,'U',NULL,'Cars',NULL,NULL,NULL,NULL,124,NULL,NULL,787,6),(941,'C','Bacteria','Staphylococcus aureus- Methicillin resistant (MRSA)',NULL,NULL,NULL,NULL,28,NULL,NULL,788,6),(942,'S',NULL,'Refrigerated storage and display equipment',NULL,NULL,NULL,NULL,81,NULL,NULL,789,6),(943,'C','Viruses','*Herpes Simplex Type 2',NULL,NULL,NULL,NULL,44,NULL,NULL,790,6),(944,'U',NULL,'Protective Safety Gear',NULL,NULL,NULL,NULL,170,NULL,NULL,791,6),(945,'U',NULL,'Business and Office Buildings',NULL,NULL,NULL,NULL,119,NULL,NULL,792,6),(946,'C','Bacteria','(2)  antibiotic-resistant strain only',NULL,NULL,NULL,NULL,2,NULL,NULL,793,6),(947,'U',NULL,'Correctional Facilities',NULL,NULL,NULL,NULL,129,NULL,NULL,794,6),(948,'U',NULL,'Tanning Salons',NULL,NULL,NULL,NULL,180,NULL,NULL,795,6),(949,'C','Viruses','*Pseudorabies (PRV)',NULL,NULL,NULL,NULL,49,NULL,NULL,796,6),(950,'T',NULL,'General Purpose Anti-microbial',NULL,NULL,NULL,NULL,100,NULL,NULL,797,6),(951,'U',NULL,'Food Storage Areas',NULL,NULL,NULL,NULL,139,NULL,NULL,798,6),(952,'C','Viruses','*Feline picomavirus',NULL,NULL,NULL,NULL,39,NULL,NULL,799,6),(953,'S',NULL,'Sealed terra cotta',NULL,NULL,NULL,NULL,88,NULL,NULL,800,6),(954,'U',NULL,'Turkey Farms',NULL,NULL,NULL,NULL,185,NULL,NULL,801,6),(955,'U',NULL,'Equine Farms',NULL,NULL,NULL,NULL,134,NULL,NULL,802,6),(956,'C','Viruses','*Adenovirus Type 4',NULL,NULL,NULL,NULL,34,NULL,NULL,803,6),(957,'S',NULL,'Sealed granite',NULL,NULL,NULL,NULL,83,NULL,NULL,804,6),(958,'C','Bacteria','Salmonella typhimurium',NULL,NULL,NULL,NULL,24,NULL,NULL,805,6),(959,'S',NULL,'Highchairs',NULL,NULL,NULL,NULL,71,NULL,NULL,806,6),(960,'U',NULL,'Restaurants',NULL,NULL,NULL,NULL,174,NULL,NULL,807,6),(961,'U',NULL,'Carpeting',NULL,NULL,NULL,NULL,123,NULL,NULL,808,6),(962,'C','Bacteria','(1)  ATCC & antibiotic-resistant strain',NULL,NULL,NULL,NULL,1,NULL,NULL,809,6),(963,'C','Bacteria','Staphylococcus aureus<sub> (1)</sub>',NULL,NULL,NULL,NULL,6,NULL,NULL,810,6),(964,'C','Bacteria','Salmonella typhi',NULL,NULL,NULL,NULL,23,NULL,NULL,811,6),(965,'C','Bacteria','Proteus mirabilis',NULL,NULL,NULL,NULL,19,NULL,NULL,812,6),(966,'C','Bacteria','Fusobacterium necrophorum',NULL,NULL,NULL,NULL,15,NULL,NULL,813,6),(967,'C','Bacteria','Chlamydia psittaci',NULL,NULL,NULL,NULL,11,NULL,NULL,814,6),(968,'T',NULL,'Algaecide',NULL,NULL,NULL,NULL,97,NULL,NULL,815,6),(969,'C','Bacteria','Enterobacter aerogenes',NULL,NULL,NULL,NULL,12,NULL,NULL,816,6),(970,'C','Viruses','*Vaccinia [Pox virus]',NULL,NULL,NULL,NULL,54,NULL,NULL,817,6),(971,'U',NULL,'Medical Clinics',NULL,NULL,NULL,NULL,154,NULL,NULL,818,6),(972,'T',NULL,'Disinfectant',NULL,NULL,NULL,NULL,98,NULL,NULL,819,6),(973,'U',NULL,'Pet Animal Quarters',NULL,NULL,NULL,NULL,164,NULL,NULL,820,6),(974,'U',NULL,'Beverage Plants',NULL,NULL,NULL,NULL,114,NULL,NULL,821,6),(975,'C','Bacteria','Proteus vulgaris',NULL,NULL,NULL,NULL,20,NULL,NULL,822,6),(976,'S',NULL,'Countertop laminates',NULL,NULL,NULL,NULL,64,NULL,NULL,823,6),(977,'U',NULL,'Motels',NULL,NULL,NULL,NULL,159,NULL,NULL,824,6),(978,'U',NULL,'Athletic Facilities',NULL,NULL,NULL,NULL,109,NULL,NULL,825,6),(979,'C','Bacteria','Kiebsiella pneumoniae<sub> (1)</sub>',NULL,NULL,NULL,NULL,4,NULL,NULL,826,6),(980,'S',NULL,'Cages',NULL,NULL,NULL,NULL,59,NULL,NULL,827,6),(981,'S',NULL,'Woodwork',NULL,NULL,NULL,NULL,96,NULL,NULL,828,6),(982,'T',NULL,'Viruscide',NULL,NULL,NULL,NULL,103,NULL,NULL,829,6),(983,'U',NULL,'Pet Shops',NULL,NULL,NULL,NULL,165,NULL,NULL,830,6),(984,'U',NULL,'Mushroom Farms',NULL,NULL,NULL,NULL,160,NULL,NULL,831,6),(985,'U',NULL,'Medical Offices',NULL,NULL,NULL,NULL,155,NULL,NULL,832,6),(986,'U',NULL,'Kennels',NULL,NULL,NULL,NULL,150,NULL,NULL,833,6),(987,'U',NULL,'Hotels',NULL,NULL,NULL,NULL,145,NULL,NULL,834,6),(988,'U',NULL,'Funeral Homes',NULL,NULL,NULL,NULL,140,NULL,NULL,835,6),(989,'U',NULL,'Factories',NULL,NULL,NULL,NULL,135,NULL,NULL,836,6),(990,'U',NULL,'Dairy Farms',NULL,NULL,NULL,NULL,130,NULL,NULL,837,6),(991,'U',NULL,'Citus Plants ',NULL,NULL,NULL,NULL,125,NULL,NULL,838,6),(992,'U',NULL,'Public Facilities',NULL,NULL,NULL,NULL,171,NULL,NULL,839,6),(993,'U',NULL,'Schools',NULL,NULL,NULL,NULL,176,NULL,NULL,840,6),(994,'U',NULL,'Taxis',NULL,NULL,NULL,NULL,181,NULL,NULL,841,6),(995,'S',NULL,'Stainless steel',NULL,NULL,NULL,NULL,90,NULL,NULL,842,6),(996,'S',NULL,'Sealed marble',NULL,NULL,NULL,NULL,85,NULL,NULL,843,6),(997,'S',NULL,'Laminated surfaces',NULL,NULL,NULL,NULL,73,NULL,NULL,844,6),(998,'S',NULL,'Tanning Equipment',NULL,NULL,NULL,NULL,92,NULL,NULL,845,6),(999,'S',NULL,'Microwave ovens',NULL,NULL,NULL,NULL,75,NULL,NULL,846,6),(1000,'S',NULL,'Doorknobs',NULL,NULL,NULL,NULL,66,NULL,NULL,847,6),(1001,'S',NULL,'Coils and drain pans of air conditioning and refrigeration equipment and heat pumps',NULL,NULL,NULL,NULL,61,NULL,NULL,848,6),(1002,'S',NULL,'Bathroom fixtures',NULL,NULL,NULL,NULL,56,NULL,NULL,849,6),(1003,'U',NULL,'USDA Inspected Food Processing Facilities',NULL,NULL,NULL,NULL,186,NULL,NULL,850,6),(1004,'U',NULL,'Cafeterias',NULL,NULL,NULL,NULL,120,NULL,NULL,851,6),(1005,'U',NULL,'Boats',NULL,NULL,NULL,NULL,115,NULL,NULL,852,6),(1006,'T',NULL,'Tuberculocide',NULL,NULL,NULL,NULL,102,NULL,NULL,853,6),(1007,'T',NULL,'Sanitizer',NULL,NULL,NULL,NULL,101,NULL,NULL,854,6),(1008,'S',NULL,'Sealed terrazzo',NULL,NULL,NULL,NULL,89,NULL,NULL,855,6),(1009,'S',NULL,'Sealed limestone',NULL,NULL,NULL,NULL,84,NULL,NULL,856,6),(1010,'S',NULL,'Glazed enameled surfaces',NULL,NULL,NULL,NULL,70,NULL,NULL,857,6),(1011,'S',NULL,'Tanning Beds',NULL,NULL,NULL,NULL,91,NULL,NULL,858,6),(1012,'S',NULL,'Kennel runs',NULL,NULL,NULL,NULL,72,NULL,NULL,859,6),(1013,'S',NULL,'Desks',NULL,NULL,NULL,NULL,65,NULL,NULL,860,6),(1014,'S',NULL,'Chairs',NULL,NULL,NULL,NULL,60,NULL,NULL,861,6),(1015,'C','Bacteria','Enterobacter cloacae',NULL,NULL,NULL,NULL,13,NULL,NULL,862,6),(1016,'C','Bacteria','Legionella pneumophilia',NULL,NULL,NULL,NULL,16,NULL,NULL,863,6),(1017,'C','Bacteria','Pseudomonas aeruginosa<sub> (1)</sub>',NULL,NULL,NULL,NULL,5,NULL,NULL,864,6),(1018,'U',NULL,'Automotive Industy',NULL,NULL,NULL,NULL,110,NULL,NULL,865,6),(1019,'U',NULL,'Airplanes',NULL,NULL,NULL,NULL,104,NULL,NULL,866,6),(1020,'C','Viruses','*Rabies',NULL,NULL,NULL,NULL,50,NULL,NULL,867,6),(1021,'C','Viruses','*Human coronavirus ',NULL,NULL,NULL,NULL,45,NULL,NULL,868,6),(1022,'C','Viruses','*HIV-1 (AIDS virus)',NULL,NULL,NULL,NULL,40,NULL,NULL,869,6),(1023,'C','Viruses','*Avian polyomavirus',NULL,NULL,NULL,NULL,35,NULL,NULL,870,6),(1024,'C','Fungi','Aspergillus niger',NULL,NULL,NULL,NULL,30,NULL,NULL,871,6),(1025,'C','Bacteria','Staphylococcus aureus- Vancomycin Intermediate Resistant (VISA)',NULL,NULL,NULL,NULL,29,NULL,NULL,872,6),(1026,'C','Bacteria','Serratia marcescens',NULL,NULL,NULL,NULL,25,NULL,NULL,873,6),(1027,'S',NULL,'Appliances',NULL,NULL,NULL,NULL,55,NULL,NULL,874,6),(1028,'C','Viruses','*Hepatitis C Virus (HCV)',NULL,NULL,NULL,NULL,42,NULL,NULL,875,6),(1029,'S',NULL,'Telephones',NULL,NULL,NULL,NULL,93,NULL,NULL,876,6),(1030,'S',NULL,'Outdoor furniture',NULL,NULL,NULL,NULL,79,NULL,NULL,877,6),(1031,'S',NULL,'Floors',NULL,NULL,NULL,NULL,67,NULL,NULL,878,6),(1032,'S',NULL,'Conductive flooring',NULL,NULL,NULL,NULL,62,NULL,NULL,879,6),(1033,'S',NULL,'Bathtubs (Fiberglass)',NULL,NULL,NULL,NULL,57,NULL,NULL,880,6),(1034,'U',NULL,'Verterinary Clinics',NULL,NULL,NULL,NULL,187,NULL,NULL,881,6),(1035,'U',NULL,'Trailers',NULL,NULL,NULL,NULL,182,NULL,NULL,882,6),(1036,'U',NULL,'Ships',NULL,NULL,NULL,NULL,177,NULL,NULL,883,6),(1037,'U',NULL,'Public Rest Rooms',NULL,NULL,NULL,NULL,172,NULL,NULL,884,6),(1038,'S',NULL,'Metal',NULL,NULL,NULL,NULL,74,NULL,NULL,885,6),(1039,'S',NULL,'Sealed slate',NULL,NULL,NULL,NULL,86,NULL,NULL,886,6),(1040,'S',NULL,'Upholstery',NULL,NULL,NULL,NULL,94,NULL,NULL,887,6),(1041,'C','Viruses','*Canine parvovirus- at 2 oz. per gallon',NULL,NULL,NULL,NULL,37,NULL,NULL,888,6),(1042,'C','Fungi','Trichophyton mentagrophytes [Athlete\'s Foot Fungus]',NULL,NULL,NULL,NULL,32,NULL,NULL,889,6),(1043,'C','Bacteria','Streptococcus faecalis<sub> (1)</sub>',NULL,NULL,NULL,NULL,8,NULL,NULL,890,6),(1044,'C','Bacteria','Shigella sonnei',NULL,NULL,NULL,NULL,27,NULL,NULL,891,6),(1045,'C','Bacteria','Salmonella enteritidis',NULL,NULL,NULL,NULL,22,NULL,NULL,892,6),(1046,'C','Bacteria','Pasteurella multocida ',NULL,NULL,NULL,NULL,18,NULL,NULL,893,6),(1047,'C','Bacteria','Escherichia coli<sub> (1)</sub>',NULL,NULL,NULL,NULL,3,NULL,NULL,894,6),(1048,'C','Bacteria','Bordetella bronchiseptica',NULL,NULL,NULL,NULL,10,NULL,NULL,895,6),(1049,'T',NULL,'Fungicide',NULL,NULL,NULL,NULL,99,NULL,NULL,896,6),(1050,'U',NULL,'Playground Equipment',NULL,NULL,NULL,NULL,166,NULL,NULL,897,6),(1051,'U',NULL,'Nurseries',NULL,NULL,NULL,NULL,161,NULL,NULL,898,6),(1052,'C','Viruses','*Infectious bovine rhinotracheitis',NULL,NULL,NULL,NULL,46,NULL,NULL,899,6),(1053,'C','Viruses','*Hepatitis B Virus (HBV)',NULL,NULL,NULL,NULL,41,NULL,NULL,900,6),(1054,'C','Viruses','*Canine distemper',NULL,NULL,NULL,NULL,36,NULL,NULL,901,6),(1055,'C','Fungi','Candida albicans',NULL,NULL,NULL,NULL,31,NULL,NULL,902,6),(1056,'C','Bacteria','Staphylococcus epidermidis<sub> (2)</sub>',NULL,NULL,NULL,NULL,7,NULL,NULL,903,6),(1057,'C','Bacteria','Shigella fiexneri',NULL,NULL,NULL,NULL,26,NULL,NULL,904,6),(1058,'C','Bacteria','Salmonella choleraesuis',NULL,NULL,NULL,NULL,21,NULL,NULL,905,6),(1059,'C','Bacteria','Listeria monocytogenes',NULL,NULL,NULL,NULL,17,NULL,NULL,906,6),(1060,'C','Bacteria','Enterococcus faecalis- Vancomycin Resistant (VRE)',NULL,NULL,NULL,NULL,14,NULL,NULL,907,6),(1061,'C','Viruses','*Respiratory Syncytial Virus (RSV)',NULL,NULL,NULL,NULL,51,NULL,NULL,908,6),(1062,'U',NULL,'Airports',NULL,NULL,NULL,NULL,105,NULL,NULL,909,6),(1063,'U',NULL,'Barber Shops',NULL,NULL,NULL,NULL,111,NULL,NULL,910,6),(1064,'U',NULL,'Mobile Homes',NULL,NULL,NULL,NULL,156,NULL,NULL,911,6),(1065,'U',NULL,'Kitchens',NULL,NULL,NULL,NULL,151,NULL,NULL,912,6),(1066,'U',NULL,'Industrial Institutions',NULL,NULL,NULL,NULL,146,NULL,NULL,913,6),(1067,'U',NULL,'Health Care Facilities',NULL,NULL,NULL,NULL,141,NULL,NULL,914,6),(1068,'U',NULL,'Farms',NULL,NULL,NULL,NULL,136,NULL,NULL,915,6),(1069,'U',NULL,'Day Care Centers',NULL,NULL,NULL,NULL,131,NULL,NULL,916,6),(1070,'U',NULL,'Colleges',NULL,NULL,NULL,NULL,126,NULL,NULL,917,6),(1071,'U',NULL,'Camp Grounds',NULL,NULL,NULL,NULL,121,NULL,NULL,918,6),(1072,'U',NULL,'Breeding and Grooming Establishments',NULL,NULL,NULL,NULL,116,NULL,NULL,919,6),(1073,'C','Bacteria','Acinetobacter calcoaceticus',NULL,NULL,NULL,NULL,9,NULL,NULL,920,6),(1074,'S',NULL,'Sealed stone',NULL,NULL,NULL,NULL,87,NULL,NULL,737,6),(1075,'U',NULL,'Prisons',NULL,NULL,NULL,NULL,169,NULL,NULL,738,6),(1076,'U',NULL,'Institutional Kitchens',NULL,NULL,NULL,NULL,148,NULL,NULL,739,6),(1077,'C','Viruses','*Influenza A/ Hong Kong',NULL,NULL,NULL,NULL,48,NULL,NULL,740,6),(1078,'U',NULL,'Buses',NULL,NULL,NULL,NULL,118,NULL,NULL,741,6),(1079,'U',NULL,'Homes (Households)',NULL,NULL,NULL,NULL,143,NULL,NULL,742,6),(1080,'C','Viruses','*Herpes Simplex Type 1',NULL,NULL,NULL,NULL,43,NULL,NULL,743,6),(1081,'U',NULL,'Zoos',NULL,NULL,NULL,NULL,190,NULL,NULL,744,6),(1082,'U',NULL,'Food Processing Plants',NULL,NULL,NULL,NULL,138,NULL,NULL,745,6),(1083,'C','Viruses','*Feline leukemia',NULL,NULL,NULL,NULL,38,NULL,NULL,746,6),(1084,'C','Viruses','*Transmissible gastroenteritis virus (TGE)\Z',NULL,NULL,NULL,NULL,53,NULL,NULL,747,6),(1085,'U',NULL,'Locker Rooms',NULL,NULL,NULL,NULL,153,NULL,NULL,748,6),(1086,'U',NULL,'Animal Life Science Laboratories',NULL,NULL,NULL,NULL,108,NULL,NULL,749,6),(1087,'S',NULL,'Plastic (such as polystyrene or polypropylene)',NULL,NULL,NULL,NULL,80,NULL,NULL,750,6),(1088,'S',NULL,'Other hard nonporous surfaces made of:',NULL,NULL,NULL,NULL,78,NULL,NULL,751,6),(1089,'S',NULL,'Refrigerators',NULL,NULL,NULL,NULL,82,NULL,NULL,752,6),(1090,'S',NULL,'Garbage cans',NULL,NULL,NULL,NULL,68,NULL,NULL,753,6),(1091,'S',NULL,'Counters (countertops)',NULL,NULL,NULL,NULL,63,NULL,NULL,754,6),(1092,'S',NULL,'Cabinets',NULL,NULL,NULL,NULL,58,NULL,NULL,755,6),(1093,'U',NULL,'Office Buildings',NULL,NULL,NULL,NULL,163,NULL,NULL,756,6),(1094,'U',NULL,'Bathrooms',NULL,NULL,NULL,NULL,113,NULL,NULL,757,6),(1095,'U',NULL,'Mortuaries',NULL,NULL,NULL,NULL,158,NULL,NULL,758,6),(1096,'U',NULL,'Transportation Terminals',NULL,NULL,NULL,NULL,184,NULL,NULL,759,6),(1097,'U',NULL,'Emergency Vehicles',NULL,NULL,NULL,NULL,133,NULL,NULL,760,6),(1098,'U',NULL,'Hog Farms',NULL,NULL,NULL,NULL,142,NULL,NULL,761,6),(1099,'U',NULL,'Federally Inspected Meat and Poultry Plants',NULL,NULL,NULL,NULL,137,NULL,NULL,762,6),(1100,'U',NULL,'Dental Offices',NULL,NULL,NULL,NULL,132,NULL,NULL,763,6),(1101,'U',NULL,'Commercial Institutions',NULL,NULL,NULL,NULL,127,NULL,NULL,764,6),(1102,'U',NULL,'Campers',NULL,NULL,NULL,NULL,122,NULL,NULL,765,6),(1103,'U',NULL,'Breweries',NULL,NULL,NULL,NULL,117,NULL,NULL,766,6),(1104,'U',NULL,'Bars',NULL,NULL,NULL,NULL,112,NULL,NULL,767,6),(1105,'S',NULL,'Non-medical metal surfaces',NULL,NULL,NULL,NULL,76,NULL,NULL,NULL,6),(1106,'S',NULL,'Non-medical stainless steel surfaces',NULL,NULL,NULL,NULL,77,NULL,NULL,NULL,6),(1107,'S',NULL,'Walls',NULL,NULL,NULL,NULL,95,NULL,NULL,NULL,6),(1108,'U',NULL,'Veterinary Practice','R',NULL,NULL,NULL,188,NULL,NULL,NULL,6),(1109,'U',NULL,'Animal Care','R',NULL,NULL,NULL,106,NULL,NULL,NULL,6),(1110,'U',NULL,'Poultry Plants','R',NULL,NULL,NULL,168,NULL,NULL,NULL,6),(1301,'C','Bacteria','(1)  ATCC and antibiotic-resistant strain',NULL,NULL,NULL,NULL,1,NULL,NULL,1111,9),(1302,'C','Bacteria','(2)  antibiotic-resistant strain only',NULL,NULL,NULL,NULL,2,NULL,NULL,1112,9),(1303,'C','Bacteria','Acinetobacter calcoaceticus',NULL,NULL,NULL,NULL,3,NULL,NULL,1119,9),(1304,'C','Bacteria','Bordetella bronchiseptica',NULL,NULL,NULL,NULL,4,NULL,NULL,1120,9),(1305,'C','Bacteria','Chlamydia psittaci',NULL,NULL,NULL,NULL,5,NULL,NULL,1121,9),(1306,'C','Bacteria','Enterobacter aerogenes',NULL,NULL,NULL,NULL,6,NULL,NULL,1122,9),(1307,'C','Bacteria','Enterobacter cloacae',NULL,NULL,NULL,NULL,7,NULL,NULL,1123,9),(1308,'C','Bacteria','Enterococcus faecalis- Vancomycin Resistant (VRE)',NULL,NULL,NULL,NULL,8,NULL,NULL,1124,9),(1309,'C','Bacteria','Escherichia coli<sub> (1)</sub>',NULL,NULL,NULL,NULL,9,NULL,NULL,1113,9),(1310,'C','Bacteria','Fusobacterium necrophorum',NULL,NULL,NULL,NULL,10,NULL,NULL,1125,9),(1311,'C','Bacteria','Kiebsiella pneumoniae<sub> (1)</sub>',NULL,NULL,NULL,NULL,11,NULL,NULL,1114,9),(1312,'C','Bacteria','Legionella pneumophilia',NULL,NULL,NULL,NULL,12,NULL,NULL,1126,9),(1313,'C','Bacteria','Listeria monocytogenes',NULL,NULL,NULL,NULL,13,NULL,NULL,1127,9),(1314,'C','Bacteria','Pasteurella multocida ',NULL,NULL,NULL,NULL,14,NULL,NULL,1128,9),(1315,'C','Bacteria','Proteus mirabilis',NULL,NULL,NULL,NULL,15,NULL,NULL,1129,9),(1316,'C','Bacteria','Proteus vulgaris',NULL,NULL,NULL,NULL,16,NULL,NULL,1130,9),(1317,'C','Bacteria','Pseudomonas aeruginosa<sub> (1)</sub>',NULL,NULL,NULL,NULL,17,NULL,NULL,1115,9),(1318,'C','Bacteria','Salmonella choleraesuis',NULL,NULL,NULL,NULL,18,NULL,NULL,1131,9),(1319,'C','Bacteria','Salmonella enteritidis',NULL,NULL,NULL,NULL,19,NULL,NULL,1132,9),(1320,'C','Bacteria','Salmonella typhi',NULL,NULL,NULL,NULL,20,NULL,NULL,1133,9),(1321,'C','Bacteria','Salmonella typhimurium',NULL,NULL,NULL,NULL,21,NULL,NULL,1134,9),(1322,'C','Bacteria','Serratia marcescens',NULL,NULL,NULL,NULL,22,NULL,NULL,1135,9),(1323,'C','Bacteria','Shigella fiexneri',NULL,NULL,NULL,NULL,23,NULL,NULL,1136,9),(1324,'C','Bacteria','Shigella sonnei',NULL,NULL,NULL,NULL,24,NULL,NULL,1137,9),(1325,'C','Bacteria','Staphylococcus aureus- Methicillin resistant (MRSA)',NULL,NULL,NULL,NULL,25,NULL,NULL,1138,9),(1326,'C','Bacteria','Staphylococcus aureus- Vancomycin Intermediate Resistant (VISA)',NULL,NULL,NULL,NULL,26,NULL,NULL,1139,9),(1327,'C','Bacteria','Staphylococcus aureus<sub> (1)</sub>',NULL,NULL,NULL,NULL,27,NULL,NULL,1116,9),(1328,'C','Bacteria','Staphylococcus epidermidis<sub> (2)</sub>',NULL,NULL,NULL,NULL,28,NULL,NULL,1117,9),(1329,'C','Bacteria','Streptococcus faecalis<sub> (1)</sub>',NULL,NULL,NULL,NULL,29,NULL,NULL,1118,9),(1330,'C','Fungi','Aspergillus niger',NULL,NULL,NULL,NULL,30,NULL,NULL,1140,9),(1331,'C','Fungi','Candida albicans',NULL,NULL,NULL,NULL,31,NULL,NULL,1141,9),(1332,'C','Fungi','Trichophyton mentagrophytes [Athlete\'s Foot Fungus]',NULL,NULL,NULL,NULL,32,NULL,NULL,1142,9),(1333,'C','Fungi','[a cause of Ringworm] [a cause of Ringworm of the foot]',NULL,NULL,NULL,NULL,33,NULL,NULL,1143,9),(1334,'C','Viruses','*Adenovirus Type 4',NULL,NULL,NULL,NULL,34,NULL,NULL,1144,9),(1335,'C','Viruses','*Avian polyomavirus',NULL,NULL,NULL,NULL,35,NULL,NULL,1145,9),(1336,'C','Viruses','*Canine distemper',NULL,NULL,NULL,NULL,36,NULL,NULL,1146,9),(1337,'C','Viruses','*Canine parvovirus- at 2 oz. per gallon',NULL,NULL,NULL,NULL,37,NULL,NULL,1147,9),(1338,'C','Viruses','*Feline leukemia',NULL,NULL,NULL,NULL,38,NULL,NULL,1148,9),(1339,'C','Viruses','*Feline picomavirus',NULL,NULL,NULL,NULL,39,NULL,NULL,1149,9),(1340,'C','Viruses','*HIV-1 (AIDS virus)',NULL,NULL,NULL,NULL,40,NULL,NULL,1150,9),(1341,'C','Viruses','*Hepatitis B Virus (HBV)',NULL,NULL,NULL,NULL,41,NULL,NULL,1151,9),(1342,'C','Viruses','*Hepatitis C Virus (HCV)',NULL,NULL,NULL,NULL,42,NULL,NULL,1152,9),(1343,'C','Viruses','*Herpes Simplex Type 1',NULL,NULL,NULL,NULL,43,NULL,NULL,1153,9),(1344,'C','Viruses','*Herpes Simplex Type 2',NULL,NULL,NULL,NULL,44,NULL,NULL,1154,9),(1345,'C','Viruses','*Human coronavirus ',NULL,NULL,NULL,NULL,45,NULL,NULL,1155,9),(1346,'C','Viruses','*Infectious bovine rhinotracheitis',NULL,NULL,NULL,NULL,46,NULL,NULL,1156,9),(1347,'C','Viruses','*Infectious bronchitis (Avian IBV)',NULL,NULL,NULL,NULL,47,NULL,NULL,1157,9),(1348,'C','Viruses','*Influenza A/ Hong Kong',NULL,NULL,NULL,NULL,48,NULL,NULL,1158,9),(1349,'C','Viruses','*Pseudorabies (PRV)',NULL,NULL,NULL,NULL,49,NULL,NULL,1159,9),(1350,'C','Viruses','*Rabies',NULL,NULL,NULL,NULL,50,NULL,NULL,1160,9),(1351,'C','Viruses','*Respiratory Syncytial Virus (RSV)',NULL,NULL,NULL,NULL,51,NULL,NULL,1161,9),(1352,'C','Viruses','*Rubella (German Measles)',NULL,NULL,NULL,NULL,52,NULL,NULL,1162,9),(1353,'C','Viruses','*Transmissible gastroenteritis virus (TGE)\Z',NULL,NULL,NULL,NULL,53,NULL,NULL,1163,9),(1354,'C','Viruses','*Vaccinia [Pox virus]',NULL,NULL,NULL,NULL,54,NULL,NULL,1164,9),(1355,'S',NULL,'Appliances',NULL,NULL,NULL,NULL,55,NULL,NULL,1165,9),(1356,'S',NULL,'Bathroom fixtures',NULL,NULL,NULL,NULL,56,NULL,NULL,1166,9),(1357,'S',NULL,'Bathtubs (Fiberglass)',NULL,NULL,NULL,NULL,57,NULL,NULL,1167,9),(1358,'S',NULL,'Cabinets',NULL,NULL,NULL,NULL,58,NULL,NULL,1168,9),(1359,'S',NULL,'Cages',NULL,NULL,NULL,NULL,59,NULL,NULL,1169,9),(1360,'S',NULL,'Chairs',NULL,NULL,NULL,NULL,60,NULL,NULL,1170,9),(1361,'S',NULL,'Coils and drain pans of air conditioning and refrigeration equipment and heat pumps',NULL,NULL,NULL,NULL,61,NULL,NULL,1171,9),(1362,'S',NULL,'Conductive flooring',NULL,NULL,NULL,NULL,62,NULL,NULL,1172,9),(1363,'S',NULL,'Counters (countertops)',NULL,NULL,NULL,NULL,63,NULL,NULL,1173,9),(1364,'S',NULL,'Countertop laminates',NULL,NULL,NULL,NULL,64,NULL,NULL,1174,9),(1365,'S',NULL,'Desks',NULL,NULL,NULL,NULL,65,NULL,NULL,1175,9),(1366,'S',NULL,'Doorknobs',NULL,NULL,NULL,NULL,66,NULL,NULL,1176,9),(1367,'S',NULL,'Floors',NULL,NULL,NULL,NULL,67,NULL,NULL,1177,9),(1368,'S',NULL,'Garbage cans',NULL,NULL,NULL,NULL,68,NULL,NULL,1178,9),(1369,'S',NULL,'Glazed ceramic',NULL,NULL,NULL,NULL,69,NULL,NULL,1179,9),(1370,'S',NULL,'Glazed enameled surfaces',NULL,NULL,NULL,NULL,70,NULL,NULL,1180,9),(1371,'S',NULL,'Highchairs',NULL,NULL,NULL,NULL,71,NULL,NULL,1181,9),(1372,'S',NULL,'Kennel runs',NULL,NULL,NULL,NULL,72,NULL,NULL,1182,9),(1373,'S',NULL,'Laminated surfaces',NULL,NULL,NULL,NULL,73,NULL,NULL,1183,9),(1374,'S',NULL,'Metal',NULL,NULL,NULL,NULL,74,NULL,NULL,1184,9),(1375,'S',NULL,'Microwave ovens',NULL,NULL,NULL,NULL,75,NULL,NULL,1185,9),(1376,'S',NULL,'Non-medical metal surfaces',NULL,NULL,NULL,NULL,76,NULL,NULL,1186,9),(1377,'S',NULL,'Non-medical stainless steel surfaces',NULL,NULL,NULL,NULL,77,NULL,NULL,1187,9),(1378,'S',NULL,'Other hard nonporous surfaces made of:',NULL,NULL,NULL,NULL,78,NULL,NULL,1188,9),(1379,'S',NULL,'Outdoor furniture',NULL,NULL,NULL,NULL,79,NULL,NULL,1189,9),(1380,'S',NULL,'Plastic (such as polystyrene or polypropylene)',NULL,NULL,NULL,NULL,80,NULL,NULL,1190,9),(1381,'S',NULL,'Refrigerated storage and display equipment',NULL,NULL,NULL,NULL,81,NULL,NULL,1191,9),(1382,'S',NULL,'Refrigerators',NULL,NULL,NULL,NULL,82,NULL,NULL,1192,9),(1383,'S',NULL,'Sealed granite',NULL,NULL,NULL,NULL,83,NULL,NULL,1193,9),(1384,'S',NULL,'Sealed limestone',NULL,NULL,NULL,NULL,84,NULL,NULL,1194,9),(1385,'S',NULL,'Sealed marble',NULL,NULL,NULL,NULL,85,NULL,NULL,1195,9),(1386,'S',NULL,'Sealed slate',NULL,NULL,NULL,NULL,86,NULL,NULL,1196,9),(1387,'S',NULL,'Sealed stone',NULL,NULL,NULL,NULL,87,NULL,NULL,1197,9),(1388,'S',NULL,'Sealed terra cotta',NULL,NULL,NULL,NULL,88,NULL,NULL,1198,9),(1389,'S',NULL,'Sealed terrazzo',NULL,NULL,NULL,NULL,89,NULL,NULL,1199,9),(1390,'S',NULL,'Stainless steel',NULL,NULL,NULL,NULL,90,NULL,NULL,1200,9),(1391,'S',NULL,'Tanning Beds',NULL,NULL,NULL,NULL,91,NULL,NULL,1201,9),(1392,'S',NULL,'Tanning Equipment',NULL,NULL,NULL,NULL,92,NULL,NULL,1202,9),(1393,'S',NULL,'Telephones',NULL,NULL,NULL,NULL,93,NULL,NULL,1203,9),(1394,'S',NULL,'Upholstery',NULL,NULL,NULL,NULL,94,NULL,NULL,1204,9),(1395,'S',NULL,'Walls',NULL,NULL,NULL,NULL,95,NULL,NULL,1205,9),(1396,'S',NULL,'Woodwork',NULL,NULL,NULL,NULL,96,NULL,NULL,1206,9),(1397,'T',NULL,'Algaecide',NULL,NULL,NULL,NULL,97,NULL,NULL,1207,9),(1398,'T',NULL,'Disinfectant',NULL,NULL,NULL,NULL,98,NULL,NULL,1208,9),(1399,'T',NULL,'Fungicide',NULL,NULL,NULL,NULL,99,NULL,NULL,1209,9),(1400,'T',NULL,'General Purpose Anti-microbial',NULL,NULL,NULL,NULL,100,NULL,NULL,1210,9),(1401,'T',NULL,'Sanitizer',NULL,NULL,NULL,NULL,101,NULL,NULL,1211,9),(1402,'T',NULL,'Tuberculocide',NULL,NULL,NULL,NULL,102,NULL,NULL,1212,9),(1403,'T',NULL,'Viruscide',NULL,NULL,NULL,NULL,103,NULL,NULL,1213,9),(1404,'U',NULL,'Airplanes',NULL,NULL,NULL,NULL,104,NULL,NULL,1214,9),(1405,'U',NULL,'Airports',NULL,NULL,NULL,NULL,105,NULL,NULL,1215,9),(1406,'U',NULL,'Animal Care','R',NULL,NULL,NULL,106,NULL,NULL,1216,9),(1407,'U',NULL,'Animal Laboratories',NULL,NULL,NULL,NULL,107,NULL,NULL,1217,9),(1408,'U',NULL,'Animal Life Science Laboratories',NULL,NULL,NULL,NULL,108,NULL,NULL,1218,9),(1409,'U',NULL,'Athletic Facilities',NULL,NULL,NULL,NULL,109,NULL,NULL,1219,9),(1410,'U',NULL,'Automotive Industy',NULL,NULL,NULL,NULL,110,NULL,NULL,1220,9),(1411,'U',NULL,'Barber Shops',NULL,NULL,NULL,NULL,111,NULL,NULL,1221,9),(1412,'U',NULL,'Bars',NULL,NULL,NULL,NULL,112,NULL,NULL,1222,9),(1413,'U',NULL,'Bathrooms',NULL,NULL,NULL,NULL,113,NULL,NULL,1223,9),(1414,'U',NULL,'Beverage Plants',NULL,NULL,NULL,NULL,114,NULL,NULL,1224,9),(1415,'U',NULL,'Boats',NULL,NULL,NULL,NULL,115,NULL,NULL,1225,9),(1416,'U',NULL,'Breeding and Grooming Establishments',NULL,NULL,NULL,NULL,116,NULL,NULL,1226,9),(1417,'U',NULL,'Breweries',NULL,NULL,NULL,NULL,117,NULL,NULL,1227,9),(1418,'U',NULL,'Buses',NULL,NULL,NULL,NULL,118,NULL,NULL,1228,9),(1419,'U',NULL,'Business and Office Buildings',NULL,NULL,NULL,NULL,119,NULL,NULL,1229,9),(1420,'U',NULL,'Cafeterias',NULL,NULL,NULL,NULL,120,NULL,NULL,1230,9),(1421,'U',NULL,'Camp Grounds',NULL,NULL,NULL,NULL,121,NULL,NULL,1231,9),(1422,'U',NULL,'Campers',NULL,NULL,NULL,NULL,122,NULL,NULL,1232,9),(1423,'U',NULL,'Carpeting',NULL,NULL,NULL,NULL,123,NULL,NULL,1233,9),(1424,'U',NULL,'Cars',NULL,NULL,NULL,NULL,124,NULL,NULL,1234,9),(1425,'U',NULL,'Citus Plants ',NULL,NULL,NULL,NULL,125,NULL,NULL,1235,9),(1426,'U',NULL,'Colleges',NULL,NULL,NULL,NULL,126,NULL,NULL,1236,9),(1427,'U',NULL,'Commercial Institutions',NULL,NULL,NULL,NULL,127,NULL,NULL,1237,9),(1428,'U',NULL,'Convenience Stores',NULL,NULL,NULL,NULL,128,NULL,NULL,1238,9),(1429,'U',NULL,'Correctional Facilities',NULL,NULL,NULL,NULL,129,NULL,NULL,1239,9),(1430,'U',NULL,'Dairy Farms',NULL,NULL,NULL,NULL,130,NULL,NULL,1240,9),(1431,'U',NULL,'Day Care Centers',NULL,NULL,NULL,NULL,131,NULL,NULL,1241,9),(1432,'U',NULL,'Dental Offices',NULL,NULL,NULL,NULL,132,NULL,NULL,1242,9),(1433,'U',NULL,'Emergency Vehicles',NULL,NULL,NULL,NULL,133,NULL,NULL,1243,9),(1434,'U',NULL,'Equine Farms',NULL,NULL,NULL,NULL,134,NULL,NULL,1244,9),(1435,'U',NULL,'Factories',NULL,NULL,NULL,NULL,135,NULL,NULL,1245,9),(1436,'U',NULL,'Farms',NULL,NULL,NULL,NULL,136,NULL,NULL,1246,9),(1437,'U',NULL,'Federally Inspected Meat and Poultry Plants',NULL,NULL,NULL,NULL,137,NULL,NULL,1247,9),(1438,'U',NULL,'Food Processing Plants',NULL,NULL,NULL,NULL,138,NULL,NULL,1248,9),(1439,'U',NULL,'Food Storage Areas',NULL,NULL,NULL,NULL,139,NULL,NULL,1249,9),(1440,'U',NULL,'Funeral Homes',NULL,NULL,NULL,NULL,140,NULL,NULL,1250,9),(1441,'U',NULL,'Health Care Facilities',NULL,NULL,NULL,NULL,141,NULL,NULL,1251,9),(1442,'U',NULL,'Hog Farms',NULL,NULL,NULL,NULL,142,NULL,NULL,1252,9),(1443,'U',NULL,'Homes (Households)',NULL,NULL,NULL,NULL,143,NULL,NULL,1253,9),(1444,'U',NULL,'Hospitals',NULL,NULL,NULL,NULL,144,NULL,NULL,1254,9),(1445,'U',NULL,'Hotels',NULL,NULL,NULL,NULL,145,NULL,NULL,1255,9),(1446,'U',NULL,'Industrial Institutions',NULL,NULL,NULL,NULL,146,NULL,NULL,1256,9),(1447,'U',NULL,'Institutional Facilities',NULL,NULL,NULL,NULL,147,NULL,NULL,1257,9),(1448,'U',NULL,'Institutional Kitchens',NULL,NULL,NULL,NULL,148,NULL,NULL,1258,9),(1449,'U',NULL,'Institutions',NULL,NULL,NULL,NULL,149,NULL,NULL,1259,9),(1450,'U',NULL,'Kennels',NULL,NULL,NULL,NULL,150,NULL,NULL,1260,9),(1451,'U',NULL,'Kitchens',NULL,NULL,NULL,NULL,151,NULL,NULL,1261,9),(1452,'U',NULL,'Laundry Industry',NULL,NULL,NULL,NULL,152,NULL,NULL,1262,9),(1453,'U',NULL,'Locker Rooms',NULL,NULL,NULL,NULL,153,NULL,NULL,1263,9),(1454,'U',NULL,'Medical Clinics',NULL,NULL,NULL,NULL,154,NULL,NULL,1264,9),(1455,'U',NULL,'Medical Offices',NULL,NULL,NULL,NULL,155,NULL,NULL,1265,9),(1456,'U',NULL,'Mobile Homes',NULL,NULL,NULL,NULL,156,NULL,NULL,1266,9),(1457,'U',NULL,'Morgues',NULL,NULL,NULL,NULL,157,NULL,NULL,1267,9),(1458,'U',NULL,'Mortuaries',NULL,NULL,NULL,NULL,158,NULL,NULL,1268,9),(1459,'U',NULL,'Motels',NULL,NULL,NULL,NULL,159,NULL,NULL,1269,9),(1460,'U',NULL,'Mushroom Farms',NULL,NULL,NULL,NULL,160,NULL,NULL,1270,9),(1461,'U',NULL,'Nurseries',NULL,NULL,NULL,NULL,161,NULL,NULL,1271,9),(1462,'U',NULL,'Nursing Homes',NULL,NULL,NULL,NULL,162,NULL,NULL,1272,9),(1463,'U',NULL,'Office Buildings',NULL,NULL,NULL,NULL,163,NULL,NULL,1273,9),(1464,'U',NULL,'Pet Animal Quarters',NULL,NULL,NULL,NULL,164,NULL,NULL,1274,9),(1465,'U',NULL,'Pet Shops',NULL,NULL,NULL,NULL,165,NULL,NULL,1275,9),(1466,'U',NULL,'Playground Equipment',NULL,NULL,NULL,NULL,166,NULL,NULL,1276,9),(1467,'U',NULL,'Poultry Farms',NULL,NULL,NULL,NULL,167,NULL,NULL,1277,9),(1468,'U',NULL,'Poultry Plants','R',NULL,NULL,NULL,168,NULL,NULL,1278,9),(1469,'U',NULL,'Prisons',NULL,NULL,NULL,NULL,169,NULL,NULL,1279,9),(1470,'U',NULL,'Protective Safety Gear',NULL,NULL,NULL,NULL,170,NULL,NULL,1280,9),(1471,'U',NULL,'Public Facilities',NULL,NULL,NULL,NULL,171,NULL,NULL,1281,9),(1472,'U',NULL,'Public Rest Rooms',NULL,NULL,NULL,NULL,172,NULL,NULL,1282,9),(1473,'U',NULL,'Recreational Vehicle Use',NULL,NULL,NULL,NULL,173,NULL,NULL,1283,9),(1474,'U',NULL,'Restaurants',NULL,NULL,NULL,NULL,174,NULL,NULL,1284,9),(1475,'U',NULL,'Salons (Beauty)',NULL,NULL,NULL,NULL,175,NULL,NULL,1285,9),(1476,'U',NULL,'Schools',NULL,NULL,NULL,NULL,176,NULL,NULL,1286,9),(1477,'U',NULL,'Ships',NULL,NULL,NULL,NULL,177,NULL,NULL,1287,9),(1478,'U',NULL,'Shower and Bath Areas',NULL,NULL,NULL,NULL,178,NULL,NULL,1288,9),(1479,'U',NULL,'Tack Shops',NULL,NULL,NULL,NULL,179,NULL,NULL,1289,9),(1480,'U',NULL,'Tanning Salons',NULL,NULL,NULL,NULL,180,NULL,NULL,1290,9),(1481,'U',NULL,'Taxis',NULL,NULL,NULL,NULL,181,NULL,NULL,1291,9),(1482,'U',NULL,'Trailers',NULL,NULL,NULL,NULL,182,NULL,NULL,1292,9),(1483,'U',NULL,'Trains',NULL,NULL,NULL,NULL,183,NULL,NULL,1293,9),(1484,'U',NULL,'Transportation Terminals',NULL,NULL,NULL,NULL,184,NULL,NULL,1294,9),(1485,'U',NULL,'Turkey Farms',NULL,NULL,NULL,NULL,185,NULL,NULL,1295,9),(1486,'U',NULL,'USDA Inspected Food Processing Facilities',NULL,NULL,NULL,NULL,186,NULL,NULL,1296,9),(1487,'U',NULL,'Verterinary Clinics',NULL,NULL,NULL,NULL,187,NULL,NULL,1297,9),(1488,'U',NULL,'Veterinary Practice','R',NULL,NULL,NULL,188,NULL,NULL,1298,9),(1489,'U',NULL,'Whirlpool and Foot Spa Use',NULL,NULL,NULL,NULL,189,NULL,NULL,1299,9),(1490,'U',NULL,'Zoos',NULL,NULL,NULL,NULL,190,NULL,NULL,1300,9),(1681,'C','Bacteria','(1)  ATCC and antibiotic-resistant strain',NULL,NULL,NULL,NULL,NULL,NULL,1,NULL,NULL),(1682,'C','Bacteria','(2)  antibiotic-resistant strain only',NULL,NULL,NULL,NULL,NULL,NULL,1,NULL,NULL),(1683,'C','Bacteria','Acinetobacter calcoaceticus',NULL,NULL,NULL,NULL,NULL,NULL,1,NULL,NULL),(1684,'C','Bacteria','Bordetella bronchiseptica',NULL,NULL,NULL,NULL,NULL,NULL,1,NULL,NULL),(1685,'C','Bacteria','Chlamydia psittaci',NULL,NULL,NULL,NULL,NULL,NULL,1,NULL,NULL),(1686,'C','Bacteria','Enterobacter aerogenes',NULL,NULL,NULL,NULL,NULL,NULL,1,NULL,NULL),(1687,'C','Bacteria','Enterobacter cloacae',NULL,NULL,NULL,NULL,NULL,NULL,1,NULL,NULL),(1688,'C','Bacteria','Enterococcus faecalis- Vancomycin Resistant (VRE)',NULL,NULL,NULL,NULL,NULL,NULL,1,NULL,NULL),(1689,'C','Bacteria','Escherichia coli<sub> (1)</sub>',NULL,NULL,NULL,NULL,NULL,NULL,1,NULL,NULL),(1690,'C','Bacteria','Fusobacterium necrophorum',NULL,NULL,NULL,NULL,NULL,NULL,1,NULL,NULL),(1691,'C','Bacteria','Kiebsiella pneumoniae<sub> (1)</sub>',NULL,NULL,NULL,NULL,NULL,NULL,1,NULL,NULL),(1692,'C','Bacteria','Legionella pneumophilia',NULL,NULL,NULL,NULL,NULL,NULL,1,NULL,NULL),(1693,'C','Bacteria','Listeria monocytogenes',NULL,NULL,NULL,NULL,NULL,NULL,1,NULL,NULL),(1694,'C','Bacteria','Pasteurella multocida ',NULL,NULL,NULL,NULL,NULL,NULL,1,NULL,NULL),(1695,'C','Bacteria','Proteus mirabilis',NULL,NULL,NULL,NULL,NULL,NULL,1,NULL,NULL),(1696,'C','Bacteria','Proteus vulgaris',NULL,NULL,NULL,NULL,NULL,NULL,1,NULL,NULL),(1697,'C','Bacteria','Pseudomonas aeruginosa<sub> (1)</sub>',NULL,NULL,NULL,NULL,NULL,NULL,1,NULL,NULL),(1698,'C','Bacteria','Salmonella choleraesuis',NULL,NULL,NULL,NULL,NULL,NULL,1,NULL,NULL),(1699,'C','Bacteria','Salmonella enteritidis',NULL,NULL,NULL,NULL,NULL,NULL,1,NULL,NULL),(1700,'C','Bacteria','Salmonella typhi',NULL,NULL,NULL,NULL,NULL,NULL,1,NULL,NULL),(1701,'C','Bacteria','Salmonella typhimurium',NULL,NULL,NULL,NULL,NULL,NULL,1,NULL,NULL),(1702,'C','Bacteria','Serratia marcescens',NULL,NULL,NULL,NULL,NULL,NULL,1,NULL,NULL),(1703,'C','Bacteria','Shigella fiexneri',NULL,NULL,NULL,NULL,NULL,NULL,1,NULL,NULL),(1704,'C','Bacteria','Shigella sonnei',NULL,NULL,NULL,NULL,NULL,NULL,1,NULL,NULL),(1705,'C','Bacteria','Staphylococcus aureus- Methicillin resistant (MRSA)',NULL,NULL,NULL,NULL,NULL,NULL,1,NULL,NULL),(1706,'C','Bacteria','Staphylococcus aureus- Vancomycin Intermediate Resistant (VISA)',NULL,NULL,NULL,NULL,NULL,NULL,1,NULL,NULL),(1707,'C','Bacteria','Staphylococcus aureus<sub> (1)</sub>',NULL,NULL,NULL,NULL,NULL,NULL,1,NULL,NULL),(1708,'C','Bacteria','Staphylococcus epidermidis<sub> (2)</sub>',NULL,NULL,NULL,NULL,NULL,NULL,1,NULL,NULL),(1709,'C','Bacteria','Streptococcus faecalis<sub> (1)</sub>',NULL,NULL,NULL,NULL,NULL,NULL,1,NULL,NULL),(1710,'C','Fungi','Aspergillus niger',NULL,NULL,NULL,NULL,NULL,NULL,1,NULL,NULL),(1711,'C','Fungi','Candida albicans',NULL,NULL,NULL,NULL,NULL,NULL,1,NULL,NULL),(1712,'C','Fungi','Trichophyton mentagrophytes [Athlete\'s Foot Fungus]',NULL,NULL,NULL,NULL,NULL,NULL,1,NULL,NULL),(1713,'C','Fungi','[a cause of Ringworm] [a cause of Ringworm of the foot]',NULL,NULL,NULL,NULL,NULL,NULL,1,NULL,NULL),(1714,'C','Viruses','*Adenovirus Type 4',NULL,NULL,NULL,NULL,NULL,NULL,1,NULL,NULL),(1715,'C','Viruses','*Avian polyomavirus',NULL,NULL,NULL,NULL,NULL,NULL,1,NULL,NULL),(1716,'C','Viruses','*Canine distemper',NULL,NULL,NULL,NULL,NULL,NULL,1,NULL,NULL),(1717,'C','Viruses','*Canine parvovirus- at 2 oz. per gallon',NULL,NULL,NULL,NULL,NULL,NULL,1,NULL,NULL),(1718,'C','Viruses','*Feline leukemia',NULL,NULL,NULL,NULL,NULL,NULL,1,NULL,NULL),(1719,'C','Viruses','*Feline picomavirus',NULL,NULL,NULL,NULL,NULL,NULL,1,NULL,NULL),(1720,'C','Viruses','*HIV-1 (AIDS virus)',NULL,NULL,NULL,NULL,NULL,NULL,1,NULL,NULL),(1721,'C','Viruses','*Hepatitis B Virus (HBV)',NULL,NULL,NULL,NULL,NULL,NULL,1,NULL,NULL),(1722,'C','Viruses','*Hepatitis C Virus (HCV)',NULL,NULL,NULL,NULL,NULL,NULL,1,NULL,NULL),(1723,'C','Viruses','*Herpes Simplex Type 1',NULL,NULL,NULL,NULL,NULL,NULL,1,NULL,NULL),(1724,'C','Viruses','*Herpes Simplex Type 2',NULL,NULL,NULL,NULL,NULL,NULL,1,NULL,NULL),(1725,'C','Viruses','*Human coronavirus ',NULL,NULL,NULL,NULL,NULL,NULL,1,NULL,NULL),(1726,'C','Viruses','*Infectious bovine rhinotracheitis',NULL,NULL,NULL,NULL,NULL,NULL,1,NULL,NULL),(1727,'C','Viruses','*Infectious bronchitis (Avian IBV)',NULL,NULL,NULL,NULL,NULL,NULL,1,NULL,NULL),(1728,'C','Viruses','*Influenza A/ Hong Kong',NULL,NULL,NULL,NULL,NULL,NULL,1,NULL,NULL),(1729,'C','Viruses','*Pseudorabies (PRV)',NULL,NULL,NULL,NULL,NULL,NULL,1,NULL,NULL),(1730,'C','Viruses','*Rabies',NULL,NULL,NULL,NULL,NULL,NULL,1,NULL,NULL),(1731,'C','Viruses','*Respiratory Syncytial Virus (RSV)',NULL,NULL,NULL,NULL,NULL,NULL,1,NULL,NULL),(1732,'C','Viruses','*Rubella (German Measles)',NULL,NULL,NULL,NULL,NULL,NULL,1,NULL,NULL),(1733,'C','Viruses','*Transmissible gastroenteritis virus (TGE)\Z',NULL,NULL,NULL,NULL,NULL,NULL,1,NULL,NULL),(1734,'C','Viruses','*Vaccinia [Pox virus]',NULL,NULL,NULL,NULL,NULL,NULL,1,NULL,NULL),(1735,'S',NULL,'Appliances',NULL,NULL,NULL,NULL,NULL,NULL,2,NULL,NULL),(1736,'S',NULL,'Bathroom fixtures',NULL,NULL,NULL,NULL,NULL,NULL,2,NULL,NULL),(1737,'S',NULL,'Bathtubs (Fiberglass)',NULL,NULL,NULL,NULL,NULL,NULL,2,NULL,NULL),(1738,'S',NULL,'Cabinets',NULL,NULL,NULL,NULL,NULL,NULL,2,NULL,NULL),(1739,'S',NULL,'Cages',NULL,NULL,NULL,NULL,NULL,NULL,2,NULL,NULL),(1740,'S',NULL,'Chairs',NULL,NULL,NULL,NULL,NULL,NULL,2,NULL,NULL),(1741,'S',NULL,'Coils and drain pans of air conditioning and refrigeration equipment and heat pumps',NULL,NULL,NULL,NULL,NULL,NULL,2,NULL,NULL),(1742,'S',NULL,'Conductive flooring',NULL,NULL,NULL,NULL,NULL,NULL,2,NULL,NULL),(1743,'S',NULL,'Counters (countertops)',NULL,NULL,NULL,NULL,NULL,NULL,2,NULL,NULL),(1744,'S',NULL,'Countertop laminates',NULL,NULL,NULL,NULL,NULL,NULL,2,NULL,NULL),(1745,'S',NULL,'Desks',NULL,NULL,NULL,NULL,NULL,NULL,2,NULL,NULL),(1746,'S',NULL,'Doorknobs',NULL,NULL,NULL,NULL,NULL,NULL,2,NULL,NULL),(1747,'S',NULL,'Floors',NULL,NULL,NULL,NULL,NULL,NULL,2,NULL,NULL),(1748,'S',NULL,'Garbage cans',NULL,NULL,NULL,NULL,NULL,NULL,2,NULL,NULL),(1749,'S',NULL,'Glazed ceramic',NULL,NULL,NULL,NULL,NULL,NULL,2,NULL,NULL),(1750,'S',NULL,'Glazed enameled surfaces',NULL,NULL,NULL,NULL,NULL,NULL,2,NULL,NULL),(1751,'S',NULL,'Highchairs',NULL,NULL,NULL,NULL,NULL,NULL,2,NULL,NULL),(1752,'S',NULL,'Kennel runs',NULL,NULL,NULL,NULL,NULL,NULL,2,NULL,NULL),(1753,'S',NULL,'Laminated surfaces',NULL,NULL,NULL,NULL,NULL,NULL,2,NULL,NULL),(1754,'S',NULL,'Metal',NULL,NULL,NULL,NULL,NULL,NULL,2,NULL,NULL),(1755,'S',NULL,'Microwave ovens',NULL,NULL,NULL,NULL,NULL,NULL,2,NULL,NULL),(1756,'S',NULL,'Non-medical metal surfaces',NULL,NULL,NULL,NULL,NULL,NULL,2,NULL,NULL),(1757,'S',NULL,'Non-medical stainless steel surfaces',NULL,NULL,NULL,NULL,NULL,NULL,2,NULL,NULL),(1758,'S',NULL,'Other hard nonporous surfaces made of:',NULL,NULL,NULL,NULL,NULL,NULL,2,NULL,NULL),(1759,'S',NULL,'Outdoor furniture',NULL,NULL,NULL,NULL,NULL,NULL,2,NULL,NULL),(1760,'S',NULL,'Plastic (such as polystyrene or polypropylene)',NULL,NULL,NULL,NULL,NULL,NULL,2,NULL,NULL),(1761,'S',NULL,'Refrigerated storage and display equipment',NULL,NULL,NULL,NULL,NULL,NULL,2,NULL,NULL),(1762,'S',NULL,'Refrigerators',NULL,NULL,NULL,NULL,NULL,NULL,2,NULL,NULL),(1763,'S',NULL,'Sealed granite',NULL,NULL,NULL,NULL,NULL,NULL,2,NULL,NULL),(1764,'S',NULL,'Sealed limestone',NULL,NULL,NULL,NULL,NULL,NULL,2,NULL,NULL),(1765,'S',NULL,'Sealed marble',NULL,NULL,NULL,NULL,NULL,NULL,2,NULL,NULL),(1766,'S',NULL,'Sealed slate',NULL,NULL,NULL,NULL,NULL,NULL,2,NULL,NULL),(1767,'S',NULL,'Sealed stone',NULL,NULL,NULL,NULL,NULL,NULL,2,NULL,NULL),(1768,'S',NULL,'Sealed terra cotta',NULL,NULL,NULL,NULL,NULL,NULL,2,NULL,NULL),(1769,'S',NULL,'Sealed terrazzo',NULL,NULL,NULL,NULL,NULL,NULL,2,NULL,NULL),(1770,'S',NULL,'Stainless steel',NULL,NULL,NULL,NULL,NULL,NULL,2,NULL,NULL),(1771,'S',NULL,'Tanning Beds',NULL,NULL,NULL,NULL,NULL,NULL,2,NULL,NULL),(1772,'S',NULL,'Tanning Equipment',NULL,NULL,NULL,NULL,NULL,NULL,2,NULL,NULL),(1773,'S',NULL,'Telephones',NULL,NULL,NULL,NULL,NULL,NULL,2,NULL,NULL),(1774,'S',NULL,'Upholstery',NULL,NULL,NULL,NULL,NULL,NULL,2,NULL,NULL),(1775,'S',NULL,'Walls',NULL,NULL,NULL,NULL,NULL,NULL,2,NULL,NULL),(1776,'S',NULL,'Woodwork',NULL,NULL,NULL,NULL,NULL,NULL,2,NULL,NULL),(1777,'T',NULL,'Algaecide',NULL,NULL,NULL,NULL,NULL,NULL,3,NULL,NULL),(1778,'T',NULL,'Disinfectant',NULL,NULL,NULL,NULL,NULL,NULL,3,NULL,NULL),(1779,'T',NULL,'Fungicide',NULL,NULL,NULL,NULL,NULL,NULL,3,NULL,NULL),(1780,'T',NULL,'General Purpose Anti-microbial',NULL,NULL,NULL,NULL,NULL,NULL,3,NULL,NULL),(1781,'T',NULL,'Sanitizer',NULL,NULL,NULL,NULL,NULL,NULL,3,NULL,NULL),(1782,'T',NULL,'Tuberculocide',NULL,NULL,NULL,NULL,NULL,NULL,3,NULL,NULL),(1783,'T',NULL,'Viruscide',NULL,NULL,NULL,NULL,NULL,NULL,3,NULL,NULL),(1784,'U',NULL,'Airplanes',NULL,NULL,NULL,NULL,NULL,NULL,4,NULL,NULL),(1785,'U',NULL,'Airports',NULL,NULL,NULL,NULL,NULL,NULL,4,NULL,NULL),(1786,'U',NULL,'Animal Care','R',NULL,NULL,NULL,NULL,NULL,4,NULL,NULL),(1787,'U',NULL,'Animal Laboratories',NULL,NULL,NULL,NULL,NULL,NULL,4,NULL,NULL),(1788,'U',NULL,'Animal Life Science Laboratories',NULL,NULL,NULL,NULL,NULL,NULL,4,NULL,NULL),(1789,'U',NULL,'Athletic Facilities',NULL,NULL,NULL,NULL,NULL,NULL,4,NULL,NULL),(1790,'U',NULL,'Automotive Industy',NULL,NULL,NULL,NULL,NULL,NULL,4,NULL,NULL),(1791,'U',NULL,'Barber Shops',NULL,NULL,NULL,NULL,NULL,NULL,4,NULL,NULL),(1792,'U',NULL,'Bars',NULL,NULL,NULL,NULL,NULL,NULL,4,NULL,NULL),(1793,'U',NULL,'Bathrooms',NULL,NULL,NULL,NULL,NULL,NULL,4,NULL,NULL),(1794,'U',NULL,'Beverage Plants',NULL,NULL,NULL,NULL,NULL,NULL,4,NULL,NULL),(1795,'U',NULL,'Boats',NULL,NULL,NULL,NULL,NULL,NULL,4,NULL,NULL),(1796,'U',NULL,'Breeding and Grooming Establishments',NULL,NULL,NULL,NULL,NULL,NULL,4,NULL,NULL),(1797,'U',NULL,'Breweries',NULL,NULL,NULL,NULL,NULL,NULL,4,NULL,NULL),(1798,'U',NULL,'Buses',NULL,NULL,NULL,NULL,NULL,NULL,4,NULL,NULL),(1799,'U',NULL,'Business and Office Buildings',NULL,NULL,NULL,NULL,NULL,NULL,4,NULL,NULL),(1800,'U',NULL,'Cafeterias',NULL,NULL,NULL,NULL,NULL,NULL,4,NULL,NULL),(1801,'U',NULL,'Camp Grounds',NULL,NULL,NULL,NULL,NULL,NULL,4,NULL,NULL),(1802,'U',NULL,'Campers',NULL,NULL,NULL,NULL,NULL,NULL,4,NULL,NULL),(1803,'U',NULL,'Carpeting',NULL,NULL,NULL,NULL,NULL,NULL,4,NULL,NULL),(1804,'U',NULL,'Cars',NULL,NULL,NULL,NULL,NULL,NULL,4,NULL,NULL),(1805,'U',NULL,'Citus Plants ',NULL,NULL,NULL,NULL,NULL,NULL,4,NULL,NULL),(1806,'U',NULL,'Colleges',NULL,NULL,NULL,NULL,NULL,NULL,4,NULL,NULL),(1807,'U',NULL,'Commercial Institutions',NULL,NULL,NULL,NULL,NULL,NULL,4,NULL,NULL),(1808,'U',NULL,'Convenience Stores',NULL,NULL,NULL,NULL,NULL,NULL,4,NULL,NULL),(1809,'U',NULL,'Correctional Facilities',NULL,NULL,NULL,NULL,NULL,NULL,4,NULL,NULL),(1810,'U',NULL,'Dairy Farms',NULL,NULL,NULL,NULL,NULL,NULL,4,NULL,NULL),(1811,'U',NULL,'Day Care Centers',NULL,NULL,NULL,NULL,NULL,NULL,4,NULL,NULL),(1812,'U',NULL,'Dental Offices',NULL,NULL,NULL,NULL,NULL,NULL,4,NULL,NULL),(1813,'U',NULL,'Emergency Vehicles',NULL,NULL,NULL,NULL,NULL,NULL,4,NULL,NULL),(1814,'U',NULL,'Equine Farms',NULL,NULL,NULL,NULL,NULL,NULL,4,NULL,NULL),(1815,'U',NULL,'Factories',NULL,NULL,NULL,NULL,NULL,NULL,4,NULL,NULL),(1816,'U',NULL,'Farms',NULL,NULL,NULL,NULL,NULL,NULL,4,NULL,NULL),(1817,'U',NULL,'Federally Inspected Meat and Poultry Plants',NULL,NULL,NULL,NULL,NULL,NULL,4,NULL,NULL),(1818,'U',NULL,'Food Processing Plants',NULL,NULL,NULL,NULL,NULL,NULL,4,NULL,NULL),(1819,'U',NULL,'Food Storage Areas',NULL,NULL,NULL,NULL,NULL,NULL,4,NULL,NULL),(1820,'U',NULL,'Funeral Homes',NULL,NULL,NULL,NULL,NULL,NULL,4,NULL,NULL),(1821,'U',NULL,'Health Care Facilities',NULL,NULL,NULL,NULL,NULL,NULL,4,NULL,NULL),(1822,'U',NULL,'Hog Farms',NULL,NULL,NULL,NULL,NULL,NULL,4,NULL,NULL),(1823,'U',NULL,'Homes (Households)',NULL,NULL,NULL,NULL,NULL,NULL,4,NULL,NULL),(1824,'U',NULL,'Hospitals',NULL,NULL,NULL,NULL,NULL,NULL,4,NULL,NULL),(1825,'U',NULL,'Hotels',NULL,NULL,NULL,NULL,NULL,NULL,4,NULL,NULL),(1826,'U',NULL,'Industrial Institutions',NULL,NULL,NULL,NULL,NULL,NULL,4,NULL,NULL),(1827,'U',NULL,'Institutional Facilities',NULL,NULL,NULL,NULL,NULL,NULL,4,NULL,NULL),(1828,'U',NULL,'Institutional Kitchens',NULL,NULL,NULL,NULL,NULL,NULL,4,NULL,NULL),(1829,'U',NULL,'Institutions',NULL,NULL,NULL,NULL,NULL,NULL,4,NULL,NULL),(1830,'U',NULL,'Kennels',NULL,NULL,NULL,NULL,NULL,NULL,4,NULL,NULL),(1831,'U',NULL,'Kitchens',NULL,NULL,NULL,NULL,NULL,NULL,4,NULL,NULL),(1832,'U',NULL,'Laundry Industry',NULL,NULL,NULL,NULL,NULL,NULL,4,NULL,NULL),(1833,'U',NULL,'Locker Rooms',NULL,NULL,NULL,NULL,NULL,NULL,4,NULL,NULL),(1834,'U',NULL,'Medical Clinics',NULL,NULL,NULL,NULL,NULL,NULL,4,NULL,NULL),(1835,'U',NULL,'Medical Offices',NULL,NULL,NULL,NULL,NULL,NULL,4,NULL,NULL),(1836,'U',NULL,'Mobile Homes',NULL,NULL,NULL,NULL,NULL,NULL,4,NULL,NULL),(1837,'U',NULL,'Morgues',NULL,NULL,NULL,NULL,NULL,NULL,4,NULL,NULL),(1838,'U',NULL,'Mortuaries',NULL,NULL,NULL,NULL,NULL,NULL,4,NULL,NULL),(1839,'U',NULL,'Motels',NULL,NULL,NULL,NULL,NULL,NULL,4,NULL,NULL),(1840,'U',NULL,'Mushroom Farms',NULL,NULL,NULL,NULL,NULL,NULL,4,NULL,NULL),(1841,'U',NULL,'Nurseries',NULL,NULL,NULL,NULL,NULL,NULL,4,NULL,NULL),(1842,'U',NULL,'Nursing Homes',NULL,NULL,NULL,NULL,NULL,NULL,4,NULL,NULL),(1843,'U',NULL,'Office Buildings',NULL,NULL,NULL,NULL,NULL,NULL,4,NULL,NULL),(1844,'U',NULL,'Pet Animal Quarters',NULL,NULL,NULL,NULL,NULL,NULL,4,NULL,NULL),(1845,'U',NULL,'Pet Shops',NULL,NULL,NULL,NULL,NULL,NULL,4,NULL,NULL),(1846,'U',NULL,'Playground Equipment',NULL,NULL,NULL,NULL,NULL,NULL,4,NULL,NULL),(1847,'U',NULL,'Poultry Farms',NULL,NULL,NULL,NULL,NULL,NULL,4,NULL,NULL),(1848,'U',NULL,'Poultry Plants','R',NULL,NULL,NULL,NULL,NULL,4,NULL,NULL),(1849,'U',NULL,'Prisons',NULL,NULL,NULL,NULL,NULL,NULL,4,NULL,NULL),(1850,'U',NULL,'Protective Safety Gear',NULL,NULL,NULL,NULL,NULL,NULL,4,NULL,NULL),(1851,'U',NULL,'Public Facilities',NULL,NULL,NULL,NULL,NULL,NULL,4,NULL,NULL),(1852,'U',NULL,'Public Rest Rooms',NULL,NULL,NULL,NULL,NULL,NULL,4,NULL,NULL),(1853,'U',NULL,'Recreational Vehicle Use',NULL,NULL,NULL,NULL,NULL,NULL,4,NULL,NULL),(1854,'U',NULL,'Restaurants',NULL,NULL,NULL,NULL,NULL,NULL,4,NULL,NULL),(1855,'U',NULL,'Salons (Beauty)',NULL,NULL,NULL,NULL,NULL,NULL,4,NULL,NULL),(1856,'U',NULL,'Schools',NULL,NULL,NULL,NULL,NULL,NULL,4,NULL,NULL),(1857,'U',NULL,'Ships',NULL,NULL,NULL,NULL,NULL,NULL,4,NULL,NULL),(1858,'U',NULL,'Shower and Bath Areas',NULL,NULL,NULL,NULL,NULL,NULL,4,NULL,NULL),(1859,'U',NULL,'Tack Shops',NULL,NULL,NULL,NULL,NULL,NULL,4,NULL,NULL),(1860,'U',NULL,'Tanning Salons',NULL,NULL,NULL,NULL,NULL,NULL,4,NULL,NULL),(1861,'U',NULL,'Taxis',NULL,NULL,NULL,NULL,NULL,NULL,4,NULL,NULL),(1862,'U',NULL,'Trailers',NULL,NULL,NULL,NULL,NULL,NULL,4,NULL,NULL),(1863,'U',NULL,'Trains',NULL,NULL,NULL,NULL,NULL,NULL,4,NULL,NULL),(1864,'U',NULL,'Transportation Terminals',NULL,NULL,NULL,NULL,NULL,NULL,4,NULL,NULL),(1865,'U',NULL,'Turkey Farms',NULL,NULL,NULL,NULL,NULL,NULL,4,NULL,NULL),(1866,'U',NULL,'USDA Inspected Food Processing Facilities',NULL,NULL,NULL,NULL,NULL,NULL,4,NULL,NULL),(1867,'U',NULL,'Verterinary Clinics',NULL,NULL,NULL,NULL,NULL,NULL,4,NULL,NULL),(1868,'U',NULL,'Veterinary Practice','R',NULL,NULL,NULL,NULL,NULL,4,NULL,NULL),(1869,'U',NULL,'Whirlpool and Foot Spa Use',NULL,NULL,NULL,NULL,NULL,NULL,4,NULL,NULL),(1870,'U',NULL,'Zoos',NULL,NULL,NULL,NULL,NULL,NULL,4,NULL,NULL);
/*!40000 ALTER TABLE `m_usage` ENABLE KEYS */;
UNLOCK TABLES;

--
-- Table structure for table `m_usagefootnote`
--

DROP TABLE IF EXISTS `m_usagefootnote`;
/*!40101 SET @saved_cs_client     = @@character_set_client */;
/*!40101 SET character_set_client = utf8 */;
CREATE TABLE `m_usagefootnote` (
  `ID` int(11) NOT NULL,
  `z_TEXT` varchar(254) DEFAULT NULL,
  `FK_ID_MASTERLABELCONTENT` int(11) NOT NULL,
  UNIQUE KEY `UM_USAGEFOOTNOTE_ID_469170` (`ID`),
  UNIQUE KEY `UM_USAGEFOOTNOTE_ID_626410` (`ID`),
  KEY `MUSAGEFOOTNOTEFKIDMASTERL47455` (`FK_ID_MASTERLABELCONTENT`),
  KEY `MUSAGEFOOTNOTEFKIDMASTERLAB63181` (`FK_ID_MASTERLABELCONTENT`)
) ENGINE=InnoDB DEFAULT CHARSET=utf8;
/*!40101 SET character_set_client = @saved_cs_client */;

--
-- Dumping data for table `m_usagefootnote`
--

LOCK TABLES `m_usagefootnote` WRITE;
/*!40000 ALTER TABLE `m_usagefootnote` DISABLE KEYS */;
INSERT INTO `m_usagefootnote` VALUES (1,'ATCC and antibiotic-resistant strain',10),(2,'antibiotic-resistant strain only',10);
/*!40000 ALTER TABLE `m_usagefootnote` ENABLE KEYS */;
UNLOCK TABLES;

--
-- Table structure for table `m_usageordering`
--

DROP TABLE IF EXISTS `m_usageordering`;
/*!40101 SET @saved_cs_client     = @@character_set_client */;
/*!40101 SET character_set_client = utf8 */;
CREATE TABLE `m_usageordering` (
  `ID` int(11) NOT NULL,
  `AUTOSEQ` int(11) DEFAULT NULL,
  `AUTOSEQ02` int(11) DEFAULT NULL,
  `FK_ID_M_USAGE` int(11) NOT NULL,
  `FK_ID_M_DIRECTIONSFORUSESTATEMEN` int(11) DEFAULT NULL,
  `FK_ID_M_MARKETINGSTATEMENT` int(11) DEFAULT NULL,
  UNIQUE KEY `UM_USAGEORDERING_ID_97930` (`ID`),
  UNIQUE KEY `UM_USAGEORDERING_ID_626450` (`ID`),
  KEY `M_USAGEORDERINGFKIDMUSAGE10334` (`FK_ID_M_USAGE`),
  KEY `MUSAGEORDERINGFKIDMDIRECT10335` (`FK_ID_M_DIRECTIONSFORUSESTATEMEN`),
  KEY `MUSAGEORDERINGFKIDMMARKET10454` (`FK_ID_M_MARKETINGSTATEMENT`),
  KEY `M_USAGEORDERING_FK_IDMUSAGE63225` (`FK_ID_M_USAGE`),
  KEY `MUSAGEORDERINGFKIDMDIRECTIO63226` (`FK_ID_M_DIRECTIONSFORUSESTATEMEN`),
  KEY `MUSAGEORDERINGFKIDMMARKETIN63322` (`FK_ID_M_MARKETINGSTATEMENT`)
) ENGINE=InnoDB DEFAULT CHARSET=utf8;
/*!40101 SET character_set_client = @saved_cs_client */;

--
-- Dumping data for table `m_usageordering`
--

LOCK TABLES `m_usageordering` WRITE;
/*!40000 ALTER TABLE `m_usageordering` DISABLE KEYS */;
INSERT INTO `m_usageordering` VALUES (927,1,NULL,874,7,NULL),(928,2,NULL,861,7,NULL),(929,3,NULL,860,7,NULL),(930,4,NULL,859,7,NULL),(931,5,NULL,858,7,NULL),(932,6,NULL,857,7,NULL),(933,7,NULL,856,7,NULL),(934,8,NULL,855,7,NULL),(935,9,NULL,854,7,NULL),(936,10,NULL,853,7,NULL),(937,11,NULL,862,7,NULL),(938,12,NULL,863,7,NULL),(939,13,NULL,864,7,NULL),(940,14,NULL,873,7,NULL),(941,15,NULL,872,7,NULL),(942,16,NULL,871,7,NULL),(943,17,NULL,870,7,NULL),(944,18,NULL,869,7,NULL),(945,19,NULL,868,7,NULL),(946,20,NULL,867,7,NULL),(947,21,NULL,866,7,NULL),(948,22,NULL,865,7,NULL),(949,23,NULL,852,7,NULL),(950,24,NULL,851,7,NULL),(951,25,NULL,838,7,NULL),(952,26,NULL,837,7,NULL),(953,27,NULL,836,7,NULL),(954,28,NULL,835,7,NULL),(955,29,NULL,834,7,NULL),(956,30,NULL,833,7,NULL),(957,31,NULL,832,7,NULL),(958,32,NULL,831,7,NULL),(959,33,NULL,830,7,NULL),(960,34,NULL,839,7,NULL),(961,35,NULL,840,7,NULL),(962,36,NULL,841,7,NULL),(963,37,NULL,850,7,NULL),(964,38,NULL,849,7,NULL),(965,39,NULL,848,7,NULL),(966,40,NULL,847,7,NULL),(967,41,NULL,846,7,NULL),(968,42,NULL,845,7,NULL),(969,43,NULL,844,7,NULL),(970,44,NULL,843,7,NULL),(971,45,NULL,842,7,NULL),(972,46,NULL,829,7,NULL),(973,47,NULL,920,7,NULL),(974,48,NULL,907,7,NULL),(975,49,NULL,906,7,NULL),(976,50,NULL,905,7,NULL),(977,51,NULL,904,7,NULL),(978,52,NULL,903,7,NULL),(979,53,NULL,902,7,NULL),(980,54,NULL,901,7,NULL),(981,55,NULL,900,7,NULL),(982,56,NULL,899,7,NULL),(983,57,NULL,908,7,NULL),(984,58,NULL,909,7,NULL),(985,59,NULL,910,7,NULL),(986,60,NULL,919,7,NULL),(987,61,NULL,918,7,NULL),(988,62,NULL,917,7,NULL),(989,63,NULL,916,7,NULL),(990,64,NULL,915,7,NULL),(991,65,NULL,914,7,NULL),(992,66,NULL,913,7,NULL),(993,67,NULL,912,7,NULL),(994,68,NULL,911,7,NULL),(995,69,NULL,898,7,NULL),(996,70,NULL,897,7,NULL),(997,71,NULL,884,7,NULL),(998,72,NULL,883,7,NULL),(999,73,NULL,882,7,NULL),(1000,74,NULL,881,7,NULL),(1001,75,NULL,880,7,NULL),(1002,76,NULL,879,7,NULL),(1003,77,NULL,878,7,NULL),(1004,78,NULL,877,7,NULL),(1005,79,NULL,876,7,NULL),(1006,80,NULL,885,7,NULL),(1007,81,NULL,886,7,NULL),(1008,82,NULL,887,7,NULL),(1009,83,NULL,896,7,NULL),(1010,84,NULL,895,7,NULL),(1011,85,NULL,894,7,NULL),(1012,86,NULL,893,7,NULL),(1013,87,NULL,892,7,NULL),(1014,88,NULL,891,7,NULL),(1015,89,NULL,890,7,NULL),(1016,90,NULL,889,7,NULL),(1017,91,NULL,888,7,NULL),(1018,92,NULL,875,7,NULL),(1019,93,NULL,782,7,NULL),(1020,94,NULL,769,7,NULL),(1021,95,NULL,768,7,NULL),(1022,96,NULL,767,7,NULL),(1023,97,NULL,766,7,NULL),(1024,98,NULL,765,7,NULL),(1025,99,NULL,764,7,NULL),(1026,100,NULL,763,7,NULL),(1027,101,NULL,762,7,NULL),(1028,102,NULL,761,7,NULL),(1029,103,NULL,770,7,NULL),(1030,104,NULL,771,7,NULL),(1031,105,NULL,772,7,NULL),(1032,106,NULL,781,7,NULL),(1033,107,NULL,780,7,NULL),(1034,108,NULL,779,7,NULL),(1035,109,NULL,778,7,NULL),(1036,110,NULL,777,7,NULL),(1037,111,NULL,776,7,NULL),(1038,112,NULL,775,7,NULL),(1039,113,NULL,774,7,NULL),(1040,114,NULL,773,7,NULL),(1041,115,NULL,760,7,NULL),(1042,116,NULL,759,7,NULL),(1043,117,NULL,746,7,NULL),(1044,118,NULL,745,7,NULL),(1045,119,NULL,744,7,NULL),(1046,120,NULL,743,7,NULL),(1047,121,NULL,742,7,NULL),(1048,122,NULL,741,7,NULL),(1049,123,NULL,740,7,NULL),(1050,124,NULL,739,7,NULL),(1051,125,NULL,738,7,NULL),(1052,126,NULL,747,7,NULL),(1053,127,NULL,748,7,NULL),(1054,128,NULL,749,7,NULL),(1055,129,NULL,758,7,NULL),(1056,130,NULL,757,7,NULL),(1057,131,NULL,756,7,NULL),(1058,132,NULL,755,7,NULL),(1059,133,NULL,754,7,NULL),(1060,134,NULL,753,7,NULL),(1061,135,NULL,752,7,NULL),(1062,136,NULL,751,7,NULL),(1063,137,NULL,750,7,NULL),(1064,138,NULL,737,7,NULL),(1065,139,NULL,828,7,NULL),(1066,140,NULL,815,7,NULL),(1067,141,NULL,814,7,NULL),(1068,142,NULL,813,7,NULL),(1069,143,NULL,812,7,NULL),(1070,144,NULL,811,7,NULL),(1071,145,NULL,810,7,NULL),(1072,146,NULL,809,7,NULL),(1073,147,NULL,808,7,NULL),(1074,148,NULL,807,7,NULL),(1075,149,NULL,816,7,NULL),(1076,150,NULL,817,7,NULL),(1077,151,NULL,818,7,NULL),(1078,152,NULL,827,7,NULL),(1079,153,NULL,826,7,NULL),(1080,154,NULL,825,7,NULL),(1081,155,NULL,824,7,NULL),(1082,156,NULL,823,7,NULL),(1083,157,NULL,822,7,NULL),(1084,158,NULL,821,7,NULL),(1085,159,NULL,820,7,NULL),(1086,160,NULL,819,7,NULL),(1087,161,NULL,806,7,NULL),(1088,162,NULL,805,7,NULL),(1089,163,NULL,792,7,NULL),(1090,164,NULL,791,7,NULL),(1091,165,NULL,790,7,NULL),(1092,166,NULL,789,7,NULL),(1093,167,NULL,788,7,NULL),(1094,168,NULL,787,7,NULL),(1095,169,NULL,786,7,NULL),(1096,170,NULL,785,7,NULL),(1097,171,NULL,784,7,NULL),(1098,172,NULL,793,7,NULL),(1099,173,NULL,794,7,NULL),(1100,174,NULL,795,7,NULL),(1101,175,NULL,804,7,NULL),(1102,176,NULL,803,7,NULL),(1103,177,NULL,802,7,NULL),(1104,178,NULL,801,7,NULL),(1105,179,NULL,800,7,NULL),(1106,180,NULL,799,7,NULL),(1107,181,NULL,798,7,NULL),(1108,182,NULL,797,7,NULL),(1109,183,NULL,796,7,NULL),(1110,184,NULL,783,7,NULL),(1111,1,NULL,874,8,NULL),(1112,2,NULL,861,8,NULL),(1113,3,NULL,860,8,NULL),(1114,4,NULL,859,8,NULL),(1115,5,NULL,858,8,NULL),(1116,6,NULL,857,8,NULL),(1117,7,NULL,856,8,NULL),(1118,8,NULL,855,8,NULL),(1119,9,NULL,854,8,NULL),(1120,10,NULL,744,8,NULL),(1121,11,NULL,816,8,NULL),(1122,12,NULL,906,8,NULL),(1123,13,NULL,822,8,NULL),(1124,14,NULL,805,8,NULL),(1125,15,NULL,788,8,NULL),(1126,16,NULL,793,8,NULL),(1127,17,NULL,790,8,NULL),(1128,18,NULL,799,8,NULL),(1129,19,NULL,889,8,NULL),(1130,20,NULL,867,8,NULL),(1131,21,NULL,866,8,NULL),(1132,22,NULL,865,8,NULL),(1133,23,NULL,852,8,NULL),(1134,24,NULL,851,8,NULL),(1135,25,NULL,838,8,NULL),(1136,26,NULL,837,8,NULL),(1137,27,NULL,836,8,NULL),(1138,28,NULL,835,8,NULL),(1139,29,NULL,834,8,NULL),(1140,30,NULL,833,8,NULL),(1141,31,NULL,832,8,NULL),(1142,32,NULL,831,8,NULL),(1143,33,NULL,830,8,NULL),(1144,34,NULL,839,8,NULL),(1145,35,NULL,840,8,NULL),(1146,36,NULL,841,8,NULL),(1147,37,NULL,850,8,NULL),(1148,38,NULL,849,8,NULL),(1149,39,NULL,848,8,NULL),(1150,40,NULL,847,8,NULL),(1151,41,NULL,846,8,NULL),(1152,42,NULL,845,8,NULL),(1153,43,NULL,844,8,NULL),(1154,44,NULL,843,8,NULL),(1155,45,NULL,842,8,NULL),(1156,46,NULL,899,8,NULL),(1157,47,NULL,863,8,NULL),(1158,48,NULL,862,8,NULL),(1159,49,NULL,893,8,NULL),(1160,50,NULL,864,8,NULL),(1161,51,NULL,873,8,NULL),(1162,52,NULL,872,8,NULL),(1163,53,NULL,871,8,NULL),(1164,54,NULL,810,8,NULL),(1165,55,NULL,908,8,NULL),(1166,56,NULL,909,8,NULL),(1167,57,NULL,912,8,NULL),(1168,58,NULL,829,8,NULL),(1169,59,NULL,910,8,NULL),(1170,60,NULL,919,8,NULL),(1171,61,NULL,918,8,NULL),(1172,62,NULL,917,8,NULL),(1173,63,NULL,916,8,NULL),(1174,64,NULL,915,8,NULL),(1175,65,NULL,914,8,NULL),(1176,66,NULL,913,8,NULL),(1177,67,NULL,869,8,NULL),(1178,68,NULL,911,8,NULL),(1179,69,NULL,897,8,NULL),(1180,70,NULL,884,8,NULL),(1181,71,NULL,883,8,NULL),(1182,72,NULL,882,8,NULL),(1183,73,NULL,881,8,NULL),(1184,74,NULL,898,8,NULL),(1185,75,NULL,880,8,NULL),(1186,76,NULL,879,8,NULL),(1187,77,NULL,878,8,NULL),(1188,78,NULL,877,8,NULL),(1189,79,NULL,876,8,NULL),(1190,80,NULL,885,8,NULL),(1191,81,NULL,886,8,NULL),(1192,82,NULL,887,8,NULL),(1193,83,NULL,896,8,NULL),(1194,84,NULL,920,8,NULL),(1195,85,NULL,907,8,NULL),(1196,86,NULL,904,8,NULL),(1197,87,NULL,905,8,NULL),(1198,88,NULL,826,8,NULL),(1199,89,NULL,903,8,NULL),(1200,90,NULL,902,8,NULL),(1201,91,NULL,901,8,NULL),(1202,92,NULL,900,8,NULL),(1203,93,NULL,782,8,NULL),(1204,94,NULL,769,8,NULL),(1205,95,NULL,768,8,NULL),(1206,96,NULL,767,8,NULL),(1207,97,NULL,766,8,NULL),(1208,98,NULL,765,8,NULL),(1209,99,NULL,764,8,NULL),(1210,100,NULL,763,8,NULL),(1211,101,NULL,762,8,NULL),(1212,102,NULL,761,8,NULL),(1213,103,NULL,770,8,NULL),(1214,104,NULL,771,8,NULL),(1215,105,NULL,772,8,NULL),(1216,106,NULL,781,8,NULL),(1217,107,NULL,780,8,NULL),(1218,108,NULL,779,8,NULL),(1219,109,NULL,778,8,NULL),(1220,110,NULL,777,8,NULL),(1221,111,NULL,776,8,NULL),(1222,112,NULL,759,8,NULL),(1223,113,NULL,828,8,NULL),(1224,114,NULL,875,8,NULL),(1225,115,NULL,742,8,NULL),(1226,116,NULL,815,8,NULL),(1227,117,NULL,740,8,NULL),(1228,118,NULL,739,8,NULL),(1229,119,NULL,895,8,NULL),(1230,120,NULL,747,8,NULL),(1231,121,NULL,748,8,NULL),(1232,122,NULL,755,8,NULL),(1233,123,NULL,894,8,NULL),(1234,124,NULL,749,8,NULL),(1235,125,NULL,758,8,NULL),(1236,126,NULL,754,8,NULL),(1237,127,NULL,853,8,NULL),(1238,128,NULL,757,8,NULL),(1239,129,NULL,756,8,NULL),(1240,130,NULL,753,8,NULL),(1241,131,NULL,892,8,NULL),(1242,132,NULL,741,8,NULL),(1243,133,NULL,738,8,NULL),(1244,134,NULL,750,8,NULL),(1245,135,NULL,752,8,NULL),(1246,136,NULL,891,8,NULL),(1247,137,NULL,808,8,NULL),(1248,138,NULL,807,8,NULL),(1249,139,NULL,803,8,NULL),(1250,140,NULL,751,8,NULL),(1251,141,NULL,890,8,NULL),(1252,142,NULL,775,8,NULL),(1253,143,NULL,774,8,NULL),(1254,144,NULL,760,8,NULL),(1255,145,NULL,737,8,NULL),(1256,146,NULL,888,8,NULL),(1257,147,NULL,745,8,NULL),(1258,148,NULL,824,8,NULL),(1259,149,NULL,806,8,NULL),(1260,150,NULL,811,8,NULL),(1261,151,NULL,792,8,NULL),(1262,152,NULL,791,8,NULL),(1263,153,NULL,789,8,NULL),(1264,154,NULL,773,8,NULL),(1265,155,NULL,787,8,NULL),(1266,156,NULL,786,8,NULL),(1267,157,NULL,784,8,NULL),(1268,158,NULL,809,8,NULL),(1269,159,NULL,794,8,NULL),(1270,160,NULL,795,8,NULL),(1271,161,NULL,804,8,NULL),(1272,162,NULL,870,8,NULL),(1273,163,NULL,802,8,NULL),(1274,164,NULL,801,8,NULL),(1275,165,NULL,800,8,NULL),(1276,166,NULL,746,8,NULL),(1277,167,NULL,798,8,NULL),(1278,168,NULL,819,8,NULL),(1279,169,NULL,743,8,NULL),(1280,170,NULL,785,8,NULL),(1281,171,NULL,827,8,NULL),(1282,172,NULL,797,8,NULL),(1283,173,NULL,796,8,NULL),(1284,174,NULL,783,8,NULL),(1285,175,NULL,813,8,NULL),(1286,176,NULL,868,8,NULL),(1287,177,NULL,814,8,NULL),(1288,178,NULL,817,8,NULL),(1289,179,NULL,818,8,NULL),(1290,180,NULL,825,8,NULL),(1291,181,NULL,823,8,NULL),(1292,182,NULL,812,8,NULL),(1293,183,NULL,821,8,NULL),(1294,184,NULL,820,8,NULL),(1295,NULL,NULL,855,NULL,5),(1296,NULL,NULL,833,NULL,5),(1297,NULL,NULL,839,NULL,5),(1298,NULL,NULL,851,NULL,5),(1299,NULL,NULL,873,NULL,5),(1300,NULL,NULL,859,NULL,5),(1301,NULL,NULL,867,NULL,5),(1302,NULL,NULL,830,NULL,5),(1303,NULL,NULL,852,NULL,5),(1304,NULL,NULL,864,NULL,5),(1305,NULL,NULL,858,NULL,5),(1306,NULL,NULL,872,NULL,5),(1307,NULL,NULL,838,NULL,5),(1308,NULL,NULL,850,NULL,5),(1309,NULL,NULL,836,NULL,5),(1310,NULL,NULL,870,NULL,5),(1311,NULL,NULL,856,NULL,5),(1312,NULL,NULL,841,NULL,5),(1313,NULL,NULL,837,NULL,5),(1314,NULL,NULL,871,NULL,5),(1315,NULL,NULL,857,NULL,5),(1316,NULL,NULL,840,NULL,5),(1317,NULL,NULL,860,NULL,5),(1318,NULL,NULL,853,NULL,5),(1319,NULL,NULL,785,NULL,5),(1320,NULL,NULL,798,NULL,5),(1321,NULL,NULL,802,NULL,5),(1322,NULL,NULL,794,NULL,5),(1323,NULL,NULL,787,NULL,5),(1324,NULL,NULL,792,NULL,5),(1325,NULL,NULL,821,NULL,5),(1326,NULL,NULL,825,NULL,5),(1327,NULL,NULL,817,NULL,5),(1328,NULL,NULL,783,NULL,5),(1329,NULL,NULL,818,NULL,5),(1330,NULL,NULL,824,NULL,5),(1331,NULL,NULL,831,NULL,5),(1332,NULL,NULL,865,NULL,5),(1333,NULL,NULL,863,NULL,5),(1334,NULL,NULL,861,NULL,5),(1335,NULL,NULL,801,NULL,5),(1336,NULL,NULL,795,NULL,5),(1337,NULL,NULL,786,NULL,5),(1338,NULL,NULL,791,NULL,5),(1339,NULL,NULL,820,NULL,5),(1340,NULL,NULL,796,NULL,5),(1341,NULL,NULL,882,NULL,5),(1342,NULL,NULL,910,NULL,5),(1343,NULL,NULL,906,NULL,5),(1344,NULL,NULL,848,NULL,5),(1345,NULL,NULL,911,NULL,5),(1346,NULL,NULL,909,NULL,5),(1347,NULL,NULL,907,NULL,5),(1348,NULL,NULL,849,NULL,5),(1349,NULL,NULL,883,NULL,5),(1350,NULL,NULL,912,NULL,5),(1351,NULL,NULL,898,NULL,5),(1352,NULL,NULL,847,NULL,5),(1353,NULL,NULL,905,NULL,5),(1354,NULL,NULL,916,NULL,5),(1355,NULL,NULL,902,NULL,5),(1356,NULL,NULL,844,NULL,5),(1357,NULL,NULL,884,NULL,5),(1358,NULL,NULL,918,NULL,5),(1359,NULL,NULL,904,NULL,5),(1360,NULL,NULL,846,NULL,5),(1361,NULL,NULL,897,NULL,5),(1362,NULL,NULL,919,NULL,5),(1363,NULL,NULL,908,NULL,5),(1364,NULL,NULL,920,NULL,5),(1365,NULL,NULL,843,NULL,5),(1366,NULL,NULL,832,NULL,5),(1367,NULL,NULL,866,NULL,5),(1368,NULL,NULL,862,NULL,5),(1369,NULL,NULL,874,NULL,5),(1370,NULL,NULL,834,NULL,5),(1371,NULL,NULL,868,NULL,5),(1372,NULL,NULL,854,NULL,5),(1373,NULL,NULL,835,NULL,5),(1374,NULL,NULL,901,NULL,5),(1375,NULL,NULL,915,NULL,5),(1376,NULL,NULL,881,NULL,5),(1377,NULL,NULL,917,NULL,5),(1378,NULL,NULL,913,NULL,5),(1379,NULL,NULL,899,NULL,5),(1380,NULL,NULL,829,NULL,5),(1381,NULL,NULL,903,NULL,5),(1382,NULL,NULL,914,NULL,5),(1383,NULL,NULL,900,NULL,5),(1384,NULL,NULL,842,NULL,5),(1385,NULL,NULL,845,NULL,5),(1386,NULL,NULL,869,NULL,5),(1387,NULL,NULL,828,NULL,5),(1388,NULL,NULL,780,NULL,5),(1389,NULL,NULL,781,NULL,5),(1390,NULL,NULL,772,NULL,5),(1391,NULL,NULL,771,NULL,5),(1392,NULL,NULL,770,NULL,5),(1393,NULL,NULL,761,NULL,5),(1394,NULL,NULL,762,NULL,5),(1395,NULL,NULL,763,NULL,5),(1396,NULL,NULL,764,NULL,5),(1397,NULL,NULL,779,NULL,5),(1398,NULL,NULL,778,NULL,5),(1399,NULL,NULL,777,NULL,5),(1400,NULL,NULL,773,NULL,5),(1401,NULL,NULL,737,NULL,5),(1402,NULL,NULL,750,NULL,5),(1403,NULL,NULL,753,NULL,5),(1404,NULL,NULL,754,NULL,5),(1405,NULL,NULL,755,NULL,5),(1406,NULL,NULL,751,NULL,5),(1407,NULL,NULL,746,NULL,5),(1408,NULL,NULL,776,NULL,5),(1409,NULL,NULL,765,NULL,5),(1410,NULL,NULL,766,NULL,5),(1411,NULL,NULL,895,NULL,5),(1412,NULL,NULL,896,NULL,5),(1413,NULL,NULL,887,NULL,5),(1414,NULL,NULL,886,NULL,5),(1415,NULL,NULL,885,NULL,5),(1416,NULL,NULL,876,NULL,5),(1417,NULL,NULL,877,NULL,5),(1418,NULL,NULL,878,NULL,5),(1419,NULL,NULL,879,NULL,5),(1420,NULL,NULL,894,NULL,5),(1421,NULL,NULL,893,NULL,5),(1422,NULL,NULL,892,NULL,5),(1423,NULL,NULL,767,NULL,5),(1424,NULL,NULL,768,NULL,5),(1425,NULL,NULL,769,NULL,5),(1426,NULL,NULL,782,NULL,5),(1427,NULL,NULL,875,NULL,5),(1428,NULL,NULL,888,NULL,5),(1429,NULL,NULL,889,NULL,5),(1430,NULL,NULL,890,NULL,5),(1431,NULL,NULL,891,NULL,5),(1432,NULL,NULL,880,NULL,5),(1433,NULL,NULL,790,NULL,5),(1434,NULL,NULL,784,NULL,5),(1435,NULL,NULL,789,NULL,5),(1436,NULL,NULL,806,NULL,5),(1437,NULL,NULL,823,NULL,5),(1438,NULL,NULL,827,NULL,5),(1439,NULL,NULL,744,NULL,5),(1440,NULL,NULL,759,NULL,5),(1441,NULL,NULL,774,NULL,5),(1442,NULL,NULL,807,NULL,5),(1443,NULL,NULL,804,NULL,5),(1444,NULL,NULL,800,NULL,5),(1445,NULL,NULL,819,NULL,5),(1446,NULL,NULL,799,NULL,5),(1447,NULL,NULL,803,NULL,5),(1448,NULL,NULL,793,NULL,5),(1449,NULL,NULL,788,NULL,5),(1450,NULL,NULL,805,NULL,5),(1451,NULL,NULL,822,NULL,5),(1452,NULL,NULL,826,NULL,5),(1453,NULL,NULL,816,NULL,5),(1454,NULL,NULL,797,NULL,5),(1455,NULL,NULL,738,NULL,5),(1456,NULL,NULL,756,NULL,5),(1457,NULL,NULL,740,NULL,5),(1458,NULL,NULL,743,NULL,5),(1459,NULL,NULL,752,NULL,5),(1460,NULL,NULL,809,NULL,5),(1461,NULL,NULL,810,NULL,5),(1462,NULL,NULL,811,NULL,5),(1463,NULL,NULL,812,NULL,5),(1464,NULL,NULL,813,NULL,5),(1465,NULL,NULL,814,NULL,5),(1466,NULL,NULL,747,NULL,5),(1467,NULL,NULL,749,NULL,5),(1468,NULL,NULL,757,NULL,5),(1469,NULL,NULL,758,NULL,5),(1470,NULL,NULL,748,NULL,5),(1471,NULL,NULL,739,NULL,5),(1472,NULL,NULL,742,NULL,5),(1473,NULL,NULL,745,NULL,5),(1474,NULL,NULL,760,NULL,5),(1475,NULL,NULL,775,NULL,5),(1476,NULL,NULL,808,NULL,5),(1477,NULL,NULL,741,NULL,5),(1478,NULL,NULL,815,NULL,5),(1479,NULL,NULL,874,NULL,6),(1480,NULL,NULL,829,NULL,6),(1481,NULL,NULL,757,NULL,6),(1482,NULL,NULL,839,NULL,6),(1483,NULL,NULL,758,NULL,6),(1484,NULL,NULL,801,NULL,6),(1485,NULL,NULL,812,NULL,6),(1486,NULL,NULL,851,NULL,6),(1487,NULL,NULL,749,NULL,6),(1488,NULL,NULL,836,NULL,6),(1489,NULL,NULL,792,NULL,6),(1490,NULL,NULL,844,NULL,6),(1491,NULL,NULL,756,NULL,6),(1492,NULL,NULL,788,NULL,6),(1493,NULL,NULL,916,NULL,6),(1494,NULL,NULL,780,NULL,6),(1495,NULL,NULL,786,NULL,6),(1496,NULL,NULL,913,NULL,6),(1497,NULL,NULL,789,NULL,6),(1498,NULL,NULL,902,NULL,6),(1499,NULL,NULL,895,NULL,6),(1500,NULL,NULL,899,NULL,6),(1501,NULL,NULL,766,NULL,6),(1502,NULL,NULL,873,NULL,6),(1503,NULL,NULL,901,NULL,6),(1504,NULL,NULL,843,NULL,6),(1505,NULL,NULL,840,NULL,6),(1506,NULL,NULL,838,NULL,6),(1507,NULL,NULL,872,NULL,6),(1508,NULL,NULL,858,NULL,6),(1509,NULL,NULL,820,NULL,6),(1510,NULL,NULL,821,NULL,6),(1511,NULL,NULL,822,NULL,6),(1512,NULL,NULL,915,NULL,6),(1513,NULL,NULL,850,NULL,6),(1514,NULL,NULL,880,NULL,6),(1515,NULL,NULL,813,NULL,6),(1516,NULL,NULL,870,NULL,6),(1517,NULL,NULL,771,NULL,6),(1518,NULL,NULL,859,NULL,6),(1519,NULL,NULL,739,NULL,6),(1520,NULL,NULL,740,NULL,6),(1521,NULL,NULL,815,NULL,6),(1522,NULL,NULL,878,NULL,6),(1523,NULL,NULL,879,NULL,6),(1524,NULL,NULL,764,NULL,6),(1525,NULL,NULL,806,NULL,6),(1526,NULL,NULL,802,NULL,6),(1527,NULL,NULL,893,NULL,6),(1528,NULL,NULL,774,NULL,6),(1529,NULL,NULL,911,NULL,6),(1530,NULL,NULL,803,NULL,6),(1531,NULL,NULL,768,NULL,6),(1532,NULL,NULL,794,NULL,6),(1533,NULL,NULL,909,NULL,6),(1534,NULL,NULL,804,NULL,6),(1535,NULL,NULL,849,NULL,6),(1536,NULL,NULL,857,NULL,6),(1537,NULL,NULL,767,NULL,6),(1538,NULL,NULL,868,NULL,6),(1539,NULL,NULL,752,NULL,6),(1540,NULL,NULL,837,NULL,6),(1541,NULL,NULL,823,NULL,6),(1542,NULL,NULL,854,NULL,6),(1543,NULL,NULL,781,NULL,6),(1544,NULL,NULL,871,NULL,6),(1545,NULL,NULL,827,NULL,6),(1546,NULL,NULL,759,NULL,6),(1547,NULL,NULL,914,NULL,6),(1548,NULL,NULL,793,NULL,6),(1549,NULL,NULL,795,NULL,6),(1550,NULL,NULL,753,NULL,6),(1551,NULL,NULL,856,NULL,6),(1552,NULL,NULL,769,NULL,6),(1553,NULL,NULL,791,NULL,6),(1554,NULL,NULL,755,NULL,6),(1555,NULL,NULL,787,NULL,6),(1556,NULL,NULL,841,NULL,6),(1557,NULL,NULL,805,NULL,6),(1558,NULL,NULL,810,NULL,6),(1559,NULL,NULL,834,NULL,6),(1560,NULL,NULL,811,NULL,6),(1561,NULL,NULL,738,NULL,6),(1562,NULL,NULL,907,NULL,6),(1563,NULL,NULL,807,NULL,6),(1564,NULL,NULL,900,NULL,6),(1565,NULL,NULL,784,NULL,6),(1566,NULL,NULL,741,NULL,6),(1567,NULL,NULL,894,NULL,6),(1568,NULL,NULL,808,NULL,6),(1569,NULL,NULL,842,NULL,6),(1570,NULL,NULL,754,NULL,6),(1571,NULL,NULL,748,NULL,6),(1572,NULL,NULL,906,NULL,6),(1573,NULL,NULL,860,NULL,6),(1574,NULL,NULL,861,NULL,6),(1575,NULL,NULL,892,NULL,6),(1576,NULL,NULL,897,NULL,6),(1577,NULL,NULL,919,NULL,6),(1578,NULL,NULL,905,NULL,6),(1579,NULL,NULL,770,NULL,6),(1580,NULL,NULL,832,NULL,6),(1581,NULL,NULL,866,NULL,6),(1582,NULL,NULL,751,NULL,6),(1583,NULL,NULL,809,NULL,6),(1584,NULL,NULL,775,NULL,6),(1585,NULL,NULL,881,NULL,6),(1586,NULL,NULL,833,NULL,6),(1587,NULL,NULL,867,NULL,6),(1588,NULL,NULL,853,NULL,6),(1589,NULL,NULL,888,NULL,6),(1590,NULL,NULL,783,NULL,6),(1591,NULL,NULL,796,NULL,6),(1592,NULL,NULL,797,NULL,6),(1593,NULL,NULL,778,NULL,6),(1594,NULL,NULL,862,NULL,6),(1595,NULL,NULL,896,NULL,6),(1596,NULL,NULL,908,NULL,6),(1597,NULL,NULL,920,NULL,6),(1598,NULL,NULL,782,NULL,6),(1599,NULL,NULL,835,NULL,6),(1600,NULL,NULL,869,NULL,6),(1601,NULL,NULL,855,NULL,6),(1602,NULL,NULL,744,NULL,6),(1603,NULL,NULL,798,NULL,6),(1604,NULL,NULL,799,NULL,6),(1605,NULL,NULL,912,NULL,6),(1606,NULL,NULL,877,NULL,6),(1607,NULL,NULL,891,NULL,6),(1608,NULL,NULL,785,NULL,6),(1609,NULL,NULL,790,NULL,6),(1610,NULL,NULL,819,NULL,6),(1611,NULL,NULL,777,NULL,6),(1612,NULL,NULL,760,NULL,6),(1613,NULL,NULL,773,NULL,6),(1614,NULL,NULL,750,NULL,6),(1615,NULL,NULL,779,NULL,6),(1616,NULL,NULL,765,NULL,6),(1617,NULL,NULL,800,NULL,6),(1618,NULL,NULL,747,NULL,6),(1619,NULL,NULL,883,NULL,6),(1620,NULL,NULL,824,NULL,6),(1621,NULL,NULL,825,NULL,6),(1622,NULL,NULL,826,NULL,6),(1623,NULL,NULL,890,NULL,6),(1624,NULL,NULL,776,NULL,6),(1625,NULL,NULL,745,NULL,6),(1626,NULL,NULL,746,NULL,6),(1627,NULL,NULL,737,NULL,6),(1628,NULL,NULL,863,NULL,6),(1629,NULL,NULL,865,NULL,6),(1630,NULL,NULL,831,NULL,6),(1631,NULL,NULL,814,NULL,6),(1632,NULL,NULL,876,NULL,6),(1633,NULL,NULL,761,NULL,6),(1634,NULL,NULL,875,NULL,6),(1635,NULL,NULL,887,NULL,6),(1636,NULL,NULL,884,NULL,6),(1637,NULL,NULL,918,NULL,6),(1638,NULL,NULL,904,NULL,6),(1639,NULL,NULL,846,NULL,6),(1640,NULL,NULL,847,NULL,6),(1641,NULL,NULL,848,NULL,6),(1642,NULL,NULL,886,NULL,6),(1643,NULL,NULL,742,NULL,6),(1644,NULL,NULL,743,NULL,6),(1645,NULL,NULL,828,NULL,6),(1646,NULL,NULL,882,NULL,6),(1647,NULL,NULL,763,NULL,6),(1648,NULL,NULL,889,NULL,6),(1649,NULL,NULL,885,NULL,6),(1650,NULL,NULL,898,NULL,6),(1651,NULL,NULL,816,NULL,6),(1652,NULL,NULL,817,NULL,6),(1653,NULL,NULL,818,NULL,6),(1654,NULL,NULL,772,NULL,6),(1655,NULL,NULL,840,NULL,6),(1656,NULL,NULL,917,NULL,6),(1657,NULL,NULL,903,NULL,6),(1658,NULL,NULL,845,NULL,6),(1659,NULL,NULL,830,NULL,6),(1660,NULL,NULL,852,NULL,6),(1661,NULL,NULL,864,NULL,6),(1662,NULL,NULL,762,NULL,6),(1663,NULL,NULL,910,NULL,6),(1664,NULL,NULL,808,NULL,7),(1665,NULL,NULL,745,NULL,7),(1666,NULL,NULL,809,NULL,7),(1667,NULL,NULL,847,NULL,7),(1668,NULL,NULL,765,NULL,7),(1669,NULL,NULL,867,NULL,7),(1670,NULL,NULL,751,NULL,7),(1671,NULL,NULL,831,NULL,7),(1672,NULL,NULL,759,NULL,7),(1673,NULL,NULL,853,NULL,7),(1674,NULL,NULL,780,NULL,7),(1675,NULL,NULL,905,NULL,7),(1676,NULL,NULL,885,NULL,7),(1677,NULL,NULL,908,NULL,7),(1678,NULL,NULL,784,NULL,7),(1679,NULL,NULL,742,NULL,7),(1680,NULL,NULL,803,NULL,7),(1681,NULL,NULL,920,NULL,7),(1682,NULL,NULL,756,NULL,7),(1683,NULL,NULL,919,NULL,7),(1684,NULL,NULL,804,NULL,7),(1685,NULL,NULL,777,NULL,7),(1686,NULL,NULL,884,NULL,7),(1687,NULL,NULL,875,NULL,7),(1688,NULL,NULL,786,NULL,7),(1689,NULL,NULL,794,NULL,7),(1690,NULL,NULL,869,NULL,7),(1691,NULL,NULL,855,NULL,7),(1692,NULL,NULL,807,NULL,7),(1693,NULL,NULL,775,NULL,7),(1694,NULL,NULL,799,NULL,7),(1695,NULL,NULL,806,NULL,7),(1696,NULL,NULL,818,NULL,7),(1697,NULL,NULL,842,NULL,7),(1698,NULL,NULL,900,NULL,7),(1699,NULL,NULL,837,NULL,7),(1700,NULL,NULL,796,NULL,7),(1701,NULL,NULL,747,NULL,7),(1702,NULL,NULL,882,NULL,7),(1703,NULL,NULL,917,NULL,7),(1704,NULL,NULL,872,NULL,7),(1705,NULL,NULL,896,NULL,7),(1706,NULL,NULL,743,NULL,7),(1707,NULL,NULL,828,NULL,7),(1708,NULL,NULL,840,NULL,7),(1709,NULL,NULL,741,NULL,7),(1710,NULL,NULL,906,NULL,7),(1711,NULL,NULL,746,NULL,7),(1712,NULL,NULL,903,NULL,7),(1713,NULL,NULL,819,NULL,7),(1714,NULL,NULL,757,NULL,7),(1715,NULL,NULL,863,NULL,7),(1716,NULL,NULL,737,NULL,7),(1717,NULL,NULL,845,NULL,7),(1718,NULL,NULL,840,NULL,7),(1719,NULL,NULL,812,NULL,7),(1720,NULL,NULL,865,NULL,7),(1721,NULL,NULL,790,NULL,7),(1722,NULL,NULL,879,NULL,7),(1723,NULL,NULL,826,NULL,7),(1724,NULL,NULL,880,NULL,7),(1725,NULL,NULL,883,NULL,7),(1726,NULL,NULL,848,NULL,7),(1727,NULL,NULL,779,NULL,7),(1728,NULL,NULL,771,NULL,7),(1729,NULL,NULL,763,NULL,7),(1730,NULL,NULL,770,NULL,7),(1731,NULL,NULL,764,NULL,7),(1732,NULL,NULL,861,NULL,7),(1733,NULL,NULL,795,NULL,7),(1734,NULL,NULL,894,NULL,7),(1735,NULL,NULL,856,NULL,7),(1736,NULL,NULL,814,NULL,7),(1737,NULL,NULL,762,NULL,7),(1738,NULL,NULL,782,NULL,7),(1739,NULL,NULL,858,NULL,7),(1740,NULL,NULL,738,NULL,7),(1741,NULL,NULL,798,NULL,7),(1742,NULL,NULL,800,NULL,7),(1743,NULL,NULL,797,NULL,7),(1744,NULL,NULL,910,NULL,7),(1745,NULL,NULL,870,NULL,7),(1746,NULL,NULL,791,NULL,7),(1747,NULL,NULL,916,NULL,7),(1748,NULL,NULL,754,NULL,7),(1749,NULL,NULL,913,NULL,7),(1750,NULL,NULL,836,NULL,7),(1751,NULL,NULL,787,NULL,7),(1752,NULL,NULL,739,NULL,7),(1753,NULL,NULL,825,NULL,7),(1754,NULL,NULL,768,NULL,7),(1755,NULL,NULL,776,NULL,7),(1756,NULL,NULL,811,NULL,7),(1757,NULL,NULL,761,NULL,7),(1758,NULL,NULL,918,NULL,7),(1759,NULL,NULL,904,NULL,7),(1760,NULL,NULL,846,NULL,7),(1761,NULL,NULL,911,NULL,7),(1762,NULL,NULL,851,NULL,7),(1763,NULL,NULL,873,NULL,7),(1764,NULL,NULL,859,NULL,7),(1765,NULL,NULL,832,NULL,7),(1766,NULL,NULL,792,NULL,7),(1767,NULL,NULL,772,NULL,7),(1768,NULL,NULL,752,NULL,7),(1769,NULL,NULL,810,NULL,7),(1770,NULL,NULL,866,NULL,7),(1771,NULL,NULL,862,NULL,7),(1772,NULL,NULL,874,NULL,7),(1773,NULL,NULL,833,NULL,7),(1774,NULL,NULL,821,NULL,7),(1775,NULL,NULL,822,NULL,7),(1776,NULL,NULL,823,NULL,7),(1777,NULL,NULL,783,NULL,7),(1778,NULL,NULL,773,NULL,7),(1779,NULL,NULL,805,NULL,7),(1780,NULL,NULL,841,NULL,7),(1781,NULL,NULL,778,NULL,7),(1782,NULL,NULL,760,NULL,7),(1783,NULL,NULL,868,NULL,7),(1784,NULL,NULL,854,NULL,7),(1785,NULL,NULL,850,NULL,7),(1786,NULL,NULL,914,NULL,7),(1787,NULL,NULL,817,NULL,7),(1788,NULL,NULL,816,NULL,7),(1789,NULL,NULL,801,NULL,7),(1790,NULL,NULL,843,NULL,7),(1791,NULL,NULL,901,NULL,7),(1792,NULL,NULL,769,NULL,7),(1793,NULL,NULL,915,NULL,7),(1794,NULL,NULL,740,NULL,7),(1795,NULL,NULL,815,NULL,7),(1796,NULL,NULL,744,NULL,7),(1797,NULL,NULL,785,NULL,7),(1798,NULL,NULL,766,NULL,7),(1799,NULL,NULL,892,NULL,7),(1800,NULL,NULL,878,NULL,7),(1801,NULL,NULL,898,NULL,7),(1802,NULL,NULL,835,NULL,7),(1803,NULL,NULL,753,NULL,7),(1804,NULL,NULL,860,NULL,7),(1805,NULL,NULL,824,NULL,7),(1806,NULL,NULL,889,NULL,7),(1807,NULL,NULL,788,NULL,7),(1808,NULL,NULL,789,NULL,7),(1809,NULL,NULL,758,NULL,7),(1810,NULL,NULL,891,NULL,7),(1811,NULL,NULL,750,NULL,7),(1812,NULL,NULL,897,NULL,7),(1813,NULL,NULL,864,NULL,7),(1814,NULL,NULL,852,NULL,7),(1815,NULL,NULL,912,NULL,7),(1816,NULL,NULL,781,NULL,7),(1817,NULL,NULL,767,NULL,7),(1818,NULL,NULL,888,NULL,7),(1819,NULL,NULL,886,NULL,7),(1820,NULL,NULL,774,NULL,7),(1821,NULL,NULL,802,NULL,7),(1822,NULL,NULL,909,NULL,7),(1823,NULL,NULL,907,NULL,7),(1824,NULL,NULL,849,NULL,7),(1825,NULL,NULL,893,NULL,7),(1826,NULL,NULL,902,NULL,7),(1827,NULL,NULL,755,NULL,7),(1828,NULL,NULL,748,NULL,7),(1829,NULL,NULL,877,NULL,7),(1830,NULL,NULL,890,NULL,7),(1831,NULL,NULL,876,NULL,7),(1832,NULL,NULL,839,NULL,7),(1833,NULL,NULL,838,NULL,7),(1834,NULL,NULL,899,NULL,7),(1835,NULL,NULL,829,NULL,7),(1836,NULL,NULL,813,NULL,7),(1837,NULL,NULL,749,NULL,7),(1838,NULL,NULL,834,NULL,7),(1839,NULL,NULL,844,NULL,7),(1840,NULL,NULL,830,NULL,7),(1841,NULL,NULL,895,NULL,7),(1842,NULL,NULL,871,NULL,7),(1843,NULL,NULL,857,NULL,7),(1844,NULL,NULL,820,NULL,7),(1845,NULL,NULL,887,NULL,7),(1846,NULL,NULL,793,NULL,7),(1847,NULL,NULL,827,NULL,7),(1848,NULL,NULL,881,NULL,7),(1849,1,NULL,937,12,NULL),(1850,2,NULL,942,12,NULL),(1851,3,NULL,953,12,NULL),(1852,4,NULL,957,12,NULL),(1853,5,NULL,959,12,NULL),(1854,6,NULL,976,12,NULL),(1855,7,NULL,980,12,NULL),(1856,8,NULL,981,12,NULL),(1857,9,NULL,995,12,NULL),(1858,10,NULL,996,12,NULL),(1859,11,NULL,997,12,NULL),(1860,12,NULL,998,12,NULL),(1861,13,NULL,999,12,NULL),(1862,14,NULL,1000,12,NULL),(1863,15,NULL,1001,12,NULL),(1864,16,NULL,1002,12,NULL),(1865,17,NULL,1008,12,NULL),(1866,18,NULL,1009,12,NULL),(1867,19,NULL,1010,12,NULL),(1868,20,NULL,1011,12,NULL),(1869,21,NULL,1012,12,NULL),(1870,22,NULL,1013,12,NULL),(1871,23,NULL,1014,12,NULL),(1872,24,NULL,1027,12,NULL),(1873,25,NULL,1029,12,NULL),(1874,26,NULL,1030,12,NULL),(1875,27,NULL,1031,12,NULL),(1876,28,NULL,1032,12,NULL),(1877,29,NULL,1033,12,NULL),(1878,30,NULL,1038,12,NULL),(1879,31,NULL,1039,12,NULL),(1880,32,NULL,1040,12,NULL),(1881,33,NULL,1074,12,NULL),(1882,34,NULL,1087,12,NULL),(1883,35,NULL,1088,12,NULL),(1884,36,NULL,1089,12,NULL),(1885,37,NULL,1090,12,NULL),(1886,38,NULL,1091,12,NULL),(1887,39,NULL,1092,12,NULL),(1888,1,NULL,978,13,NULL),(1889,2,NULL,1085,13,NULL),(1890,3,NULL,931,13,NULL),(1907,NULL,NULL,1031,NULL,13),(1908,NULL,NULL,937,NULL,13),(1909,NULL,NULL,1087,NULL,13),(1910,NULL,NULL,1105,NULL,13),(1911,NULL,NULL,1106,NULL,13),(1912,NULL,NULL,1107,NULL,13),(1913,NULL,NULL,1062,NULL,15),(1914,NULL,NULL,1086,NULL,15),(1915,NULL,NULL,1072,NULL,15),(1916,NULL,NULL,1070,NULL,15),(1917,NULL,NULL,955,NULL,15),(1918,NULL,NULL,987,NULL,15),(1919,NULL,NULL,986,NULL,15),(1920,NULL,NULL,977,NULL,15),(1921,NULL,NULL,993,NULL,15),(1922,NULL,NULL,927,NULL,15),(1923,NULL,NULL,1034,NULL,15),(1924,NULL,NULL,962,NULL,17),(1925,NULL,NULL,946,NULL,17),(1926,NULL,NULL,1047,NULL,17),(1927,NULL,NULL,979,NULL,17),(1928,NULL,NULL,1017,NULL,17),(1929,NULL,NULL,963,NULL,17),(1930,NULL,NULL,1056,NULL,17),(1931,NULL,NULL,1043,NULL,17),(1932,NULL,NULL,1073,NULL,17),(1933,NULL,NULL,1048,NULL,17),(1934,NULL,NULL,967,NULL,17),(1935,NULL,NULL,969,NULL,17),(1936,NULL,NULL,1015,NULL,17),(1937,NULL,NULL,1060,NULL,17),(1938,NULL,NULL,966,NULL,17),(1939,NULL,NULL,1016,NULL,17),(1940,NULL,NULL,1059,NULL,17),(1941,NULL,NULL,1046,NULL,17),(1942,NULL,NULL,965,NULL,17),(1943,NULL,NULL,975,NULL,17),(1944,NULL,NULL,1058,NULL,17),(1945,NULL,NULL,1045,NULL,17),(1946,NULL,NULL,964,NULL,17),(1947,NULL,NULL,958,NULL,17),(1948,NULL,NULL,1026,NULL,17),(1949,NULL,NULL,1057,NULL,17),(1950,NULL,NULL,1044,NULL,17),(1951,NULL,NULL,941,NULL,17),(1952,NULL,NULL,1025,NULL,17),(1953,NULL,NULL,956,NULL,19),(1954,NULL,NULL,1023,NULL,19),(1955,NULL,NULL,1054,NULL,19),(1956,NULL,NULL,1041,NULL,19),(1957,NULL,NULL,1083,NULL,19),(1958,NULL,NULL,952,NULL,19),(1959,NULL,NULL,1022,NULL,19),(1960,NULL,NULL,1053,NULL,19),(1961,NULL,NULL,1028,NULL,19),(1962,NULL,NULL,1080,NULL,19),(1963,NULL,NULL,943,NULL,19),(1964,NULL,NULL,1021,NULL,19),(1965,NULL,NULL,1052,NULL,19),(1966,NULL,NULL,935,NULL,19),(1967,NULL,NULL,1077,NULL,19),(1968,NULL,NULL,949,NULL,19),(1969,NULL,NULL,1020,NULL,19),(1970,NULL,NULL,1061,NULL,19),(1971,NULL,NULL,922,NULL,19),(1972,NULL,NULL,1084,NULL,19),(1973,NULL,NULL,970,NULL,19),(1974,NULL,NULL,1086,NULL,13),(1975,NULL,NULL,978,NULL,13),(1976,NULL,NULL,1094,NULL,13),(1977,NULL,NULL,1072,NULL,13),(1978,NULL,NULL,1070,NULL,13),(1979,NULL,NULL,955,NULL,13),(1980,NULL,NULL,1068,NULL,13),(1981,NULL,NULL,1098,NULL,13),(1982,NULL,NULL,1079,NULL,13),(1983,NULL,NULL,986,NULL,13),(1984,NULL,NULL,977,NULL,13),(1985,NULL,NULL,983,NULL,13),(1986,NULL,NULL,993,NULL,13),(1987,NULL,NULL,931,NULL,13),(1988,NULL,NULL,927,NULL,13),(1989,NULL,NULL,954,NULL,13),(1990,NULL,NULL,1081,NULL,13),(1991,NULL,NULL,990,NULL,13),(1992,NULL,NULL,1099,NULL,13),(1993,NULL,NULL,933,NULL,13),(1994,NULL,NULL,1034,NULL,13),(1996,1,NULL,1081,16,NULL),(1997,2,NULL,986,16,NULL),(1998,3,NULL,983,16,NULL),(1999,4,NULL,1109,16,NULL),(2000,5,NULL,921,16,NULL),(2001,6,NULL,1108,16,NULL),(2002,7,NULL,1110,16,NULL),(2032,NULL,NULL,1406,NULL,28),(2033,NULL,NULL,1407,NULL,28),(2034,NULL,NULL,1359,NULL,28),(2035,NULL,NULL,1367,NULL,28),(2036,NULL,NULL,1409,NULL,28),(2037,NULL,NULL,1413,NULL,28),(2038,NULL,NULL,1429,NULL,28),(2039,NULL,NULL,1430,NULL,28),(2040,NULL,NULL,1434,NULL,28),(2041,NULL,NULL,1436,NULL,28),(2042,NULL,NULL,1441,NULL,28),(2043,NULL,NULL,1442,NULL,28),(2044,NULL,NULL,1444,NULL,28),(2045,NULL,NULL,1450,NULL,28),(2046,NULL,NULL,1451,NULL,28),(2047,NULL,NULL,1458,NULL,28),(2048,NULL,NULL,1464,NULL,28),(2049,NULL,NULL,1465,NULL,28),(2050,NULL,NULL,1467,NULL,28),(2051,NULL,NULL,1468,NULL,28),(2052,NULL,NULL,1472,NULL,28),(2053,NULL,NULL,1479,NULL,28),(2054,NULL,NULL,1485,NULL,28),(2055,NULL,NULL,1487,NULL,28),(2056,NULL,NULL,1488,NULL,28),(2057,NULL,NULL,1490,NULL,28),(2058,NULL,NULL,1363,NULL,28),(2059,NULL,NULL,1369,NULL,28),(2060,NULL,NULL,1370,NULL,28),(2061,NULL,NULL,1372,NULL,28),(2062,NULL,NULL,1376,NULL,28),(2063,NULL,NULL,1377,NULL,28),(2064,NULL,NULL,1378,NULL,28),(2065,NULL,NULL,1380,NULL,28),(2066,NULL,NULL,1390,NULL,28),(2067,NULL,NULL,1391,NULL,28),(2068,NULL,NULL,1395,NULL,28),(2069,NULL,NULL,1330,NULL,30),(2070,NULL,NULL,1331,NULL,30),(2071,NULL,NULL,1332,NULL,30),(2072,NULL,NULL,1333,NULL,30),(2073,NULL,NULL,1301,NULL,30),(2074,NULL,NULL,1302,NULL,30),(2075,NULL,NULL,1303,NULL,30),(2076,NULL,NULL,1304,NULL,30),(2077,NULL,NULL,1305,NULL,30),(2078,NULL,NULL,1306,NULL,30),(2079,NULL,NULL,1307,NULL,30),(2080,NULL,NULL,1308,NULL,30),(2081,NULL,NULL,1309,NULL,30),(2082,NULL,NULL,1310,NULL,30),(2083,NULL,NULL,1311,NULL,30),(2084,NULL,NULL,1312,NULL,30),(2085,NULL,NULL,1313,NULL,30),(2086,NULL,NULL,1314,NULL,30),(2087,NULL,NULL,1315,NULL,30),(2088,NULL,NULL,1316,NULL,30),(2089,NULL,NULL,1317,NULL,30),(2090,NULL,NULL,1318,NULL,30),(2091,NULL,NULL,1319,NULL,30),(2092,NULL,NULL,1320,NULL,30),(2093,NULL,NULL,1321,NULL,30),(2094,NULL,NULL,1322,NULL,30),(2095,NULL,NULL,1323,NULL,30),(2096,NULL,NULL,1324,NULL,30),(2097,NULL,NULL,1325,NULL,30),(2098,NULL,NULL,1326,NULL,30),(2099,NULL,NULL,1327,NULL,30),(2100,NULL,NULL,1328,NULL,30),(2101,NULL,NULL,1329,NULL,30),(2102,NULL,NULL,1596,NULL,33),(2103,NULL,NULL,1597,NULL,33),(2104,NULL,NULL,1598,NULL,33),(2105,NULL,NULL,1620,NULL,33),(2106,NULL,NULL,1624,NULL,33),(2107,NULL,NULL,1626,NULL,33),(2108,NULL,NULL,1628,NULL,33),(2109,NULL,NULL,1632,NULL,33),(2110,NULL,NULL,1640,NULL,33),(2111,NULL,NULL,1643,NULL,33),(2112,NULL,NULL,1644,NULL,33),(2113,NULL,NULL,1647,NULL,33),(2114,NULL,NULL,1654,NULL,33),(2115,NULL,NULL,1657,NULL,33),(2116,NULL,NULL,1658,NULL,33),(2117,NULL,NULL,1666,NULL,33),(2118,NULL,NULL,1675,NULL,33),(2119,NULL,NULL,1677,NULL,33),(2120,NULL,NULL,1678,NULL,33),(2121,NULL,NULL,1680,NULL,33),(2122,NULL,NULL,1553,NULL,33),(2123,NULL,NULL,1557,NULL,33),(2124,NULL,NULL,1559,NULL,33),(2125,NULL,NULL,1560,NULL,33),(2126,NULL,NULL,1562,NULL,33),(2127,NULL,NULL,1567,NULL,33),(2128,NULL,NULL,1570,NULL,33),(2129,NULL,NULL,1585,NULL,33),(2130,NULL,NULL,1494,NULL,36),(2131,NULL,NULL,1495,NULL,36),(2132,NULL,NULL,1496,NULL,36),(2133,NULL,NULL,1497,NULL,36),(2134,NULL,NULL,1498,NULL,36),(2135,NULL,NULL,1499,NULL,36),(2136,NULL,NULL,1500,NULL,36),(2137,NULL,NULL,1501,NULL,36),(2138,NULL,NULL,1502,NULL,36),(2139,NULL,NULL,1503,NULL,36),(2140,NULL,NULL,1504,NULL,36),(2141,NULL,NULL,1505,NULL,36),(2142,NULL,NULL,1506,NULL,36),(2143,NULL,NULL,1507,NULL,36),(2144,NULL,NULL,1508,NULL,36),(2145,NULL,NULL,1509,NULL,36),(2146,NULL,NULL,1510,NULL,36),(2147,NULL,NULL,1511,NULL,36),(2148,NULL,NULL,1512,NULL,36),(2149,NULL,NULL,1513,NULL,36),(2150,NULL,NULL,1514,NULL,36),(2151,NULL,NULL,1515,NULL,36),(2152,NULL,NULL,1516,NULL,36),(2153,NULL,NULL,1517,NULL,36),(2154,NULL,NULL,1518,NULL,36),(2155,NULL,NULL,1519,NULL,36),(2156,NULL,NULL,1521,NULL,39),(2157,NULL,NULL,1522,NULL,39),(2158,NULL,NULL,1596,NULL,37),(2159,NULL,NULL,1597,NULL,37),(2160,NULL,NULL,1620,NULL,37),(2161,NULL,NULL,1624,NULL,37),(2162,NULL,NULL,1626,NULL,37),(2163,NULL,NULL,1632,NULL,37),(2164,NULL,NULL,1633,NULL,37),(2165,NULL,NULL,1640,NULL,37),(2166,NULL,NULL,1655,NULL,37),(2167,NULL,NULL,1657,NULL,37),(2168,NULL,NULL,1658,NULL,37),(2169,NULL,NULL,1666,NULL,37),(2170,NULL,NULL,1669,NULL,37),(2171,NULL,NULL,1675,NULL,37),(2172,NULL,NULL,1677,NULL,37),(2173,NULL,1,1681,NULL,105),(2174,NULL,2,1682,NULL,105),(2175,NULL,3,1683,NULL,105),(2176,NULL,4,1684,NULL,105),(2177,NULL,5,1685,NULL,105),(2178,NULL,6,1686,NULL,105),(2179,NULL,7,1687,NULL,105),(2180,NULL,8,1688,NULL,105),(2181,NULL,9,1689,NULL,105),(2182,NULL,10,1690,NULL,105),(2183,NULL,11,1691,NULL,105);
/*!40000 ALTER TABLE `m_usageordering` ENABLE KEYS */;
UNLOCK TABLES;

--
-- Table structure for table `m_usagetype`
--

DROP TABLE IF EXISTS `m_usagetype`;
/*!40101 SET @saved_cs_client     = @@character_set_client */;
/*!40101 SET character_set_client = utf8 */;
CREATE TABLE `m_usagetype` (
  `ID` int(11) NOT NULL,
  `USAGETYPE` varchar(1) NOT NULL,
  `FK_ID_MASTERLABELCONTENT` int(11) NOT NULL,
  UNIQUE KEY `UM_USAGETYPE_ID_626480` (`ID`),
  KEY `MUSAGETYPEFKIDMASTERLABEL41480` (`FK_ID_MASTERLABELCONTENT`),
  KEY `MUSAGETYPEFKIDMASTERLABELCO63192` (`FK_ID_MASTERLABELCONTENT`)
) ENGINE=InnoDB DEFAULT CHARSET=utf8;
/*!40101 SET character_set_client = @saved_cs_client */;

--
-- Dumping data for table `m_usagetype`
--

LOCK TABLES `m_usagetype` WRITE;
/*!40000 ALTER TABLE `m_usagetype` DISABLE KEYS */;
INSERT INTO `m_usagetype` VALUES (1,'C',10),(2,'S',10),(3,'T',10),(4,'U',10);
/*!40000 ALTER TABLE `m_usagetype` ENABLE KEYS */;
UNLOCK TABLES;

--
-- Table structure for table `masterlabelcontent`
--

DROP TABLE IF EXISTS `masterlabelcontent`;
/*!40101 SET @saved_cs_client     = @@character_set_client */;
/*!40101 SET character_set_client = utf8 */;
CREATE TABLE `masterlabelcontent` (
  `ID` int(11) NOT NULL,
  `VERSION` varchar(254) NOT NULL,
  `REVISIONDATE` datetime NOT NULL,
  `CREATEDDATETIME` datetime DEFAULT NULL,
  `MODIFIEDDATETIME` datetime DEFAULT NULL,
  `FINALIZED` varchar(1) DEFAULT NULL,
  `DILUTIONCHARTSTRENGTHTITLE` varchar(254) DEFAULT NULL,
  `DILUTIONCHARTSTRENGTHTEXT` varchar(254) DEFAULT NULL,
  `AUTOSEQ` int(11) DEFAULT NULL,
  `AUTOSEQ02` int(11) DEFAULT NULL,
  `AUTOSEQ03` int(11) DEFAULT NULL,
  `FK_ID_MASTERLABELCONTENT` int(11) DEFAULT NULL,
  `FK_ID_MASTERPRODUCT` int(11) NOT NULL,
  UNIQUE KEY `UMASTERLABELCONTENT_ID_97960` (`ID`),
  UNIQUE KEY `UMASTERLABELCONTENT_ID_626520` (`ID`),
  KEY `MASTERLABELCONTENTFKIDMAS10344` (`FK_ID_MASTERLABELCONTENT`),
  KEY `MASTERLABELCONTENTFKIDMAS10455` (`FK_ID_MASTERPRODUCT`),
  KEY `MASTERLABELCONTENTFKIDMASTE63235` (`FK_ID_MASTERLABELCONTENT`),
  KEY `MASTERLABELCONTENTFKIDMASTE63323` (`FK_ID_MASTERPRODUCT`)
) ENGINE=InnoDB DEFAULT CHARSET=utf8;
/*!40101 SET character_set_client = @saved_cs_client */;

--
-- Dumping data for table `masterlabelcontent`
--

LOCK TABLES `masterlabelcontent` WRITE;
/*!40000 ALTER TABLE `masterlabelcontent` DISABLE KEYS */;
INSERT INTO `masterlabelcontent` VALUES (5,'1.1','2014-02-03 00:00:00','2012-02-28 00:00:00',NULL,'N',NULL,NULL,NULL,NULL,3,NULL,3),(6,'20140411','2014-04-11 00:00:00','2012-02-28 00:00:00',NULL,'N',NULL,NULL,NULL,NULL,4,5,3),(9,'1 Gallon','2014-05-02 00:00:00','2012-02-28 00:00:00',NULL,'N',NULL,NULL,NULL,NULL,2,8,3),(10,'1 or 5 Gallon','2015-01-16 18:32:42','2015-01-16 18:32:42',NULL,'N',NULL,NULL,NULL,NULL,1,9,3);
/*!40000 ALTER TABLE `masterlabelcontent` ENABLE KEYS */;
UNLOCK TABLES;

--
-- Table structure for table `masterproduct`
--

DROP TABLE IF EXISTS `masterproduct`;
/*!40101 SET @saved_cs_client     = @@character_set_client */;
/*!40101 SET character_set_client = utf8 */;
CREATE TABLE `masterproduct` (
  `ID` int(11) NOT NULL,
  `NAME` varchar(254) NOT NULL,
  `z_NUMBER` varchar(128) NOT NULL,
  `DESCRIPTION` varchar(254) DEFAULT NULL,
  `CHEMICALFAMILY` varchar(2) NOT NULL,
  `EPA_REGISTRATIONNUMBER` varchar(128) DEFAULT NULL,
  `EPA_ESTABLISHMENTNUMBER` varchar(128) DEFAULT NULL,
  `EPA_DRAFTLABEL` datetime DEFAULT NULL,
  `ESL_DATE` datetime DEFAULT NULL,
  `EPA_TOXICITYCATEGORY` int(11) DEFAULT NULL,
  `AUTOSEQ` int(11) DEFAULT NULL,
  `FK_ID_PRIMARYREGISTRANT` int(11) NOT NULL,
  UNIQUE KEY `UMASTERPRODUCT_ID_98040` (`ID`),
  UNIQUE KEY `UMASTERPRODUCT_ID_626620` (`ID`),
  KEY `MASTERPRODUCTFKIDPRIMARYR10460` (`FK_ID_PRIMARYREGISTRANT`),
  KEY `MASTERPRODUCTFKIDPRIMARYREG63328` (`FK_ID_PRIMARYREGISTRANT`)
) ENGINE=InnoDB DEFAULT CHARSET=utf8;
/*!40101 SET character_set_client = @saved_cs_client */;

--
-- Dumping data for table `masterproduct`
--

LOCK TABLES `masterproduct` WRITE;
/*!40000 ALTER TABLE `masterproduct` DISABLE KEYS */;
INSERT INTO `masterproduct` VALUES (3,'FORMULATION HWS-256','129','ONE-STEP DISINFECTANT\r\nGERMICIDAL DETERGENT AND DEODORANT','DQ',NULL,'?',NULL,NULL,2,NULL,8),(5,'test','12345','desc','DQ',NULL,'54321',NULL,NULL,3,NULL,14);
/*!40000 ALTER TABLE `masterproduct` ENABLE KEYS */;
UNLOCK TABLES;

--
-- Table structure for table `mm_masterproduct_fr_subregistran`
--

DROP TABLE IF EXISTS `mm_masterproduct_fr_subregistran`;
/*!40101 SET @saved_cs_client     = @@character_set_client */;
/*!40101 SET character_set_client = utf8 */;
CREATE TABLE `mm_masterproduct_fr_subregistran` (
  `FK_ID_SUBREGISTRANT` int(11) NOT NULL,
  `FK_ID_MASTERPRODUCT` int(11) NOT NULL,
  UNIQUE KEY `UMMMASTERPRODUCTFRSUBREGIST63207` (`FK_ID_SUBREGISTRANT`,`FK_ID_MASTERPRODUCT`),
  KEY `MMMASTERPRODUCTFRSUBREGISTR63207` (`FK_ID_SUBREGISTRANT`),
  KEY `MMMASTERPRODUCTFRSUBREGISTR63209` (`FK_ID_MASTERPRODUCT`)
) ENGINE=InnoDB DEFAULT CHARSET=utf8;
/*!40101 SET character_set_client = @saved_cs_client */;

--
-- Dumping data for table `mm_masterproduct_fr_subregistran`
--

LOCK TABLES `mm_masterproduct_fr_subregistran` WRITE;
/*!40000 ALTER TABLE `mm_masterproduct_fr_subregistran` DISABLE KEYS */;
/*!40000 ALTER TABLE `mm_masterproduct_fr_subregistran` ENABLE KEYS */;
UNLOCK TABLES;

--
-- Table structure for table `mm_masterproductfrsubregistran`
--

DROP TABLE IF EXISTS `mm_masterproductfrsubregistran`;
/*!40101 SET @saved_cs_client     = @@character_set_client */;
/*!40101 SET character_set_client = utf8 */;
CREATE TABLE `mm_masterproductfrsubregistran` (
  `FK_ID_SUBREGISTRAN` int(11) NOT NULL,
  `FK_ID_MASTERPRODUC` int(11) NOT NULL,
  UNIQUE KEY `UMMMASTERPRODUCTFRSUBREGI10311` (`FK_ID_SUBREGISTRAN`,`FK_ID_MASTERPRODUC`),
  KEY `MMMASTERPRODUCTFRSUBREGIS10311` (`FK_ID_SUBREGISTRAN`),
  KEY `MMMASTERPRODUCTFRSUBREGIS10313` (`FK_ID_MASTERPRODUC`)
) ENGINE=InnoDB DEFAULT CHARSET=utf8;
/*!40101 SET character_set_client = @saved_cs_client */;

--
-- Dumping data for table `mm_masterproductfrsubregistran`
--

LOCK TABLES `mm_masterproductfrsubregistran` WRITE;
/*!40000 ALTER TABLE `mm_masterproductfrsubregistran` DISABLE KEYS */;
/*!40000 ALTER TABLE `mm_masterproductfrsubregistran` ENABLE KEYS */;
UNLOCK TABLES;

--
-- Table structure for table `mm_musagefrdltmmarketingsectio`
--

DROP TABLE IF EXISTS `mm_musagefrdltmmarketingsectio`;
/*!40101 SET @saved_cs_client     = @@character_set_client */;
/*!40101 SET character_set_client = utf8 */;
CREATE TABLE `mm_musagefrdltmmarketingsectio` (
  `FKIDMMARKETINGSECT` int(11) NOT NULL,
  `FK_ID_M_USAGE` int(11) NOT NULL,
  UNIQUE KEY `UMMMUSAGEFRDLTMMARKETINGS10394` (`FKIDMMARKETINGSECT`,`FK_ID_M_USAGE`),
  KEY `MMMUSAGEFRDLTMMARKETINGSE10394` (`FKIDMMARKETINGSECT`),
  KEY `MMMUSAGEFRDLTMMARKETINGSE10396` (`FK_ID_M_USAGE`)
) ENGINE=InnoDB DEFAULT CHARSET=utf8;
/*!40101 SET character_set_client = @saved_cs_client */;

--
-- Dumping data for table `mm_musagefrdltmmarketingsectio`
--

LOCK TABLES `mm_musagefrdltmmarketingsectio` WRITE;
/*!40000 ALTER TABLE `mm_musagefrdltmmarketingsectio` DISABLE KEYS */;
/*!40000 ALTER TABLE `mm_musagefrdltmmarketingsectio` ENABLE KEYS */;
UNLOCK TABLES;

--
-- Table structure for table `mm_smarketingsectionfrdltsusag`
--

DROP TABLE IF EXISTS `mm_smarketingsectionfrdltsusag`;
/*!40101 SET @saved_cs_client     = @@character_set_client */;
/*!40101 SET character_set_client = utf8 */;
CREATE TABLE `mm_smarketingsectionfrdltsusag` (
  `FK_ID_S_USAGE` int(11) NOT NULL,
  `FKIDSMARKETINGSECT` int(11) NOT NULL,
  UNIQUE KEY `UMMSMARKETINGSECTIONFRDLT10402` (`FK_ID_S_USAGE`,`FKIDSMARKETINGSECT`),
  KEY `MMSMARKETINGSECTIONFRDLTS10402` (`FK_ID_S_USAGE`),
  KEY `MMSMARKETINGSECTIONFRDLTS10404` (`FKIDSMARKETINGSECT`)
) ENGINE=InnoDB DEFAULT CHARSET=utf8;
/*!40101 SET character_set_client = @saved_cs_client */;

--
-- Dumping data for table `mm_smarketingsectionfrdltsusag`
--

LOCK TABLES `mm_smarketingsectionfrdltsusag` WRITE;
/*!40000 ALTER TABLE `mm_smarketingsectionfrdltsusag` DISABLE KEYS */;
/*!40000 ALTER TABLE `mm_smarketingsectionfrdltsusag` ENABLE KEYS */;
UNLOCK TABLES;

--
-- Table structure for table `mm_usergroup_containsmembr_z_use`
--

DROP TABLE IF EXISTS `mm_usergroup_containsmembr_z_use`;
/*!40101 SET @saved_cs_client     = @@character_set_client */;
/*!40101 SET character_set_client = utf8 */;
CREATE TABLE `mm_usergroup_containsmembr_z_use` (
  `FK_ID_Z_USER` int(11) NOT NULL,
  `FK_ID_USERGROUP` int(11) NOT NULL,
  UNIQUE KEY `UMMUSERGROUPCONTAINSMEMBRZU63336` (`FK_ID_Z_USER`,`FK_ID_USERGROUP`),
  KEY `MMUSERGROUPCONTAINSMEMBRZUS63336` (`FK_ID_Z_USER`),
  KEY `MMUSERGROUPCONTAINSMEMBRZUS63338` (`FK_ID_USERGROUP`)
) ENGINE=InnoDB DEFAULT CHARSET=utf8;
/*!40101 SET character_set_client = @saved_cs_client */;

--
-- Dumping data for table `mm_usergroup_containsmembr_z_use`
--

LOCK TABLES `mm_usergroup_containsmembr_z_use` WRITE;
/*!40000 ALTER TABLE `mm_usergroup_containsmembr_z_use` DISABLE KEYS */;
/*!40000 ALTER TABLE `mm_usergroup_containsmembr_z_use` ENABLE KEYS */;
UNLOCK TABLES;

--
-- Table structure for table `mm_usergroup_contansmmbr_z_use`
--

DROP TABLE IF EXISTS `mm_usergroup_contansmmbr_z_use`;
/*!40101 SET @saved_cs_client     = @@character_set_client */;
/*!40101 SET character_set_client = utf8 */;
CREATE TABLE `mm_usergroup_contansmmbr_z_use` (
  `FK_ID_Z_USER` int(11) NOT NULL,
  `FK_ID_USERGROUP` int(11) NOT NULL,
  UNIQUE KEY `UMMUSERGROUPCONTANSMMBRZU10468` (`FK_ID_Z_USER`,`FK_ID_USERGROUP`),
  KEY `MMUSERGROUPCONTANSMMBRZUS10468` (`FK_ID_Z_USER`),
  KEY `MMUSERGROUPCONTANSMMBRZUS10470` (`FK_ID_USERGROUP`)
) ENGINE=InnoDB DEFAULT CHARSET=utf8;
/*!40101 SET character_set_client = @saved_cs_client */;

--
-- Dumping data for table `mm_usergroup_contansmmbr_z_use`
--

LOCK TABLES `mm_usergroup_contansmmbr_z_use` WRITE;
/*!40000 ALTER TABLE `mm_usergroup_contansmmbr_z_use` DISABLE KEYS */;
/*!40000 ALTER TABLE `mm_usergroup_contansmmbr_z_use` ENABLE KEYS */;
UNLOCK TABLES;

--
-- Table structure for table `mmmusagedrvsmdirectionsforusesec`
--

DROP TABLE IF EXISTS `mmmusagedrvsmdirectionsforusesec`;
/*!40101 SET @saved_cs_client     = @@character_set_client */;
/*!40101 SET character_set_client = utf8 */;
CREATE TABLE `mmmusagedrvsmdirectionsforusesec` (
  `FK_ID_M_DIRECTIONSFORUSESECTION` int(11) NOT NULL,
  `FK_ID_M_USAGE` int(11) NOT NULL,
  UNIQUE KEY `UMMMUSAGEDRVSMDIRECTIONSFOR63187` (`FK_ID_M_DIRECTIONSFORUSESECTION`,`FK_ID_M_USAGE`),
  KEY `MMMUSAGEDRVSMDIRECTIONSFORU63187` (`FK_ID_M_DIRECTIONSFORUSESECTION`),
  KEY `MMMUSAGEDRVSMDIRECTIONSFORU63189` (`FK_ID_M_USAGE`)
) ENGINE=InnoDB DEFAULT CHARSET=utf8;
/*!40101 SET character_set_client = @saved_cs_client */;

--
-- Dumping data for table `mmmusagedrvsmdirectionsforusesec`
--

LOCK TABLES `mmmusagedrvsmdirectionsforusesec` WRITE;
/*!40000 ALTER TABLE `mmmusagedrvsmdirectionsforusesec` DISABLE KEYS */;
/*!40000 ALTER TABLE `mmmusagedrvsmdirectionsforusesec` ENABLE KEYS */;
UNLOCK TABLES;

--
-- Table structure for table `mmmusagefrdltmdirectionsforuse`
--

DROP TABLE IF EXISTS `mmmusagefrdltmdirectionsforuse`;
/*!40101 SET @saved_cs_client     = @@character_set_client */;
/*!40101 SET character_set_client = utf8 */;
CREATE TABLE `mmmusagefrdltmdirectionsforuse` (
  `FKIDMDIRECTIONSFOR` int(11) NOT NULL,
  `FK_ID_M_USAGE` int(11) NOT NULL,
  UNIQUE KEY `UMMMUSAGEFRDLTMDIRECTIONS10382` (`FKIDMDIRECTIONSFOR`,`FK_ID_M_USAGE`),
  KEY `MMMUSAGEFRDLTMDIRECTIONSF10382` (`FKIDMDIRECTIONSFOR`),
  KEY `MMMUSAGEFRDLTMDIRECTIONSF10384` (`FK_ID_M_USAGE`)
) ENGINE=InnoDB DEFAULT CHARSET=utf8;
/*!40101 SET character_set_client = @saved_cs_client */;

--
-- Dumping data for table `mmmusagefrdltmdirectionsforuse`
--

LOCK TABLES `mmmusagefrdltmdirectionsforuse` WRITE;
/*!40000 ALTER TABLE `mmmusagefrdltmdirectionsforuse` DISABLE KEYS */;
/*!40000 ALTER TABLE `mmmusagefrdltmdirectionsforuse` ENABLE KEYS */;
UNLOCK TABLES;

--
-- Table structure for table `mmsdirectionsforusesectionfror`
--

DROP TABLE IF EXISTS `mmsdirectionsforusesectionfror`;
/*!40101 SET @saved_cs_client     = @@character_set_client */;
/*!40101 SET character_set_client = utf8 */;
CREATE TABLE `mmsdirectionsforusesectionfror` (
  `SUDID_S_USAGE` int(11) NOT NULL,
  `SDUIDSDIRECTIONSFO` int(11) NOT NULL,
  UNIQUE KEY `UMMSDIRECTIONSFORUSESECTI10431` (`SUDID_S_USAGE`,`SDUIDSDIRECTIONSFO`),
  KEY `MMSDIRECTIONSFORUSESECTIO10431` (`SUDID_S_USAGE`),
  KEY `MMSDIRECTIONSFORUSESECTIO10433` (`SDUIDSDIRECTIONSFO`)
) ENGINE=InnoDB DEFAULT CHARSET=utf8;
/*!40101 SET character_set_client = @saved_cs_client */;

--
-- Dumping data for table `mmsdirectionsforusesectionfror`
--

LOCK TABLES `mmsdirectionsforusesectionfror` WRITE;
/*!40000 ALTER TABLE `mmsdirectionsforusesectionfror` DISABLE KEYS */;
/*!40000 ALTER TABLE `mmsdirectionsforusesectionfror` ENABLE KEYS */;
UNLOCK TABLES;

--
-- Table structure for table `mmsmarketingsectionfrorgnldlts`
--

DROP TABLE IF EXISTS `mmsmarketingsectionfrorgnldlts`;
/*!40101 SET @saved_cs_client     = @@character_set_client */;
/*!40101 SET character_set_client = utf8 */;
CREATE TABLE `mmsmarketingsectionfrorgnldlts` (
  `SUMID_S_USAGE` int(11) NOT NULL,
  `SMUIDSMARKETINGSEC` int(11) NOT NULL,
  UNIQUE KEY `UMMSMARKETINGSECTIONFRORG10321` (`SUMID_S_USAGE`,`SMUIDSMARKETINGSEC`),
  KEY `MMSMARKETINGSECTIONFRORGN10321` (`SUMID_S_USAGE`),
  KEY `MMSMARKETINGSECTIONFRORGN10323` (`SMUIDSMARKETINGSEC`)
) ENGINE=InnoDB DEFAULT CHARSET=utf8;
/*!40101 SET character_set_client = @saved_cs_client */;

--
-- Dumping data for table `mmsmarketingsectionfrorgnldlts`
--

LOCK TABLES `mmsmarketingsectionfrorgnldlts` WRITE;
/*!40000 ALTER TABLE `mmsmarketingsectionfrorgnldlts` DISABLE KEYS */;
/*!40000 ALTER TABLE `mmsmarketingsectionfrorgnldlts` ENABLE KEYS */;
UNLOCK TABLES;

--
-- Table structure for table `mmsplddirectionsforusesectio02`
--

DROP TABLE IF EXISTS `mmsplddirectionsforusesectio02`;
/*!40101 SET @saved_cs_client     = @@character_set_client */;
/*!40101 SET character_set_client = utf8 */;
CREATE TABLE `mmsplddirectionsforusesectio02` (
  `PUDID_SPLD_USAGE` int(11) NOT NULL,
  `PDUIDSPLDDIRECTION` int(11) NOT NULL,
  UNIQUE KEY `UMMSPLDDIRECTIONSFORUSE0210436` (`PUDID_SPLD_USAGE`,`PDUIDSPLDDIRECTION`),
  KEY `MMSPLDDIRECTIONSFORUSES0210436` (`PUDID_SPLD_USAGE`),
  KEY `MMSPLDDIRECTIONSFORUSES0210438` (`PDUIDSPLDDIRECTION`)
) ENGINE=InnoDB DEFAULT CHARSET=utf8;
/*!40101 SET character_set_client = @saved_cs_client */;

--
-- Dumping data for table `mmsplddirectionsforusesectio02`
--

LOCK TABLES `mmsplddirectionsforusesectio02` WRITE;
/*!40000 ALTER TABLE `mmsplddirectionsforusesectio02` DISABLE KEYS */;
/*!40000 ALTER TABLE `mmsplddirectionsforusesectio02` ENABLE KEYS */;
UNLOCK TABLES;

--
-- Table structure for table `mmsplddirectionsforusesectionf`
--

DROP TABLE IF EXISTS `mmsplddirectionsforusesectionf`;
/*!40101 SET @saved_cs_client     = @@character_set_client */;
/*!40101 SET character_set_client = utf8 */;
CREATE TABLE `mmsplddirectionsforusesectionf` (
  `FK_ID_SPLD_USAGE` int(11) NOT NULL,
  `FKIDSPLDDIRECTIONS` int(11) NOT NULL,
  UNIQUE KEY `UMMSPLDDIRECTIONSFORUSESE10356` (`FK_ID_SPLD_USAGE`,`FKIDSPLDDIRECTIONS`),
  KEY `MMSPLDDIRECTIONSFORUSESEC10356` (`FK_ID_SPLD_USAGE`),
  KEY `MMSPLDDIRECTIONSFORUSESEC10358` (`FKIDSPLDDIRECTIONS`)
) ENGINE=InnoDB DEFAULT CHARSET=utf8;
/*!40101 SET character_set_client = @saved_cs_client */;

--
-- Dumping data for table `mmsplddirectionsforusesectionf`
--

LOCK TABLES `mmsplddirectionsforusesectionf` WRITE;
/*!40000 ALTER TABLE `mmsplddirectionsforusesectionf` DISABLE KEYS */;
/*!40000 ALTER TABLE `mmsplddirectionsforusesectionf` ENABLE KEYS */;
UNLOCK TABLES;

--
-- Table structure for table `mmsplddirectionsforusesectionfrs`
--

DROP TABLE IF EXISTS `mmsplddirectionsforusesectionfrs`;
/*!40101 SET @saved_cs_client     = @@character_set_client */;
/*!40101 SET character_set_client = utf8 */;
CREATE TABLE `mmsplddirectionsforusesectionfrs` (
  `FK_ID_SPLD_USAGE` int(11) NOT NULL,
  `FK_ID_SPLDDIRECTIONSFORUSESECTIO` int(11) NOT NULL,
  UNIQUE KEY `UMMSPLDDIRECTIONSFORUSESECT63247` (`FK_ID_SPLD_USAGE`,`FK_ID_SPLDDIRECTIONSFORUSESECTIO`),
  KEY `MMSPLDDIRECTIONSFORUSESECTI63247` (`FK_ID_SPLD_USAGE`),
  KEY `MMSPLDDIRECTIONSFORUSESECTI63249` (`FK_ID_SPLDDIRECTIONSFORUSESECTIO`)
) ENGINE=InnoDB DEFAULT CHARSET=utf8;
/*!40101 SET character_set_client = @saved_cs_client */;

--
-- Dumping data for table `mmsplddirectionsforusesectionfrs`
--

LOCK TABLES `mmsplddirectionsforusesectionfrs` WRITE;
/*!40000 ALTER TABLE `mmsplddirectionsforusesectionfrs` DISABLE KEYS */;
/*!40000 ALTER TABLE `mmsplddirectionsforusesectionfrs` ENABLE KEYS */;
UNLOCK TABLES;

--
-- Table structure for table `mmspldmarketingsectionfrorgnls`
--

DROP TABLE IF EXISTS `mmspldmarketingsectionfrorgnls`;
/*!40101 SET @saved_cs_client     = @@character_set_client */;
/*!40101 SET character_set_client = utf8 */;
CREATE TABLE `mmspldmarketingsectionfrorgnls` (
  `PUMID_SPLD_USAGE` int(11) NOT NULL,
  `PMUIDSPLDMARKETING` int(11) NOT NULL,
  UNIQUE KEY `UMMSPLDMARKETINGSECTIONFR10325` (`PUMID_SPLD_USAGE`,`PMUIDSPLDMARKETING`),
  KEY `MMSPLDMARKETINGSECTIONFRO10325` (`PUMID_SPLD_USAGE`),
  KEY `MMSPLDMARKETINGSECTIONFRO10327` (`PMUIDSPLDMARKETING`)
) ENGINE=InnoDB DEFAULT CHARSET=utf8;
/*!40101 SET character_set_client = @saved_cs_client */;

--
-- Dumping data for table `mmspldmarketingsectionfrorgnls`
--

LOCK TABLES `mmspldmarketingsectionfrorgnls` WRITE;
/*!40000 ALTER TABLE `mmspldmarketingsectionfrorgnls` DISABLE KEYS */;
/*!40000 ALTER TABLE `mmspldmarketingsectionfrorgnls` ENABLE KEYS */;
UNLOCK TABLES;

--
-- Table structure for table `mmspldmarketingsectionfrspldus`
--

DROP TABLE IF EXISTS `mmspldmarketingsectionfrspldus`;
/*!40101 SET @saved_cs_client     = @@character_set_client */;
/*!40101 SET character_set_client = utf8 */;
CREATE TABLE `mmspldmarketingsectionfrspldus` (
  `FK_ID_SPLD_USAGE` int(11) NOT NULL,
  `FKIDSPLDMARKETINGS` int(11) NOT NULL,
  UNIQUE KEY `UMMSPLDMARKETINGSECTIONFR10360` (`FK_ID_SPLD_USAGE`,`FKIDSPLDMARKETINGS`),
  KEY `MMSPLDMARKETINGSECTIONFRS10360` (`FK_ID_SPLD_USAGE`),
  KEY `MMSPLDMARKETINGSECTIONFRS10362` (`FKIDSPLDMARKETINGS`)
) ENGINE=InnoDB DEFAULT CHARSET=utf8;
/*!40101 SET character_set_client = @saved_cs_client */;

--
-- Dumping data for table `mmspldmarketingsectionfrspldus`
--

LOCK TABLES `mmspldmarketingsectionfrspldus` WRITE;
/*!40000 ALTER TABLE `mmspldmarketingsectionfrspldus` DISABLE KEYS */;
/*!40000 ALTER TABLE `mmspldmarketingsectionfrspldus` ENABLE KEYS */;
UNLOCK TABLES;

--
-- Table structure for table `mmspldmarketingsectionfrspldusag`
--

DROP TABLE IF EXISTS `mmspldmarketingsectionfrspldusag`;
/*!40101 SET @saved_cs_client     = @@character_set_client */;
/*!40101 SET character_set_client = utf8 */;
CREATE TABLE `mmspldmarketingsectionfrspldusag` (
  `FK_ID_SPLD_USAGE` int(11) NOT NULL,
  `FK_ID_SPLD_MARKETINGSECTION` int(11) NOT NULL,
  UNIQUE KEY `UMMSPLDMARKETINGSECTIONFRSP63251` (`FK_ID_SPLD_USAGE`,`FK_ID_SPLD_MARKETINGSECTION`),
  KEY `MMSPLDMARKETINGSECTIONFRSPL63251` (`FK_ID_SPLD_USAGE`),
  KEY `MMSPLDMARKETINGSECTIONFRSPL63253` (`FK_ID_SPLD_MARKETINGSECTION`)
) ENGINE=InnoDB DEFAULT CHARSET=utf8;
/*!40101 SET character_set_client = @saved_cs_client */;

--
-- Dumping data for table `mmspldmarketingsectionfrspldusag`
--

LOCK TABLES `mmspldmarketingsectionfrspldusag` WRITE;
/*!40000 ALTER TABLE `mmspldmarketingsectionfrspldusag` DISABLE KEYS */;
/*!40000 ALTER TABLE `mmspldmarketingsectionfrspldusag` ENABLE KEYS */;
UNLOCK TABLES;

--
-- Table structure for table `mmsusagefrdltsdirectionsforuse`
--

DROP TABLE IF EXISTS `mmsusagefrdltsdirectionsforuse`;
/*!40101 SET @saved_cs_client     = @@character_set_client */;
/*!40101 SET character_set_client = utf8 */;
CREATE TABLE `mmsusagefrdltsdirectionsforuse` (
  `FKIDSDIRECTIONSFOR` int(11) NOT NULL,
  `FK_ID_S_USAGE` int(11) NOT NULL,
  UNIQUE KEY `UMMSUSAGEFRDLTSDIRECTIONS10406` (`FKIDSDIRECTIONSFOR`,`FK_ID_S_USAGE`),
  KEY `MMSUSAGEFRDLTSDIRECTIONSF10406` (`FKIDSDIRECTIONSFOR`),
  KEY `MMSUSAGEFRDLTSDIRECTIONSF10408` (`FK_ID_S_USAGE`)
) ENGINE=InnoDB DEFAULT CHARSET=utf8;
/*!40101 SET character_set_client = @saved_cs_client */;

--
-- Dumping data for table `mmsusagefrdltsdirectionsforuse`
--

LOCK TABLES `mmsusagefrdltsdirectionsforuse` WRITE;
/*!40000 ALTER TABLE `mmsusagefrdltsdirectionsforuse` DISABLE KEYS */;
/*!40000 ALTER TABLE `mmsusagefrdltsdirectionsforuse` ENABLE KEYS */;
UNLOCK TABLES;

--
-- Table structure for table `organization`
--

DROP TABLE IF EXISTS `organization`;
/*!40101 SET @saved_cs_client     = @@character_set_client */;
/*!40101 SET character_set_client = utf8 */;
CREATE TABLE `organization` (
  `ID` int(11) NOT NULL,
  `NAME` varchar(254) NOT NULL,
  `DESCRIPTION` varchar(254) DEFAULT NULL,
  `LOGINNAME` varchar(128) NOT NULL,
  `ADMINISTRATORPASSWORD` varchar(128) DEFAULT NULL,
  `LASTLOGINDATETIME` datetime DEFAULT NULL,
  `PASSWORDEXPIRESDATETIME` datetime DEFAULT NULL,
  `EMAILADDRESS` varchar(254) DEFAULT NULL,
  `ACTIVE` varchar(1) DEFAULT NULL,
  `ROLE` varchar(1) DEFAULT NULL,
  UNIQUE KEY `UORGANIZATION_ID_98160` (`ID`),
  UNIQUE KEY `UORGANIZATION_ID_626740` (`ID`)
) ENGINE=InnoDB DEFAULT CHARSET=utf8;
/*!40101 SET character_set_client = @saved_cs_client */;

--
-- Dumping data for table `organization`
--

LOCK TABLES `organization` WRITE;
/*!40000 ALTER TABLE `organization` DISABLE KEYS */;
INSERT INTO `organization` VALUES (8,'Lonza',NULL,'Lonza','zPrefixwbGCLcTEc1awjOg1uMX9Wv49CifkDp+PQBKjTWS4HPpFQWUw5KuxYQ==',NULL,NULL,NULL,NULL,'P'),(9,'Alpha Tech Pet, Inc.','Veterinary Products Supplier','ATP','zPrefixwbGCLcTEc1awjOg1uMX9Wv49CifkDp+PQBKjTWS4HPpFQWUw5KuxYQ==',NULL,NULL,NULL,NULL,'S'),(10,'Administrator','ePamms Administrator','Admin','zPrefixwbGCLcTEc1awjOg1uMX9Wv49CifkDp+PQBKjTWS4HPpFQWUw5KuxYQ==',NULL,NULL,NULL,NULL,'P'),(19,'Stepan Company','Innovative, sustainable and global chemical solutions company with over 80 years of experience','Stepan','zPrefixKD9jRfV4en39m6LU+hMvEXU/fKuH91MIsfR2H6NpFO5bx5HH7rMmYA==',NULL,NULL,NULL,NULL,'P'),(20,'Alpha1 Tech Pet, Inc.','Veterinary Products Supplier','ATP','zPrefix5lIkl4Fu/kt5fTRnSTOXFI3JxspJyzFB0VMgWD/FR3ydBU7hFMWHfg==',NULL,NULL,NULL,NULL,'S');
/*!40000 ALTER TABLE `organization` ENABLE KEYS */;
UNLOCK TABLES;

--
-- Table structure for table `person`
--

DROP TABLE IF EXISTS `person`;
/*!40101 SET @saved_cs_client     = @@character_set_client */;
/*!40101 SET character_set_client = utf8 */;
CREATE TABLE `person` (
  `ID` int(11) NOT NULL,
  `LASTNAME` varchar(64) DEFAULT NULL,
  `FIRSTNAME` varchar(64) DEFAULT NULL,
  `MIDDLENAME` varchar(64) DEFAULT NULL,
  `SUFFIX` varchar(128) DEFAULT NULL,
  `GENDER` varchar(1) DEFAULT NULL,
  `HOMEPHONE` varchar(11) DEFAULT NULL,
  `MOBILEPHONE` varchar(11) DEFAULT NULL,
  `WORKPHONE` varchar(11) DEFAULT NULL,
  `WORKPHONEEXTENSION` varchar(30) DEFAULT NULL,
  `FAX` varchar(11) DEFAULT NULL,
  `EMAILADDRESS` varchar(128) DEFAULT NULL,
  `TITLE` varchar(254) DEFAULT NULL,
  `z_NOTE` longtext,
  `CREATEDDATETIME` datetime DEFAULT NULL,
  `MODIFIEDDATETIME` datetime DEFAULT NULL,
  `CREATEDBY` varchar(128) DEFAULT NULL,
  `LASTMODIFIEDBY` varchar(128) DEFAULT NULL,
  `FK_ID_ADDRESS` int(11) DEFAULT NULL,
  `FK_ID_ORGANIZATION` int(11) DEFAULT NULL,
  `HASCONTACTID_ORGANIZATION` int(11) DEFAULT NULL,
  UNIQUE KEY `UPERSON_ID_98240` (`ID`),
  UNIQUE KEY `UPERSON_ID_626820` (`ID`),
  KEY `PERSON_LASTNAME_98250` (`LASTNAME`),
  KEY `PERSON_EMAILADDRESS_98350` (`EMAILADDRESS`),
  KEY `PERSON_HOMEPHONE_98300` (`HOMEPHONE`),
  KEY `PERSON_GENDER_98290` (`GENDER`),
  KEY `PERSON_WORKPHONE_98320` (`WORKPHONE`),
  KEY `PERSON_FK_ID_ADDRESS_104710` (`FK_ID_ADDRESS`),
  KEY `PERSON_FK_ID_ORGANIZATION10472` (`FK_ID_ORGANIZATION`),
  KEY `PERSON_HSCNTCTIDORGANIZAT10473` (`HASCONTACTID_ORGANIZATION`),
  KEY `PERSON_LASTNAME_626830` (`LASTNAME`),
  KEY `PERSON_EMAILADDRESS_626930` (`EMAILADDRESS`),
  KEY `PERSON_HOMEPHONE_626880` (`HOMEPHONE`),
  KEY `PERSON_GENDER_626870` (`GENDER`),
  KEY `PERSON_WORKPHONE_626900` (`WORKPHONE`),
  KEY `PERSON_FK_ID_ADDRESS_633390` (`FK_ID_ADDRESS`),
  KEY `PERSON_FK_ID_ORGANIZATION_633400` (`FK_ID_ORGANIZATION`),
  KEY `PERSONHASCONTACTIDORGANIZAT63341` (`HASCONTACTID_ORGANIZATION`)
) ENGINE=InnoDB DEFAULT CHARSET=utf8;
/*!40101 SET character_set_client = @saved_cs_client */;

--
-- Dumping data for table `person`
--

LOCK TABLES `person` WRITE;
/*!40000 ALTER TABLE `person` DISABLE KEYS */;
INSERT INTO `person` VALUES (1,NULL,NULL,NULL,NULL,NULL,NULL,NULL,NULL,NULL,NULL,NULL,NULL,NULL,NULL,NULL,NULL,NULL,NULL,NULL,10),(2,NULL,NULL,NULL,NULL,NULL,NULL,NULL,NULL,NULL,NULL,NULL,NULL,NULL,NULL,NULL,NULL,NULL,NULL,NULL,8),(3,NULL,NULL,NULL,NULL,NULL,NULL,NULL,NULL,NULL,NULL,NULL,NULL,NULL,NULL,NULL,NULL,NULL,NULL,NULL,11),(4,NULL,NULL,NULL,NULL,NULL,NULL,NULL,NULL,NULL,NULL,NULL,NULL,NULL,NULL,NULL,NULL,NULL,NULL,NULL,12),(5,NULL,NULL,NULL,NULL,NULL,NULL,NULL,NULL,NULL,NULL,NULL,NULL,NULL,NULL,NULL,NULL,NULL,NULL,NULL,13),(11,NULL,NULL,NULL,NULL,NULL,NULL,NULL,NULL,NULL,NULL,NULL,NULL,NULL,NULL,NULL,NULL,NULL,NULL,NULL,18),(12,'Isaac','Thomas',NULL,NULL,NULL,NULL,NULL,'8474667500',NULL,NULL,NULL,'Senior Regulatory Specialist',NULL,NULL,NULL,NULL,NULL,NULL,NULL,19),(13,NULL,NULL,NULL,NULL,NULL,NULL,NULL,NULL,NULL,NULL,NULL,NULL,NULL,NULL,NULL,NULL,NULL,NULL,NULL,20);
/*!40000 ALTER TABLE `person` ENABLE KEYS */;
UNLOCK TABLES;

--
-- Table structure for table `primaryregistrant`
--

DROP TABLE IF EXISTS `primaryregistrant`;
/*!40101 SET @saved_cs_client     = @@character_set_client */;
/*!40101 SET character_set_client = utf8 */;
CREATE TABLE `primaryregistrant` (
  `ID` int(11) NOT NULL,
  `EPA_COMPANYNUMBER` varchar(128) DEFAULT NULL,
  `FK_ID_EPAMMS` int(11) NOT NULL,
  `FK_ID_ORGANIZATION` int(11) NOT NULL,
  UNIQUE KEY `UPRIMARYREGISTRANT_ID_98490` (`ID`),
  UNIQUE KEY `UPRIMARYREGISTRANT_ID_627070` (`ID`),
  KEY `PRIMARYREGISTRANTFKIDORGA10318` (`FK_ID_ORGANIZATION`),
  KEY `PRIMARYREGISTRANTFKIDORGANI63216` (`FK_ID_ORGANIZATION`)
) ENGINE=InnoDB DEFAULT CHARSET=utf8;
/*!40101 SET character_set_client = @saved_cs_client */;

--
-- Dumping data for table `primaryregistrant`
--

LOCK TABLES `primaryregistrant` WRITE;
/*!40000 ALTER TABLE `primaryregistrant` DISABLE KEYS */;
INSERT INTO `primaryregistrant` VALUES (8,'LZA',1,8),(9,NULL,1,10),(14,'1839',1,19);
/*!40000 ALTER TABLE `primaryregistrant` ENABLE KEYS */;
UNLOCK TABLES;

--
-- Table structure for table `primarysub`
--

DROP TABLE IF EXISTS `primarysub`;
/*!40101 SET @saved_cs_client     = @@character_set_client */;
/*!40101 SET character_set_client = utf8 */;
CREATE TABLE `primarysub` (
  `ID` int(11) NOT NULL,
  `FK_ID_PRIMARYREGISTRANT` int(11) NOT NULL,
  `FK_ID_SUBREGISTRANT` int(11) NOT NULL,
  UNIQUE KEY `UPRIMARYSUB_ID_98530` (`ID`),
  UNIQUE KEY `UPRIMARYSUB_ID_627110` (`ID`),
  KEY `PRIMARYSUBFKIDPRIMARYREGI10294` (`FK_ID_PRIMARYREGISTRANT`),
  KEY `PRIMARYSUBFKIDSUBREGISTRA10465` (`FK_ID_SUBREGISTRANT`),
  KEY `PRIMARYSUBFKIDPRIMARYREGIST63180` (`FK_ID_PRIMARYREGISTRANT`),
  KEY `PRIMARYSUBFKIDSUBREGISTRANT63333` (`FK_ID_SUBREGISTRANT`)
) ENGINE=InnoDB DEFAULT CHARSET=utf8;
/*!40101 SET character_set_client = @saved_cs_client */;

--
-- Dumping data for table `primarysub`
--

LOCK TABLES `primarysub` WRITE;
/*!40000 ALTER TABLE `primarysub` DISABLE KEYS */;
INSERT INTO `primarysub` VALUES (1,8,2),(2,8,3),(3,8,4),(4,8,1),(5,8,5),(6,14,6);
/*!40000 ALTER TABLE `primarysub` ENABLE KEYS */;
UNLOCK TABLES;

--
-- Table structure for table `s_dilutiongroup`
--

DROP TABLE IF EXISTS `s_dilutiongroup`;
/*!40101 SET @saved_cs_client     = @@character_set_client */;
/*!40101 SET character_set_client = utf8 */;
CREATE TABLE `s_dilutiongroup` (
  `ID` int(11) NOT NULL,
  `FK_ID_SUBREGLABELCONTENT` int(11) NOT NULL,
  `FK_ID_M_DILUTIONGROUP` int(11) NOT NULL,
  UNIQUE KEY `US_DILUTIONGROUP_ID_199170` (`ID`),
  UNIQUE KEY `US_DILUTIONGROUP_ID_625020` (`ID`),
  KEY `SDILUTIONGROUPFKIDSUBREGL20605` (`FK_ID_SUBREGLABELCONTENT`),
  KEY `SDILUTIONGROUPFKIDMDILUTI20606` (`FK_ID_M_DILUTIONGROUP`),
  KEY `SDILUTIONGROUPFKIDSUBREGLAB63190` (`FK_ID_SUBREGLABELCONTENT`),
  KEY `SDILUTIONGROUPFKIDMDILUTION63191` (`FK_ID_M_DILUTIONGROUP`)
) ENGINE=InnoDB DEFAULT CHARSET=utf8;
/*!40101 SET character_set_client = @saved_cs_client */;

--
-- Dumping data for table `s_dilutiongroup`
--

LOCK TABLES `s_dilutiongroup` WRITE;
/*!40000 ALTER TABLE `s_dilutiongroup` DISABLE KEYS */;
/*!40000 ALTER TABLE `s_dilutiongroup` ENABLE KEYS */;
UNLOCK TABLES;

--
-- Table structure for table `s_directionsforusesection`
--

DROP TABLE IF EXISTS `s_directionsforusesection`;
/*!40101 SET @saved_cs_client     = @@character_set_client */;
/*!40101 SET character_set_client = utf8 */;
CREATE TABLE `s_directionsforusesection` (
  `ID` int(11) NOT NULL,
  `NAME` text,
  `TITLE` varchar(254) DEFAULT NULL,
  `SUBTITLE` varchar(254) DEFAULT NULL,
  `BOLDITALIC` varchar(1) DEFAULT NULL,
  `GENERALUSE` varchar(1) DEFAULT NULL,
  `STATEMENTLISTTYPE` varchar(254) DEFAULT NULL,
  `NUMBEREACHSTATEMENT` varchar(1) DEFAULT NULL,
  `REVIEWERNOTE` longtext,
  `NOTEBOLDITALIC` varchar(1) DEFAULT NULL,
  `SELECTED` varchar(1) DEFAULT NULL,
  `AUTOSEQ` int(11) DEFAULT NULL,
  `FK_ID_M_DIRECTIONSFORUSESECTION` int(11) DEFAULT NULL,
  `FK_ID_SUBREGLABELCONTENT` int(11) NOT NULL,
  UNIQUE KEY `USDIRECTIONSFORUSESECTIONI9856` (`ID`),
  UNIQUE KEY `USDIRECTIONSFORUSESECTIONID62714` (`ID`),
  KEY `SDIRECTIONSFORUSESECTIONF10409` (`FK_ID_M_DIRECTIONSFORUSESECTION`),
  KEY `SDIRECTIONSFORUSESECTIONF10429` (`FK_ID_SUBREGLABELCONTENT`),
  KEY `SDIRECTIONSFORUSESECTIONFKI63283` (`FK_ID_M_DIRECTIONSFORUSESECTION`),
  KEY `SDIRECTIONSFORUSESECTIONFKI63302` (`FK_ID_SUBREGLABELCONTENT`)
) ENGINE=InnoDB DEFAULT CHARSET=utf8;
/*!40101 SET character_set_client = @saved_cs_client */;

--
-- Dumping data for table `s_directionsforusesection`
--

LOCK TABLES `s_directionsforusesection` WRITE;
/*!40000 ALTER TABLE `s_directionsforusesection` DISABLE KEYS */;
INSERT INTO `s_directionsforusesection` VALUES (1,NULL,'PELIGRO:  SI NO PUEDE LEER EN INGLES, PREGUNTE A SU SUPERVISOR SOBRE LAS INSTRUCCIONES DE USO APROPIADAS ANTES DE TRABAJAR CON ESTE PRODUCTO.',NULL,'R',NULL,NULL,NULL,NULL,NULL,NULL,1,NULL,1),(2,NULL,'DIRECTIONS FOR USE','It is a violation of Federal law to use this product in a manner inconsistent with its labeling.','R',NULL,NULL,NULL,NULL,NULL,NULL,2,NULL,1),(3,'First Line',NULL,NULL,NULL,NULL,NULL,NULL,NULL,NULL,NULL,1,11,2),(4,'Disinfecting','DIRECTIONS FOR DISINFECTlNG: (Bactericidal, Fungicidal, Virucidal)',NULL,NULL,NULL,NULL,NULL,NULL,NULL,NULL,2,12,2),(5,'Fungicidal','FUNGICIDAL DIRECTIONS:',NULL,NULL,NULL,NULL,NULL,NULL,NULL,NULL,3,13,2),(6,'Mildewstatic','MILDEWSTATIC INSTRUCTIONS:',NULL,NULL,NULL,NULL,NULL,NULL,NULL,NULL,4,14,2),(7,'Disinfecting Areas','VETERINARY CLINICS / ANIMAL CARE / ANIMAL LIFE SCIENCE LABORATORIES / ZOOS / PET SHOP / KENNELS / BREEDING AND GROOMING ESTABLISHMENTS / EQUINE FARMS DISINFECTION DIRECTIONS:',NULL,NULL,NULL,NULL,NULL,NULL,NULL,NULL,5,15,2),(8,'Canine Activity','FOR CANINE PARVOVIRUS (AND PORCINE PARVOVIRUS) ACTIVITY:',NULL,NULL,NULL,NULL,NULL,NULL,NULL,NULL,6,16,2),(9,'Influenza','SPECIAL INSTRUCTIONS FOR INACTIVATING AVIAN INFLUENZA:',NULL,NULL,NULL,NULL,NULL,NULL,NULL,NULL,7,17,2),(17,'Recommended',NULL,NULL,NULL,NULL,NULL,NULL,NULL,NULL,NULL,1,18,4),(18,'Disinfecting','DISINFECTION / Cleaning / Deodorizing Directions:',NULL,NULL,NULL,NULL,NULL,NULL,NULL,NULL,2,19,4),(19,'Toilet Bowls','TOILET BOWLS [ / URINALS]',NULL,NULL,NULL,NULL,NULL,NULL,NULL,NULL,3,20,4),(20,'Mildewstatic','MILDEWSTATIC INSTRUCTIONS:',NULL,NULL,NULL,NULL,NULL,NULL,NULL,NULL,4,21,4),(21,'Special Instructions','SPECIAL INSTRUCTIONS FOR CLEANING AND DECONTAMINATION AGAINST HIV-1 (AIDS VIRUS) OR HBV OR HCV ON SURFACES / OBJECTS SOILED WITH BLOOD / BODY FLUIDS:',NULL,NULL,NULL,NULL,NULL,NULL,NULL,NULL,5,22,4),(22,'Salon','SALON (BARBER) INSTRUMENTS AND TOOLS DISINFECTION (BACTERICIDE) / VIRUCIDE / FUNGICIDE DIRECTIONS:',NULL,NULL,NULL,NULL,NULL,NULL,NULL,NULL,6,23,4),(23,'Disinfection','DISINFECTION OF HARD, NON-POROUS SURFACES IN FOOTBATHS',NULL,NULL,NULL,NULL,NULL,NULL,NULL,NULL,7,24,4),(24,'Cleansing','CLEANSING OF BODY SURFACES AND BODY ORIFICES OF HUMAN REMAINS:',NULL,NULL,NULL,NULL,NULL,NULL,NULL,NULL,8,25,4),(25,'One Gallon Directions of Use',NULL,NULL,NULL,NULL,NULL,NULL,NULL,NULL,NULL,NULL,26,5),(26,'Five Gallon Directions of Use',NULL,NULL,NULL,NULL,NULL,NULL,NULL,NULL,NULL,NULL,34,6);
/*!40000 ALTER TABLE `s_directionsforusesection` ENABLE KEYS */;
UNLOCK TABLES;

--
-- Table structure for table `s_directionsforusestatement`
--

DROP TABLE IF EXISTS `s_directionsforusestatement`;
/*!40101 SET @saved_cs_client     = @@character_set_client */;
/*!40101 SET character_set_client = utf8 */;
CREATE TABLE `s_directionsforusestatement` (
  `ID` int(11) NOT NULL,
  `TITLE` varchar(254) DEFAULT NULL,
  `z_TEXT` longtext,
  `NOTFORUSETEXT` longtext,
  `NOTFORUSETYPE` varchar(2) NOT NULL,
  `REVIEWERNOTE` longtext,
  `BOLDITALIC` varchar(1) DEFAULT NULL,
  `SELECTED` varchar(1) DEFAULT NULL,
  `AUTOSEQ` int(11) DEFAULT NULL,
  `FK_ID_M_DIRECTIONSFORUSESTATEMEN` int(11) DEFAULT NULL,
  `FK_ID_S_DIRECTIONSFORUSESECTION` int(11) NOT NULL,
  UNIQUE KEY `USDIRECTIONSFORUSESTATEMEN9868` (`ID`),
  UNIQUE KEY `USDIRECTIONSFORUSESTATEMENT62727` (`ID`),
  KEY `SDIRECTIONSFORUSESTATEMEN10378` (`FK_ID_M_DIRECTIONSFORUSESTATEMEN`),
  KEY `SDIRECTIONSFORUSESTATEMEN10439` (`FK_ID_S_DIRECTIONSFORUSESECTION`),
  KEY `SDIRECTIONSFORUSESTATEMENTF63269` (`FK_ID_M_DIRECTIONSFORUSESTATEMEN`),
  KEY `SDIRECTIONSFORUSESTATEMENTF63303` (`FK_ID_S_DIRECTIONSFORUSESECTION`)
) ENGINE=InnoDB DEFAULT CHARSET=utf8;
/*!40101 SET character_set_client = @saved_cs_client */;

--
-- Dumping data for table `s_directionsforusestatement`
--

LOCK TABLES `s_directionsforusestatement` WRITE;
/*!40000 ALTER TABLE `s_directionsforusestatement` DISABLE KEYS */;
INSERT INTO `s_directionsforusestatement` VALUES (1,NULL,'<p style=\"margin-bottom: 0in;\" align=\"JUSTIFY\"><font face=\"Arial, sans-serif\"><font style=\"font-size: 9pt;\" size=\"2\">DILUTION: 1:256       ½ ounce per gallon of water</font></font></p>\r\n<p style=\"margin-bottom: 0in;\" align=\"JUSTIFY\"><font face=\"Arial, sans-serif\"><font style=\"font-size: 9pt;\" size=\"2\">(660 ppm quat)          1 ounce per 2 gallons of water</font></font></p>\r\n<p style=\"margin-bottom: 0in;\" align=\"JUSTIFY\"><font face=\"Arial, sans-serif\"><font style=\"font-size: 9pt;\" size=\"2\">                                  2 ounces per 4 gallons of water</font></font></p>\r\n<p style=\"margin-bottom: 0in;\"><font face=\"Arial, sans-serif\"><font style=\"font-size: 9pt;\" size=\"2\">                                  2½ ounces per 5 gallons of water</font></font></p>\r\n<p style=\"margin-bottom: 0in;\" align=\"JUSTIFY\"><font face=\"Arial, sans-serif\"><font style=\"font-size: 9pt;\" size=\"2\">                                   4 ounces per 8 gallons of water</font></font></p>',NULL,'NA',NULL,'R',NULL,1,NULL,1),(2,NULL,'<p align=\"CENTER\">DILUTION CHART</p>\r\n<p align=\"CENTER\">Correct Solution Strength</p>\r\n<p align=\"CENTER\">0.39% (1:256, ½ oz. per gallon)</p>\r\n<p align=\"CENTER\">PRODUCT    WATER</p>\r\n<p align=\"CENTER\">     ½ oz       1 gallon</p>\r\n<p align=\"CENTER\">     2 ½ oz.     5 gallons</p>',NULL,'NA',NULL,'R',NULL,2,NULL,1),(3,NULL,'<p>This product is not to be used as a terminal sterilant / high level disinfectant on any surface or instrument that (1) is introduced directly into the human body, either into or in contact with the bloodstream or normally sterile areas of the body, or (2) contacts intact mucous membranes but which does not ordinarily penetrate the blood barrier or otherwise enter normally sterile areas of the body. This product may be used to preclean or decontaminate critical or semi-critical devices prior to sterilization or high-level disinfection.</p>','<p>This product is not for use on medical device surfaces.</p>','MD','(Note for reviewer: For labels that list medical premises and metal and / or stainless steel surfaces, one of the following statements must be used:)\r\n','R',NULL,1,NULL,2),(4,NULL,'DISINFECTION / Cleaning / Deodorizing Directions: Remove heavy soil deposits from surface.  Then thoroughly wet surface with a use-solution of ½ oz. of the concentrate per gallon of water.  (Use 2 oz per gallon of water to kill Adenovirus Type 7). The use-solution can be applied with a cloth, mop, sponge, or coarse spray, or soaking.  For sprayer applications, use a coarse spray device.  Spray 6-8 inches from the surface, rub with a brush, cloth or sponge.  Do not breathe spray.  Let solution remain on surface for a minimum of 10 minutes.  Rinse or allow to air dry.  Rinsing of floors is not necessary unless they are to be waxed or polished. ',NULL,'NA',NULL,'R',NULL,2,NULL,2),(5,NULL,'Food contact surfaces must be thoroughly rinsed with potable water.  This product must not be used to clean the following food contact surfaces: utensils, glassware and dishes.','This product is not for use on food contact surfaces.\r\n','FC','(Note for reviewer: One of the following statements must be used:)','R',NULL,3,NULL,2),(6,NULL,'Bactericidal Stability of Use-Dilution: Tests confirm that Formulation HWS-256, when diluted in 400 ppm hard water (via use of automatic dispensing devices), remains effective against Pseudomonas aeruginosa, Staphylococcus aureus and Salmonella choleraesuis for (up to 7 days) (for up to one week) (for up to one month) (for up to 2 months) (for up to 3 months) (up to 4 months) (up to 5 months) (up to 6 months) (up to 7 months) (up to 8 months) (up to 9 months) (up to 10 months) (up to 11 months) (up to 12 months) (up to one year) when stored in a sealed container such as a spray bottle.  If product becomes visibly dirty or contaminated, the use-dilution must be discarded and fresh product prepared.  Always use clean, properly labeled containers when diluting this product.  Bactericidal stability of the use-dilution does not apply to open containers such as buckets or pails.\r\n','<p>Prepare a fresh solution daily or more often if the solution becomes visibly dirty or diluted.</p>','BU','Note to reviewer: one of the following two statements will be used:)','R',NULL,4,NULL,2),(7,NULL,'TOILET BOWLS [ / URINALS] Swab bowl with brush to remove heavy soil prior to cleaning or disinfecting.  Clean by applying use-solution around the bowl and up under the rim.  Stubborn stains may require brushing.  To disinfect, first preclean to remove heavy soil, then remove or expel over the inner trap the residual bowl water. Pour in 3 oz. of the use-solution.  Swab the bowl completely using a scrub brush or mop, making sure to get under rim. Let stand for 10 minutes or overnight, then flush.',NULL,'NA',NULL,'R',NULL,5,NULL,2),(8,NULL,'Fungicidal Directions:\r\nFor use in areas such as locker rooms, dressing rooms, shower and bath areas and exercise facilities follow disinfection directions.',NULL,'NA',NULL,'R',NULL,6,NULL,2),(9,NULL,'MILDEWSTATIC INSTRUCTIONS: Will effectively control the growth of mold and mildew plus the odors caused by them when applied to hard, nonporous surfaces such as walls, floors, and table tops.  Apply use-solution of ½ oz. per gallon of water with a cloth, mop, sponge, or coarse spray.  Make sure to wet all surfaces completely. Let air dry. Repeat application weekly or when growth reappears.',NULL,'NA',NULL,'R',NULL,7,NULL,2),(10,NULL,'CLEANING AND DISINFECTING HARD NONPOROUS SURFACES ON PERSONAL PROTECTIVE EQUIPMENT (RESPIRATORS):\r\nPreclean equipment if heavily soiled to ensure proper surface contact. Add ½ oz. of Formulation HWS-256 to one gallon of water.  (Use 2 oz per gallon of water to kill Adenovirus Type 7).  Gently mix for a uniform solution.  Apply solution to hard, nonporous surfaces of the respirator with a brush, coarse spray device, sponge, or by immersion.  Thoroughly wet all surfaces to be disinfected.  Treated surfaces should remain wet for 10 minutes.  Remove excess solution from equipment prior to storage.  Comply with all OSHA regulations for cleaning respiratory protection (29 CFR §1910.134).',NULL,'NA',NULL,'R',NULL,8,NULL,2),(11,NULL,'*Kills HIV-1 (AIDS virus) AND HBV (HEPATITIS b vIRUS) and HCV (Hepatitis C Virus) OF precleaned, environmental surfaces / objects previously soiled with blood / body fluids in health care settings or other settings in which there is an expected likelihood of soiling of inanimate surfaces / objects with blood / body fluids, and in which the surfaces / objects likely to be soiled with blood / body fluids can be associated with the potential for transmission of Human Immunodeficiency Virus Type I (HIV-1)(associated with AIDS) or Hepatitis B Virus (HBV) or Hepatitis C Virus (HCV).',NULL,'NA',NULL,'R',NULL,9,NULL,2),(12,NULL,'SPECIAL INSTRUCTIONS FOR CLEANING AND DECONTAMINATION AGAINST HIV-1 (AIDS VIRUS) OR HBV OR HCV ON SURFACES / OBJECTS SOILED WITH BLOOD / BODY FLUIDS:\r\nPersonal Protection: Disposable protective gloves, gowns, face masks, or eye coverings as appropriate must be worn during all cleaning of blood / body fluids and during decontamination procedures.\r\nCleaning Procedures: Blood / body fluids must be thoroughly cleaned from surfaces / objects before application of disinfectant.\r\nContact Time: HIV-1 (AIDS virus) is inactivated after a contact time of 4 minutes at 25&#61616;C (77ºF) (room temperature).  HBV and HCV are inactivated after a 10 minute contact time.  Use a 10-minute contact time for all other viruses, fungi, and bacteria listed.\r\nDisposal of Infectious Materials: Blood / body fluids should be autoclaved and disposed of according to federal, state, and local regulations for infectious waste disposal.',NULL,'NA',NULL,'R',NULL,10,NULL,2),(13,NULL,'SALON (BARBER) INSTRUMENTS AND TOOLS DISINFECTION (BACTERICIDE) / VIRUCIDE / FUNGICIDE DIRECTIONS:\r\nMix ½ oz of Formulation HWS-256 per gallon of water (or equivalent dilution) to disinfect hard, nonporous instruments and tools.  (Use 2 oz per gallon of water to kill Adenovirus Type 7.)  Completely immerse combs, brushes, rollers, razors, scissors, blades, manicure and other salon instruments and tools for 10 minutes. For heavily soiled instruments and tools, a preliminary cleaning is required. Rinse thoroughly and dry before use. Prepare a fresh solution daily or more often if the solution becomes visibly diluted, cloudy or soiled.\r\nNote: Plastics may remain immersed until ready to use. Stainless steel shears and instruments must be removed after 10 minutes, rinsed, dried and kept in a clean, non-contaminated receptacle. Prolonged soaking may cause damage to metal instruments.',NULL,'NA',NULL,'R',NULL,11,NULL,2),(14,NULL,'DISINFECTION OF HARD, NON-POROUS SURFACES IN FOOTBATHS\r\nTo remove body oils, dead tissue, soil and all other buildups or organic matter on inanimate surfaces after using the footbath, drain the water and thoroughly clean all hard, non-porous surfaces with soap or detergent, then rinse with water.  Saturate surfaces with a use solution of ½ oz. per gallon of water (or equivalent use dilution) to exposed surfaces with a cloth, mop, sponge or sprayer.  (Use 2 oz per gallon of water to kill Adenovirus Type 7).  For spray applications, use a coarse spray device.  Do not breathe spray.  Brush or swab thoroughly and allow solution to stand for 10 minutes.  After the unit has been thoroughly disinfected, rinse all surfaces with fresh water.  Do not use equipment until treatment has been absorbed, set or dried.',NULL,'NA',NULL,'R',NULL,12,NULL,2),(15,NULL,'CLEANSING OF BODY SURFACES AND BODY ORIFICES OF HUMAN REMAINS: This product removes body secretions, soil, and blood, along with their accompanying malodor, from the surfaces and orifices of human remains.  Using a sponge or washcloth, bathe the entire body with a use-solution of ½ oz per gallon of water.  (Use 2 oz per gallon of water to kill Adenovirus Type 7.)  A soft hand brush may be employed on surfaces other than the face.  Prepare a fresh solution for each (cadaver) remains or when solution becomes visibly dirty or diluted.',NULL,'NA',NULL,'R',NULL,13,NULL,2),(16,NULL,'FARM PREMISE, LIVESTOCK, POULTRY & TURKEY HOUSE DISINFECTANT\r\n\r\nDILUTION: 1:256	½ ounce per gallon of water\r\n\r\n(Use 2 oz per gallon of water to kill Adenovirus Type 7.)  \r\n\r\n1.	Remove all animals and feeds from premises, trucks, coops, crates, and enclosures.\r\n\r\n2.	Remove all litter and manure from floors, walls, and surfaces of barns, pens, stalls, chutes, vehicles, and other facilities and fixtures occupied or traversed by animals.\r\n\r\n3.	Empty all troughs, racks, and other feeding and watering appliances.\r\n\r\n4.	Thoroughly clean all surfaces with soap or detergent, and rinse with water.\r\n\r\n5.	Saturate all surfaces with the recommended disinfecting solution for a period of 10 minutes.\r\n\r\n6.	Immerse all halters, ropes, and other types of equipment used in handling and restraining animals, as well as forks, shovels, and scrapers used for removing litter and manure.\r\n\r\n7. Ventilate buildings, coops, cars, trucks, boats, and other closed spaces.  Do not house animals or employ equipment until treatment has been absorbed, set, or dried.\r\n\r\n8. After treatment with disinfectant, thoroughly scrub feed racks, troughs, automatic feeders, fountains, and waterers with soap or detergent, and rinse with potable water before reuse.',NULL,'NA',NULL,'R',NULL,14,NULL,2),(17,NULL,'Veterinary Practice / Animal Care / Animal Laboratory / Zoos / Pet Shop / Kennels Disinfection Directions:  \r\nFor cleaning and disinfecting hard nonporous surfaces: equipment used for animal food or water, utensils, instruments, cages, kennels, stables, catteries, etc.  Remove all animals and feeds from premises, animal transportation vehicles, crates, etc. Remove all litter, droppings and manure from floors, walls and surfaces of facilities occupied or traversed by animals. Empty all feeding and watering appliances. Thoroughly clean all surfaces with soap or detergent and rinse with water.  Saturate surfaces with a use-solution of ½ oz. of FORMULATION HWS-256 per gallon of water (or equivalent dilution) for a period of 10 minutes. (Use 2 oz per gallon of water to kill Adenovirus Type 7.)  Wipe or allow to air dry.  Ventilate buildings and other closed spaces. Thoroughly scrub all treated surfaces that come into contact with food, including equipment used for feeding or watering, with soap or detergent and rinse with potable water before reuse. Do not house animals or employ equipment until treatment has been absorbed, set or dried.',NULL,'NA',NULL,'R',NULL,15,NULL,2),(18,NULL,'For Heavy Duty Cleaning and / or Odor Control: When greater cleaning is desired, use 1 - 2 oz. of Formulation HWS-256 per gallon of water.  Heavily soiled areas may require repeated cleaning before treatment.',NULL,'NA',NULL,'R',NULL,16,NULL,2),(19,NULL,'CITRUS CANKER DISEASE CONTROL\r\nFor prevention of Citrus Canker Disease through treatment of equipment.  Effective against Xanthomonas axonopodis pv. citri (Citrus Canker Disease) at 2000 ppm active quat. Treatments can be applied to trucks, attached trailers, and field equipment including cargo area, wheels, tires, undercarriage, hood, roof, fenders, and any other hard nonporous equipment taken into infested areas.\r\nSaturate surfaces with a 1:84 use-dilution (5 oz. per 3¼ gallons of deionized water) (or equivalent dilution) (2000 ppm active quat) for a period of 10 minutes.  Allow to air dry.  All surfaces that come in contact with food or crop must be rinsed with potable water before reuse.  To prevent the spread of Citrus Canker Disease by this artificial means of transportation, treatments are made by trigger spraying, dipping or brushing. Thoroughly rinse or launder clothing before reuse.  Rinse footwear before reuse.',NULL,'NA',NULL,'R',NULL,17,NULL,2),(20,NULL,'Formulation HWS-256 is effective at eliminating odors on porous surfaces such as upholstery, drapes, carpets, bedding, shower curtains, mattresses and non-porous surfaces such as walls and floors.  Excellent for fire restoration.',NULL,'NA',NULL,'R',NULL,18,NULL,2),(21,NULL,'Other suggested Uses:  Homes, Veterinary Clinics, Fish Markets, Kennels, Trash Compactors, Offices, Beauty Salons, Locker Rooms, Health Spas, Conference rooms, Elevators, Smoking Areas, Lounges, Day Care Centers, Dry Cleaners, Theaters, Farms, Auditoriums and  Churches.\r\n \r\n',NULL,'NA',NULL,'R',NULL,19,NULL,2),(22,NULL,'Deodorizing directions:\r\nNursing Homes, Hospitals, Hotels, Schools, Restaurants:  Using 1/2 oz. in chemical toilets, waste receptacles, bed pans, drainage bottles, diaper pails, hampers, disposals, commodes and air conditioner pans will eliminate odors.',NULL,'NA',NULL,'R',NULL,20,NULL,2),(23,NULL,'Mopping Solutions, Automatic Scrubbers:  Use 1/2 oz. per gallon of cleaning solution to eliminate undesirable odors.\r\nLaundry: ½ oz. per load added during the final rinse cycle deodorizes all offensive odors.',NULL,'NA',NULL,'R',NULL,21,NULL,2),(24,NULL,'Air Freshener/Automotive Uses:  2 oz. per gallon of water or desired concentration will effectively neutralize damp musty odors caused by mildew in storage areas, basements, closets and bathrooms.  Effective on smoking and cooking odors (garlic, fish, onions, etc.).  Automobile odors from tobacco, musty carpet smell and beverage smells will be eliminated.',NULL,'NA',NULL,'R',NULL,22,NULL,2),(25,NULL,'Carpets: ½ oz. per gallon of shampoo solution eliminates odors associated with urine, vomit, smoke, and mildew.  Reapply after cleaning for freshening effects.  Allow to dry.',NULL,'NA',NULL,'R',NULL,23,NULL,2),(26,NULL,'RV Holding Tanks:  Toilet waste:  cover bottom of holding tank with water and add ½ oz.  If odors return before time to empty, simply add ½ oz. to the tank.  Kitchen waste: ½ oz. of Formulation HWS-256 to gray water tank as needed to control malodors created by dirty dish water.',NULL,'NA',NULL,'R',NULL,24,NULL,2),(27,NULL,'Pet Odors:  Use 2 - 3 oz. per gallon of water or desired concentration, for urine, feces, and vomit, in carpet and upholstery.  Clean prior to application then spray onto affected areas.  Test hidden area for colorfastness.  Allow 10 minutes contact time.  Then blot with clean cloth.  Allow to dry.  Also effective on pet bedding and litter boxes.',NULL,'NA',NULL,'R',NULL,25,NULL,2),(28,NULL,'Sewage Backup, Water, Smoke Damage:  Use 1 ? 2 oz. per gallon of water or desired concentration.  Spray over affected areas before and after cleaning and extraction.  Allow ten minutes contact time.  Use proper ventilation; open windows.',NULL,'NA',NULL,'R',NULL,26,NULL,2),(29,NULL,'Cleaning Solution:  Dilute ½ oz. per gallon of water for cleaning of kitchen counters, tables, walls, bathrooms, toilet seats, mopping floors and large routine applications.',NULL,'NA',NULL,'R',NULL,27,NULL,2),(30,NULL,'WATER, SMOKE DAMAGE RESTORATION AGAINST ODOR-CAUSING BACTERIA AND FUNGI FOR HOME, INSTITUTIONAL, INDUSTRIAL AND HOSPITAL USE:\r\nThis product is particularly suitable for use in water damage restoration situations against odor causing bacteria on the following porous and semi-porous materials: carpets, carpet cushions, subfloors, drywall, concrete, brick, trim and frame lumber, tackless strip and paneling.  Using appropriate dilution, saturate the affected materials with enough product to remain wet for at least 10 minutes.\r\nSewer Backup and River Flooding:  During mitigation procedures, dilute ½ oz. of the concentrate per gallon of water, allowing for the diluting effect of absorbed water within saturated materials.  Remove gross filth or heavy soil along with non-salvageable materials.  Saturate all affected areas with a coarse spray device before and after cleaning and extraction.\r\nCarpets, Carpet Cushions and Other Porous Materials such as Subfloors, Drywall, Concrete, Brick, Trim and Frame Lumber, Tackless Strip and Paneling: For water damage from a clean source, extract excess water.  Test hidden area for colorfastness.  Dilute ½ oz. of the concentrate per gallon of water, allowing for the diluting effect of absorbed water within saturated materials. Remove gross filth or heavy soil.  Saturate all affected areas with a coarse spray device.  Roll, brush or agitate into the materials and allow materials to remain wet for 10 minutes.  Follow with a thorough extraction.  Dry rapidly and thoroughly.\r\nSpecial instructions For Cleaning Carpet Against Odor Causing Bacteria: Use this product in industrial and institutional areas such as homes, motels, hotels, nursing homes, schools, and hospitals.  Use on wet-cleanable synthetic fibers.  Do not use on wool.  Vacuum carpet thoroughly prior to cleaning.  Test fabric for colorfastness. For portable extraction units: Mix ½ oz. of concentrate per gallon of water.  For truck mounted extraction machines: Mix ½ ? 1 oz. of concentrate per gallon of water and meter at 4 gallons per hour.  For rotary floor machines:  Mix ½ oz. of concentrate per gallon of water and apply at the rate of 300 ? 500 sq. ft. per gallon.  Do not mix this product with other cleaning products.  Follow the cleaning procedures specified by the manufacturer of the cleaning equipment.  After using the product, set the carpet pile and protect the carpet from furniture legs and bases while drying.  Do not over-wet.  If applied to stain resistant nylon carpet, apply a fabric protector according to the manufacturer?s directions.',NULL,'NA',NULL,'R',NULL,28,NULL,2),(31,NULL,'It is a violation of Federal Law to use this product in a manner inconsistent with its labeling.',NULL,'NA',NULL,NULL,NULL,NULL,151,3),(32,NULL,'For use on hard, non-porous surfaces in animal care facilities such as {{Surface}}. Remove gross filth and heavy soil deposits then thoroughly wet surfaces. Use 2 ounces per gallon of water (8 ounces per gallon against canine parvovirus and Porcine parvovirus) for a minimum contact time of 10 minutes in a single application. Can be applied with a cloth, mop, or sponge, as well as by coarse spray or soaking. The use solution is prepared fresh for each use then discarded. Rinsing is not necessary unless floors are to be waxed or polished. This product is not for use on medical device surfaces.',NULL,'NA',NULL,NULL,NULL,NULL,152,4),(33,NULL,'For use in areas such as {{Area Of Use}} follow disinfection directions.',NULL,'NA',NULL,NULL,NULL,NULL,153,5),(34,NULL,'Will effectively control the growth of mold and mildew plus the odors caused by them when applied to hard, non-porous surfaces such as walls, floors, and table tops. Apply solution (2 ounces per gallon of water) with a cloth, mop, sponge or coarse spray making sure to wet all surfaces completely. Let air dry. Repeat application weekly or when growth reappears.',NULL,'NA',NULL,NULL,NULL,NULL,154,6),(35,NULL,'For disinfecting the following hard nonporous surfaces: equipment not used for animal food or water, utensils, instruments, cages, kennels, stables, catteries, etc. Remove all animals and feeds from premises, animal transportation vehicles, crates, etc. Remove all litter, droppings and manure from floors, walls and surfaces of facilities occupied or traversed by animals. Thoroughly clean all surfaces with soap or detergent and rinse with water. Saturate surfaces with a solution of 2 oz of KennelSol per gallon of water (or equivalent dilution) (8 ounces per gallon against Canine parvovirus or Porcine parvovirus), using a cloth, mop, sponge, spray, or soaking for a period of 10 minutes. Ventilate buildings and other closed spaces. Do not house animals or employ equipment until treatment has been absorbed, set or dried.',NULL,'NA',NULL,NULL,NULL,NULL,155,7),(36,NULL,'{{Product Name}} is effective against Canine Parvovirus (and Porcine parvovirus) at 8 oz. per gallon. Follow {{Area Of Use}} Disinfection Directions.',NULL,'NA',NULL,NULL,NULL,NULL,156,8),(37,NULL,'Remove all poultry and feeds from premises, trucks, coops, and crates. Remove all litter and droppings from floors, walls, and surfaces of facilities occupied or traversed by poultry. Empty all troughs, racks, and other feeding and watering appliances. Thoroughly clean all surfaces with soap or detergent and rinse with water. Saturate surfaces with the disinfecting solution (2 oz per gallon of water) (660 ppm active quat) (equivalent use dilution) for a period of 10 minutes. Immerse all halters, ropes and other types of equipment used in handling and restraining animals as well as forks, shovels, and scrapers used in removing litter and manure. Ventilate buildings, coops, and other closed spaces. Do not house poultry or employ equipment until treatment has been absorbed, set, or dried. Thoroughly scrub treated feed racks, troughs, automatic feeders, fountains, and waterers with soap or detergent, and rinse with potable water before reuse.',NULL,'NA',NULL,NULL,NULL,NULL,157,9),(45,NULL,'This product is not to be used as a terminal sterilant / high level disinfectant on any surface or instrument that (1) is introduced directly into the human body, either into or in contact with the bloodstream or normally sterile areas of the body, or (2) contacts intact mucous membranes but which does not ordinarily penetrate the blood barrier or otherwise enter normally sterile areas of the body. This product may be used to',NULL,'NA',NULL,NULL,NULL,NULL,158,17),(46,NULL,'Remove heavy soil deposits from surface. Then thoroughly wet surface with a use-solution of ½ oz. of the concentrate per gallon of water. (Use 2 oz per gallon of water to kill Adenovirus Type 7). The use-solution can be applied with a cloth, mop, sponge, or coarse spray, or soaking. For sprayer applications, use a coarse spray device. Spray 6-8 inches from the surface, rub with a brush, cloth or sponge. Do not breathe spray. Let solution remain on surface for a minimum of 10 minutes. Rinse or allow to air dry. Rinsing of floors is not necessary unless they are to be waxed or polished.\r\n\r\nFood contact surfaces must be thoroughly rinsed with potable water. This product must not be used to clean the following food contact surfaces: utensils, glassware and dishes.',NULL,'NA',NULL,NULL,NULL,NULL,159,18),(47,NULL,'Swab bowl with brush to remove heavy soil prior to cleaning or disinfecting. Clean by applying use-solution around the bowl and up under the rim. Stubborn stains may require brushing. To disinfect, first preclean to remove heavy soil, then remove or expel over the inner trap the residual bowl water. Pour in 3 oz. of the usesolution. Swab the bowl completely using a scrub brush or mop, making sure to get under rim. Let stand for 10 minutes or overnight, then flush',NULL,'NA',NULL,NULL,NULL,NULL,160,19),(48,NULL,'Will effectively control the growth of mold and mildew plus the odors caused by them when applied to hard, non-porous surfaces such as walls, floors, and table tops. Apply solution (2 ounces per gallon of water) with a cloth, mop, sponge or coarse spray making sure to wet all surfaces completely. Let air dry. Repeat application weekly or when growth reappears.',NULL,'NA',NULL,NULL,NULL,NULL,161,20),(49,NULL,'Personal Protection: Disposable protective gloves, gowns, face masks, or eye coverings as appropriate must be worn during all cleaning of blood / body fluids and during decontamination procedures. Cleaning Procedures: Blood / body fluids must be thoroughly cleaned from surfaces / objects before application of disinfectant. Contact Time: HIV-1 (AIDS virus) is inactivated after a contact time of 4 minutes at 25#C (77ºF) (room temperature). HBV and HCV are inactivated after a 10 minute contact time. Use a 10-minute contact time for all other viruses, fungi, and bacteria listed. Disposal of Infectious Materials: Blood / body fluids should be autoclaved and disposed of according to federal, state, and local regulations for infectious waste disposal',NULL,'NA',NULL,NULL,NULL,NULL,162,21),(50,NULL,'Mix ½ oz of Formulation HWS-256 per gallon of water (or equivalent dilution) to disinfect hard, nonporous instruments and tools. (Use 2 oz per gallon of water to kill Adenovirus Type 7.) Completely immerse combs, brushes, rollers, razors, scissors, blades, manicure and other salon instruments and tools for 10 minutes. For heavily soiled instruments and tools, a preliminary cleaning is required. Rinse thoroughly and dry before use. Prepare a fresh solution daily or more often if the solution becomes visibly diluted, cloudy or soiled. Note: Plastics may remain immersed until ready to use. Stainless steel shears and instruments must be removed after 10 minutes, rinsed, dried and kept in a clean, non-contaminated receptacle. Prolonged soaking may cause damage to metal instruments',NULL,'NA',NULL,NULL,NULL,NULL,163,22),(51,NULL,'To remove body oils, dead tissue, soil and all other buildups or organic matter on inanimate surfaces after using the footbath, drain the water and thoroughly clean all hard, non-porous surfaces with soap or detergent, then rinse with water. Saturate surfaces with a use solution of ½ oz. per gallon of water (or equivalent use dilution) to exposed surfaces with a cloth, mop, sponge or sprayer. (Use 2 oz per gallon of water to kill Adenovirus Type 7). For spray applications, use a coarse spray device. Do not breathe spray. Brush or swab thoroughly and allow solution to stand for 10 minutes. After the unit has been thoroughly disinfected, rinse all surfaces with fresh water. Do not use equipment until treatment has been absorbed, set or dried',NULL,'NA',NULL,NULL,NULL,NULL,164,23),(52,NULL,'This product removes body secretions, soil, and blood, along with their accompanying malodor, from the surfaces and orifices of human remains. Using a sponge or washcloth, bathe the entire body with a use-solution of ½ oz per gallon of water. (Use 2 oz per gallon of water to kill Adenovirus Type 7.) A soft hand brush may be employed on surfaces other than the face. Prepare a fresh solution for each (cadaver) remains or when solution becomes visibly dirty or diluted\r\nCarpets: ½ oz. per gallon of shampoo solution eliminates odors associated with urine, vomit, smoke, and mildew. Reapply after cleaning for freshening effects. Allow to dry.',NULL,'NA',NULL,NULL,NULL,NULL,165,24),(53,'Recommended','This product is not to be used as a terminal sterilant / high level disinfectant on any surface or instrument that (1) is introduced directly into the human body, either into or in contact with the bloodstream or normally sterile areas of the body, or (2) contacts intact mucous membranes but which does not ordinarily penetrate the blood barrier or otherwise enter normally sterile areas of the body. This product may be used to preclean or decontaminate critical or semi-critical devices prior to sterilization or high-level disinfection.',NULL,'NA',NULL,NULL,NULL,1,166,25),(54,'DISINFECTION / Cleaning / Deodorizing Directions:','Remove heavy soil deposits from surface. Then thoroughly wet surface with a use-solution of 1/2 oz. of the concentrate per gallon of water. (Use 2 oz per gallon of water to kill Adenovirus Type 7). The use-solution can be applied with a cloth, mop, sponge, or coarse spray, or soaking. For sprayer applications, use a coarse spray device. Spray 6-8 inches from the surface, rub with a brush, cloth or sponge. Do not breathe spray. Let solution remain on surface for a minimum of 10 minutes. Rinse or allow to air dry. Rinsing of floors is not necessary unless they are to be waxed or polished.',NULL,'NA',NULL,NULL,NULL,2,174,25),(55,'TOILET BOWLS [ / URINALS]','Swab bowl with brush to remove heavy soil prior to cleaning or disinfecting. Clean by applying use-solution around the bowl and up under the rim. Stubborn stains may require brushing. To disinfect, first preclean to remove heavy soil, then remove or expel over the inner trap the residual bowl water. Pour in 3 oz. of the usesolution. Swab the bowl completely using a scrub brush or mop, making sure to get under rim. Let stand for 10 minutes or overnight, then flush.',NULL,'NA',NULL,NULL,NULL,3,175,25),(56,'MILDEWSTATIC INSTRUCTIONS:','Will effectively control the growth of mold and mildew plus the odors caused by them when applied to hard, non-porous surfaces such as walls, floors, and table tops. Apply solution (2 ounces per gallon of water) with a cloth, mop, sponge or coarse spray making sure to wet all surfaces completely. Let air dry. Repeat application weekly or when growth reappears.',NULL,'NA',NULL,NULL,NULL,4,176,25),(57,'SPECIAL INSTRUCTIONS FOR CLEANING AND DECONTAMINATION AGAINST HIV-1 (AIDS VIRUS) OR HBV OR HCV ON SURFACES / OBJECTS SOILED WITH BLOOD / BODY FLUIDS:','Personal Protection: Disposable protective gloves, gowns, face masks, or eye coverings as appropriate must be worn during all cleaning of blood / body fluids and during decontamination procedures. Cleaning Procedures: Blood / body fluids must be thoroughly cleaned from surfaces / objects before application of disinfectant. Contact Time: HIV-1 (AIDS virus) is inactivated after a contact time of 4 minutes at 25#C (77degF) (room temperature). HBV and HCV are inactivated after a 10 minute contact time. Use a 10-minute contact time for all other viruses, fungi, and bacteria listed. Disposal of Infectious Materials: Blood / body fluids should be autoclaved and disposed of according to federal, state, and local regulations for infectious waste disposal.',NULL,'NA',NULL,NULL,NULL,5,177,25),(58,'SALON (BARBER) INSTRUMENTS AND TOOLS DISINFECTION (BACTERICIDE) / VIRUCIDE / FUNGICIDE DIRECTIONS:','Mix 1/2 oz. of Formulation HWS-256 per gallon of water (or equivalent dilution) to disinfect hard, nonporous instruments and tools. (Use 2 oz per gallon of water to kill Adenovirus Type 7.) Completely immerse combs, brushes, rollers, razors, scissors, blades, manicure and other salon instruments and tools for 10 minutes. For heavily soiled instruments and tools, a preliminary cleaning is required. Rinse thoroughly and dry before use. Prepare a fresh solution daily or more often if the solution becomes visibly diluted, cloudy or soiled. Note: Plastics may remain immersed until ready to use. Stainless steel shears and instruments must be removed after 10 minutes, rinsed, dried and kept in a clean, non-contaminated receptacle. Prolonged soaking may cause damage to metal instruments.',NULL,'NA',NULL,NULL,NULL,6,178,25),(59,'DISINFECTION OF HARD, NON-POROUS SURFACES IN FOOTBATHS:','To remove body oils, dead tissue, soil and all other buildups or organic matter on inanimate surfaces after using the footbath, drain the water and thoroughly clean all hard, non-porous surfaces with soap or detergent, then rinse with water. Saturate surfaces with a use solution of 1/2 oz. per gallon of water (or equivalent use dilution) to exposed surfaces with a cloth, mop, sponge or sprayer. (Use 2 oz per gallon of water to kill Adenovirus Type 7). For spray applications, use a coarse spray device. Do not breathe spray. Brush or swab thoroughly and allow solution to stand for 10 minutes. After the unit has been thoroughly disinfected, rinse all surfaces with fresh water. Do not use equipment until treatment has been absorbed, set or dried.',NULL,'NA',NULL,NULL,NULL,7,179,25),(60,'CLEANSING OF BODY SURFACES AND BODY ORIFICES OF HUMAN REMAINS:','This product removes body secretions, soil, and blood, along with their accompanying malodor, from the surfaces and orifices of human remains. Using a sponge or washcloth, bathe the entire body with a use-solution of 1/2 oz. per gallon of water. (Use 2 oz per gallon of water to kill Adenovirus Type 7.) A soft hand brush may be employed on surfaces other than the face. Prepare a fresh solution for each (cadaver) remains or when solution becomes visibly dirty or diluted\r\nCarpets: 1/2 oz. per gallon of shampoo solution eliminates odors associated with urine, vomit, smoke, and mildew. Reapply after cleaning for freshening effects. Allow to dry.',NULL,'NA',NULL,NULL,NULL,8,180,25),(61,NULL,'It is a violation of Federal Law to use this product in a manner inconsistent with its labeling.',NULL,'NA',NULL,NULL,NULL,1,181,26),(62,'DIRECTIONS FOR DISINFECTlNG: (Bactericidal, Fungicidal, Virucidal)','For use on hard, non-porous surfaces in animal care facilities such as floors, walls, metal surfaces, stainless steel surfaces, glazed porcelain, and plastic surfaces. Remove gross filth and heavy soil deposits then thoroughly wet surfaces. Use 2 ounces per gallon of water (8 ounces per gallon against canine parvovirus and Porcine parvovirus) for a minimum contact time of 10 minutes in a single application. Can be applied with a cloth, mop, or sponge, as well as by coarse spray or soaking. The use solution is prepared fresh for each use then discarded. Rinsing is not necessary unless floors are to be waxed or polished. This product is not for use on medical device surfaces.',NULL,'NA',NULL,NULL,NULL,2,182,26),(63,'FUNGICIDAL DIRECTIONS:','For use in areas such as locker rooms, dressing rooms, shower and bath areas and exercise facilities follow disinfection directions.',NULL,'NA',NULL,NULL,NULL,3,183,26),(64,'MILDEWSTATIC INSTRUCTIONS:','Will effectively control the growth of mold and mildew plus the odors caused by them when applied to hard, non-porous surfaces such as walls, floors, and table tops. Apply solution (2 ounces per gallon of water) with a cloth, mop, sponge or coarse spray making sure to wet all surfaces completely. Let air dry. Repeat application weekly or when growth reappears.',NULL,'NA',NULL,NULL,NULL,4,184,26),(65,'VETERINARY CLINICS / ANIMAL CARE / ANIMAL LIFE SCIENCE LABORATORIES / ZOOS / PET SHOP / KENNELS / BREEDING AND GROOMING ESTABLISHMENTS / EQUINE FARMS DISINFECTION DIRECTIONS:','For disinfecting the following hard nonporous surfaces: equipment not used for animal food or water, utensils, instruments, cages, kennels, stables, catteries, etc. Remove all animals and feeds from premises, animal transportation vehicles, crates, etc. Remove all litter, droppings and manure from floors, walls and surfaces of facilities occupied or traversed by animals. Thoroughly clean all surfaces with soap or detergent and rinse with water. Saturate surfaces with a solution of 2 oz of KennelSol per gallon of water (or equivalent dilution) (8 ounces per gallon against Canine parvovirus or Porcine parvovirus), using a cloth, mop, sponge, spray, or soaking for a period of 10 minutes. Ventilate buildings and other closed spaces. Do not house animals or employ equipment until treatment has been absorbed, set or dried.',NULL,'NA',NULL,NULL,NULL,5,185,26),(66,'*FOR CANINE PARVOVIRUS (AND PORCINE PARVOVIRUS) ACTIVITY:','KennelSol is effective against Canine Parvovirus (and Porcine parvovirus) at 8 oz. per gallon. Follow Veterinary Practice / Animal Care / Animal Laboratory / Zoos / Pet Shop / Kennels Disinfection Directions.',NULL,'NA',NULL,NULL,NULL,6,186,26),(67,'**SPECIAL INSTRUCTIONS FOR INACTIVATING AVIAN INFLUENZA:','Remove all poultry and feeds from premises, trucks, coops, and crates. Remove all litter and droppings from floors, walls, and surfaces of facilities occupied or traversed by poultry. Empty all troughs, racks, and other feeding and watering appliances. Thoroughly clean all surfaces with soap or detergent and rinse with water. Saturate surfaces with the disinfecting solution (2 oz per gallon of water) (660 ppm active quat) (equivalent use dilution) for a period of 10 minutes. Immerse all halters, ropes and other types of equipment sed in handling and restraining animals as well as forks, shovels, and scrapers used in removing litter and manure. Ventilate buildings, coops, and other closed spaces. Do not house poultry or employ equipment until treatment has been absorbed, set, or dried. Thoroughly scrub treated feed racks, troughs, automatic feeders, fountains, and waterers with soap or detergent, and rinse with potable water before reuse.',NULL,'NA',NULL,NULL,NULL,7,188,26);
/*!40000 ALTER TABLE `s_directionsforusestatement` ENABLE KEYS */;
UNLOCK TABLES;

--
-- Table structure for table `s_generalsection`
--

DROP TABLE IF EXISTS `s_generalsection`;
/*!40101 SET @saved_cs_client     = @@character_set_client */;
/*!40101 SET character_set_client = utf8 */;
CREATE TABLE `s_generalsection` (
  `ID` int(11) NOT NULL,
  `CONTAINERVOLUME` varchar(254) DEFAULT NULL,
  `TITLE` varchar(254) DEFAULT NULL,
  `SUBTITLE` varchar(254) DEFAULT NULL,
  `BOLDITALIC` varchar(1) DEFAULT NULL,
  `SECTIONTYPE` varchar(1) DEFAULT NULL,
  `REVIEWERNOTE` longtext,
  `NOTEBOLDITALIC` varchar(1) DEFAULT NULL,
  `CONTACTNOTE` longtext,
  `NOTETOPHYSICIAN` longtext,
  `SELECTED` varchar(1) DEFAULT NULL,
  `AUTOSEQ` int(11) DEFAULT NULL,
  `FK_ID_M_GENERALSECTION` int(11) DEFAULT NULL,
  `FK_ID_SUBREGLABELCONTENT` int(11) NOT NULL,
  UNIQUE KEY `US_GENERALSECTION_ID_98770` (`ID`),
  UNIQUE KEY `US_GENERALSECTION_ID_627370` (`ID`),
  KEY `SGENERALSECTIONFKIDMGENER10369` (`FK_ID_M_GENERALSECTION`),
  KEY `SGENERALSECTIONFKIDSUBREG10422` (`FK_ID_SUBREGLABELCONTENT`),
  KEY `SGENERALSECTIONFKIDMGENERAL63260` (`FK_ID_M_GENERALSECTION`),
  KEY `SGENERALSECTIONFKIDSUBREGLA63295` (`FK_ID_SUBREGLABELCONTENT`)
) ENGINE=InnoDB DEFAULT CHARSET=utf8;
/*!40101 SET character_set_client = @saved_cs_client */;

--
-- Dumping data for table `s_generalsection`
--

LOCK TABLES `s_generalsection` WRITE;
/*!40000 ALTER TABLE `s_generalsection` DISABLE KEYS */;
INSERT INTO `s_generalsection` VALUES (1,NULL,'PRECAUTIONARY STATEMENTS','HAZARDS TO HUMANS AND DOMESTIC ANIMALS','R','P',NULL,NULL,NULL,NULL,NULL,1,NULL,1),(2,NULL,'FIRST AID',NULL,'R','F',NULL,NULL,'<p>Call a poison control center or doctor for treatment advice.</p>\r\n<p>Have the product container or label with you when calling a poison control center or doctor or going for treatment.</p>','<p><strong>NOTE TO PHYSICIAN: </strong>Probable mucosal damage may contraindicate the use of gastric lavage. Measures against circulatory shock, respiratory depression and convulsion may be needed.</p>',NULL,2,NULL,1),(3,NULL,'ENVIRONMENTAL HAZARDS',NULL,'R','E','(Note to reviewer: If container size is 5 gallons or greater, the following Environmental Hazards statements will be used:)',NULL,NULL,NULL,NULL,3,NULL,1),(4,NULL,'PRECAUTIONARY STATEMENTS','HAZARDS TO HUMANS AND DOMESTIC ANIMALS','R','P',NULL,NULL,NULL,NULL,NULL,1,16,2),(5,NULL,'FIRST AID',NULL,'R','F',NULL,NULL,'<p>Call a poison control center or doctor for treatment advice.</p>\r\n<p>Have the product container or label with you when calling a poison control center or doctor or going for treatment.</p>','<p><strong>NOTE TO PHYSICIAN: </strong>Probable mucosal damage may contraindicate the use of gastric lavage. Measures against circulatory shock, respiratory depression and convulsion may be needed.</p>',NULL,2,17,2),(6,NULL,'ENVIRONMENTAL HAZARDS',NULL,'R','E','(Note to reviewer: If container size is 5 gallons or greater, the following Environmental Hazards statements will be used:)',NULL,NULL,NULL,NULL,3,18,2),(10,NULL,'PRECAUTIONARY STATEMENTS','HAZARDS TO HUMANS AND DOMESTIC ANIMALS','R','P',NULL,NULL,NULL,NULL,NULL,1,20,4),(11,NULL,'FIRST AID',NULL,'R','F',NULL,NULL,'<p>Call a poison control center or doctor for treatment advice.</p>\r\n<p>Have the product container or label with you when calling a poison control center or doctor or going for treatment.</p>','<p><strong>NOTE TO PHYSICIAN: </strong>Probable mucosal damage may contraindicate the use of gastric lavage. Measures against circulatory shock, respiratory depression and convulsion may be needed.</p>',NULL,2,21,4),(12,NULL,'ENVIRONMENTAL HAZARDS',NULL,'R','E','(Note to reviewer: If container size is 5 gallons or greater, the following Environmental Hazards statements will be used:)',NULL,NULL,NULL,NULL,3,22,4),(25,NULL,'PRECAUTIONARY STATEMENTS','HAZARDS TO HUMANS AND DOMESTIC ANIMALS','R','P',NULL,NULL,NULL,NULL,NULL,1,23,5),(26,NULL,'FIRST AID',NULL,'R','F',NULL,NULL,'Call a poison control center or doctor for treatment advice.\r\nHave the product container or label with you when calling a poison control center or doctor or going for treatment.','<p><strong>NOTE TO PHYSICIAN: </strong>Probable mucosal damage may contraindicate the use of gastric lavage. Measures against circulatory shock, respiratory depression and convulsion may be needed.</p>',NULL,2,24,5),(27,NULL,'ENVIRONMENTAL HAZARDS',NULL,'R','E','(Note to reviewer: If container size is 5 gallons or greater, the following Environmental Hazards statements will be used:)',NULL,NULL,NULL,NULL,3,25,5),(43,NULL,'PRECAUTIONARY STATEMENTS','HAZARDS TO HUMANS AND DOMESTIC ANIMALS','R','P',NULL,NULL,NULL,NULL,NULL,1,26,6),(44,NULL,NULL,NULL,'R','F',NULL,NULL,'Call a poison control center or doctor for treatment advice.\r\nHave the product container or label with you when calling a poison control center or doctor or going for treatment.','<p><strong>NOTE TO PHYSICIAN: </strong>Probable mucosal damage may contraindicate the use of gastric lavage. Measures against circulatory shock, respiratory depression and convulsion may be needed.</p>',NULL,2,27,6),(45,NULL,'ENVIRONMENTAL HAZARDS',NULL,'R','E','(Note to reviewer: If container size is 5 gallons or greater, the following Environmental Hazards statements will be used:)',NULL,NULL,NULL,NULL,3,28,6);
/*!40000 ALTER TABLE `s_generalsection` ENABLE KEYS */;
UNLOCK TABLES;

--
-- Table structure for table `s_generalstatement`
--

DROP TABLE IF EXISTS `s_generalstatement`;
/*!40101 SET @saved_cs_client     = @@character_set_client */;
/*!40101 SET character_set_client = utf8 */;
CREATE TABLE `s_generalstatement` (
  `ID` int(11) NOT NULL,
  `TITLE` varchar(254) DEFAULT NULL,
  `z_TEXT` longtext,
  `BOLDITALIC` varchar(1) DEFAULT NULL,
  `SELECTED` varchar(1) DEFAULT NULL,
  `AUTOSEQ` int(11) DEFAULT NULL,
  `FK_ID_M_GENERALSTATEMENT` int(11) DEFAULT NULL,
  `FK_ID_S_GENERALSECTION` int(11) NOT NULL,
  UNIQUE KEY `US_GENERALSTATEMENT_ID_98900` (`ID`),
  UNIQUE KEY `US_GENERALSTATEMENT_ID_627500` (`ID`),
  KEY `SGENERALSTATEMENTFKIDMGEN10366` (`FK_ID_M_GENERALSTATEMENT`),
  KEY `SGENERALSTATEMENTFKIDSGEN10423` (`FK_ID_S_GENERALSECTION`),
  KEY `SGENERALSTATEMENTFKIDMGENER63257` (`FK_ID_M_GENERALSTATEMENT`),
  KEY `SGENERALSTATEMENTFKIDSGENER63296` (`FK_ID_S_GENERALSECTION`)
) ENGINE=InnoDB DEFAULT CHARSET=utf8;
/*!40101 SET character_set_client = @saved_cs_client */;

--
-- Dumping data for table `s_generalstatement`
--

LOCK TABLES `s_generalstatement` WRITE;
/*!40000 ALTER TABLE `s_generalstatement` DISABLE KEYS */;
INSERT INTO `s_generalstatement` VALUES (1,NULL,'<p>DANGER. CORROSIVE. Causes irreversible eye damage and skin burns. Harmful if swallowed. Do not get in eyes, on skin, or on clothing. Wear protective eyewear (goggles, face shield or safety glasses), protective clothing and protective gloves (rubber or chemical resistant). Harmful if inhaled. Wash thoroughly with soap and water after handling. Remove contaminated clothing and wash clothing before reuse.</p>','R','N',NULL,NULL,1),(2,NULL,'If on skin or clothing\n   - Take off contaminated clothing.\n   - Rinse skin immediately with plenty of water for 15-20 minutes.',NULL,'N',1,NULL,2),(3,NULL,'If swallowed\n   - Call a poison control center or doctor immediately for treatment advice.\n   - Have person sip a glass of water if able to swallow.\n   - Do not induce vomiting unless told to do so by the poison control center or doctor.\n   - Do not give anything by mouth to an unconscious person.',NULL,'N',2,NULL,2),(4,NULL,'If inhaled\n   - Move person to fresh air.\n   - If person is not breathing, call 911 or an ambulance, then give artificial respiration, preferably by mouth-to-mouth, if possible.',NULL,'N',3,NULL,2),(5,NULL,'If in eyes\n   - Hold eye open and rinse slowly and gently with water for 15-20 minutes.\n   - Remove contact lenses, if present, after the first 5 minutes, then continue rinsing eye.',NULL,'N',4,NULL,2),(6,NULL,'<p>Do not discharge effluent containing this product into lakes, streams, ponds, estuaries, oceans, or other waters unless in accordance with the requirements of a National Pollutant Discharge Elimination System (NPDES) permit and the permitting authority has been notified in writing prior to discharge. Do not discharge effluent containing this product to sewer systems without previously notifying the local sewage treatment plant authority. For guidance contact your State Water Board or Regional Office of the EPA.</p>','R',NULL,NULL,NULL,3),(7,NULL,'DANGER. CORROSIVE. Causes irreversible eye damage and skin burns. Harmful if swallowed. Do not get in eyes, on skin, or on clothing. Wear protective eyewear (goggles, face shield or safety glasses), protective clothing and protective gloves (rubber or chemical resistant). Harmful if inhaled. Wash thoroughly with soap and water after handling. Remove contaminated clothing and wash clothing before reuse.','R',NULL,NULL,31,4),(8,NULL,'If on skin or clothing\n   - Take off contaminated clothing.\n   - Rinse skin immediately with plenty of water for 15-20 minutes.',NULL,NULL,1,32,5),(9,NULL,'If swallowed\n   - Call a poison control center or doctor immediately for treatment advice.\n   - Have person sip a glass of water if able to swallow.\n   - Do not induce vomiting unless told to do so by the poison control center or doctor.\n   - Do not give anything by mouth to an unconscious person.',NULL,NULL,2,33,5),(10,NULL,'If inhaled\n   - Move person to fresh air.\n   - If person is not breathing, call 911 or an ambulance, then give artificial respiration, preferably by mouth-to-mouth, if possible.',NULL,NULL,3,34,5),(11,NULL,'If in eyes\r\n   - Hold eye open and rinse slowly and gently with water for 15-20 minutes.\r\n   - Remove contact lenses, if present, after the first 5 minutes, then continue rinsing eye.',NULL,NULL,4,35,5),(12,NULL,'Do not discharge effluent containing this product into lakes, streams, ponds, estuaries, oceans, or other waters unless in accordance with the requirements of a National Pollutant Discharge Elimination System (NPDES) permit and the permitting authority has been notified in writing prior to discharge. Do not discharge effluent containing this product to sewer systems without previously notifying the local sewage treatment plant authority. For guidance contact your State Water Board or Regional Office of the EPA.','R',NULL,NULL,36,6),(19,NULL,'DANGER. CORROSIVE. Causes irreversible eye damage and skin burns. Harmful if swallowed. Do not get in eyes, on skin, or on clothing. Wear protective eyewear (goggles, face shield or safety glasses), protective clothing and protective gloves (rubber or chemical resistant). Harmful if inhaled. Wash thoroughly with soap and water after handling. Remove contaminated clothing and wash clothing before reuse.','R',NULL,NULL,41,10),(20,NULL,'If on skin or clothing\n   - Take off contaminated clothing.\n   - Rinse skin immediately with plenty of water for 15-20 minutes.',NULL,NULL,1,42,11),(21,NULL,'If swallowed\n   - Call a poison control center or doctor immediately for treatment advice.\n   - Have person sip a glass of water if able to swallow.\n   - Do not induce vomiting unless told to do so by the poison control center or doctor.\n   - Do not give anything by mouth to an unconscious person.',NULL,NULL,2,43,11),(22,NULL,'If inhaled\n   - Move person to fresh air.\n   - If person is not breathing, call 911 or an ambulance, then give artificial respiration, preferably by mouth-to-mouth, if possible.',NULL,NULL,3,44,11),(23,NULL,'If in eyes\r\n   - Hold eye open and rinse slowly and gently with water for 15-20 minutes.\r\n   - Remove contact lenses, if present, after the first 5 minutes, then continue rinsing eye.',NULL,NULL,4,45,11),(24,NULL,'Do not discharge effluent containing this product into lakes, streams, ponds, estuaries, oceans, or other waters unless in accordance with the requirements of a National Pollutant Discharge Elimination System (NPDES) permit and the permitting authority has been notified in writing prior to discharge. Do not discharge effluent containing this product to sewer systems without previously notifying the local sewage treatment plant authority. For guidance contact your State Water Board or Regional Office of the EPA.','R',NULL,NULL,46,12),(49,NULL,'DANGER. CORROSIVE. Causes irreversible eye damage and skin burns. Harmful if swallowed. Do not get in eyes, on skin, or on clothing. Wear protective eyewear (goggles, face shield or safety glasses), protective clothing and protective gloves (rubber or chemical resistant). Harmful if inhaled. Wash thoroughly with soap and water after handling. Remove contaminated clothing and wash clothing before reuse.','R',NULL,NULL,47,25),(50,NULL,'If on skin or clothing\r\n   - Take off contaminated clothing.\r\n   - Rinse skin immediately with plenty of water for 15-20 minutes.',NULL,NULL,1,48,26),(51,NULL,'If swallowed\r\n   - Call a poison control center or doctor immediately for treatment advice.\r\n   - Have person sip a glass of water if able to swallow.\r\n   - Do not induce vomiting unless told to do so by the poison control center or doctor.\r\n   - Do not give anything by mouth to an unconscious person.',NULL,NULL,2,49,26),(52,NULL,'If inhaled\r\n   - Move person to fresh air.\r\n   - If person is not breathing, call 911 or an ambulance, then give artificial respiration, preferably by mouth-to-mouth, if possible.',NULL,NULL,3,50,26),(53,NULL,'If in eyes\r\n   - Hold eye open and rinse slowly and gently with water for 15-20 minutes.\r\n   - Remove contact lenses, if present, after the first 5 minutes, then continue rinsing eye.',NULL,NULL,4,51,26),(54,NULL,'Do not discharge effluent containing this product into lakes, streams, ponds, estuaries, oceans, or other waters unless in accordance with the requirements of a National Pollutant Discharge Elimination System (NPDES) permit and the permitting authority has been notified in writing prior to discharge. Do not discharge effluent containing this product to sewer systems without previously notifying the local sewage treatment plant authority. For guidance contact your State Water Board or Regional Office of the EPA.','R',NULL,NULL,52,27),(85,NULL,'DANGER. CORROSIVE. Causes irreversible eye damage and skin burns. Harmful if swallowed. Do not get in eyes, on skin, or on clothing. Wear protective eyewear (goggles, face shield or safety glasses), protective clothing and protective gloves (rubber or chemical resistant). Harmful if inhaled. Wash thoroughly with soap and water after handling. Remove contaminated clothing and wash clothing before reuse.','R',NULL,NULL,53,43),(86,'If in eyes:','Hold eye open and rinse slowly and gently with water for 15  20 minutes. Remove contact lenses, if present, after the first 5 minutes, then continue rinsing eye.',NULL,NULL,1,54,44),(87,'If on skin or clothing:','Take off contaminated clothing. Rinse skin immediately with plenty of water for 15  20 minutes.',NULL,NULL,2,55,44),(88,'If swallowed:','Call a poison control center or doctor immediately for treatment advice. Have person sip a glass of water if able to swallow. Do not induce vomiting unless told to do so by the poison control center or doctor. Do not give anything by mouth to an unconscious person.',NULL,NULL,3,56,44),(89,'If inhaled:','Move person to fresh air. If person is not breathing, call 911 or an ambulance, then give artificial respiration, preferably by mouth-to-mouth, if possible. Call a poison control center or doctor for treatment advice. Have the product container or label with you when calling a poison control center or doctor or going for treatment. NOTE TO PHYSICIAN: Probable mucosal damage may contraindicate the use of gastric lavage. Measures against circulatory shock, respiratory depression and convulsion may be needed.ove contact lenses, if present, after the first 5 minutes, then continue rinsing eye.',NULL,NULL,4,57,44),(90,NULL,'Do not discharge effluent containing this product into lakes, streams, ponds, estuaries, oceans, or other waters unless in accordance with the requirements of a National Pollutant Discharge Elimination System (NPDES) permit and the permitting authority has been notified in writing prior to discharge. Do not discharge effluent containing this product to sewer systems without previously notifying the local sewage treatment plant authority. For guidance contact your State Water Board or Regional Office of the EPA.','R',NULL,NULL,58,45);
/*!40000 ALTER TABLE `s_generalstatement` ENABLE KEYS */;
UNLOCK TABLES;

--
-- Table structure for table `s_humanhazardsection`
--

DROP TABLE IF EXISTS `s_humanhazardsection`;
/*!40101 SET @saved_cs_client     = @@character_set_client */;
/*!40101 SET character_set_client = utf8 */;
CREATE TABLE `s_humanhazardsection` (
  `ID` int(11) NOT NULL,
  `EPA_SIGNALWORD` varchar(32) DEFAULT NULL,
  `EPA_CHILDHAZARDWARNING` varchar(1) DEFAULT NULL,
  `PRECAUTIONARYSTATEMENT` longtext,
  `BOLDITALIC` varchar(1) DEFAULT NULL,
  `LOCATION1` varchar(254) DEFAULT NULL,
  `LOCATION2` varchar(254) DEFAULT NULL,
  `LOCATION3` varchar(254) DEFAULT NULL,
  `LOCATION4` varchar(254) DEFAULT NULL,
  `LOCATION5` varchar(254) DEFAULT NULL,
  `SELECTED` varchar(1) DEFAULT NULL,
  `AUTOSEQ` int(11) DEFAULT NULL,
  `FK_ID_M_HUMANHAZARDSECTION` int(11) DEFAULT NULL,
  `FK_ID_SUBREGLABELCONTENT` int(11) NOT NULL,
  UNIQUE KEY `US_HUMANHAZARDSECTION_ID_98960` (`ID`),
  UNIQUE KEY `US_HUMANHAZARDSECTION_ID_627570` (`ID`),
  KEY `SHUMANHAZARDSECTIONFKIDMH10413` (`FK_ID_M_HUMANHAZARDSECTION`),
  KEY `SHUMANHAZARDSECTIONFKIDSU10426` (`FK_ID_SUBREGLABELCONTENT`),
  KEY `SHUMANHAZARDSECTIONFKIDMHUM63287` (`FK_ID_M_HUMANHAZARDSECTION`),
  KEY `SHUMANHAZARDSECTIONFKIDSUBR63299` (`FK_ID_SUBREGLABELCONTENT`)
) ENGINE=InnoDB DEFAULT CHARSET=utf8;
/*!40101 SET character_set_client = @saved_cs_client */;

--
-- Dumping data for table `s_humanhazardsection`
--

LOCK TABLES `s_humanhazardsection` WRITE;
/*!40000 ALTER TABLE `s_humanhazardsection` DISABLE KEYS */;
INSERT INTO `s_humanhazardsection` VALUES (1,'DANGER','U','See {{Precautionary Position}} Panel for Precautionary Statements and First Aid','R','right','left','side','back',NULL,NULL,NULL,NULL,1),(2,'DANGER','U','See {{Precautionary Position}} Panel for Precautionary Statements and First Aid','R','right','left','side','back',NULL,NULL,NULL,6,2),(4,'DANGER','U','See {{Precautionary Position}} Panel for Precautionary Statements and First Aid','R','right','left','side','back',NULL,NULL,NULL,7,4),(5,'DANGER','U','See {{Precautionary Position}} Panel for Precautionary Statements and First Aid','R','right','left','side','back',NULL,NULL,NULL,8,5),(6,'DANGER','U','See {{Precautionary Position}} Panel for Precautionary Statements and First Aid','R','right','left','side','back',NULL,NULL,NULL,9,6);
/*!40000 ALTER TABLE `s_humanhazardsection` ENABLE KEYS */;
UNLOCK TABLES;

--
-- Table structure for table `s_ingredientssection`
--

DROP TABLE IF EXISTS `s_ingredientssection`;
/*!40101 SET @saved_cs_client     = @@character_set_client */;
/*!40101 SET character_set_client = utf8 */;
CREATE TABLE `s_ingredientssection` (
  `ID` int(11) NOT NULL,
  `ACTIVETITLE` varchar(254) DEFAULT NULL,
  `ACTIVEBOLDITALIC` varchar(1) DEFAULT NULL,
  `ARSENICPRECAUTIONARYTEXT` varchar(254) DEFAULT NULL,
  `INERTTITLE` varchar(254) DEFAULT NULL,
  `INERTBOLDITALIC` varchar(1) DEFAULT NULL,
  `REVIEWERNOTE` longtext,
  `GENERALINACTIVEPERCENT` double DEFAULT NULL,
  `SELECTED` varchar(1) DEFAULT NULL,
  `AUTOSEQ` int(11) DEFAULT NULL,
  `FK_ID_SUBREGLABELCONTENT` int(11) NOT NULL,
  `FK_ID_M_INGREDIENTSSECTION` int(11) DEFAULT NULL,
  UNIQUE KEY `US_INGREDIENTSSECTION_ID_99090` (`ID`),
  UNIQUE KEY `US_INGREDIENTSSECTION_ID_627700` (`ID`),
  KEY `SINGREDIENTSSECTIONFKIDSU10424` (`FK_ID_SUBREGLABELCONTENT`),
  KEY `SINGREDIENTSSECTIONFKIDMI10443` (`FK_ID_M_INGREDIENTSSECTION`),
  KEY `SINGREDIENTSSECTIONFKIDSUBR63297` (`FK_ID_SUBREGLABELCONTENT`),
  KEY `SINGREDIENTSSECTIONFKIDMING63309` (`FK_ID_M_INGREDIENTSSECTION`)
) ENGINE=InnoDB DEFAULT CHARSET=utf8;
/*!40101 SET character_set_client = @saved_cs_client */;

--
-- Dumping data for table `s_ingredientssection`
--

LOCK TABLES `s_ingredientssection` WRITE;
/*!40000 ALTER TABLE `s_ingredientssection` DISABLE KEYS */;
INSERT INTO `s_ingredientssection` VALUES (1,'Active Ingredients:','R',NULL,'Inert Ingredients:',NULL,NULL,83.1,NULL,NULL,1,NULL),(2,'Active Ingredients:','R',NULL,'Inert Ingredients:',NULL,NULL,83.1,NULL,NULL,2,6),(4,'Active Ingredients:','R',NULL,'Inert Ingredients:',NULL,NULL,83.1,NULL,NULL,4,7),(9,'Active Ingredients:','R',NULL,'Inert Ingredients:',NULL,NULL,83.1,NULL,1,5,8),(15,'Active Ingredients:','R',NULL,'Inert Ingredients:',NULL,NULL,95.775,NULL,1,6,9);
/*!40000 ALTER TABLE `s_ingredientssection` ENABLE KEYS */;
UNLOCK TABLES;

--
-- Table structure for table `s_ingredientsstatement`
--

DROP TABLE IF EXISTS `s_ingredientsstatement`;
/*!40101 SET @saved_cs_client     = @@character_set_client */;
/*!40101 SET character_set_client = utf8 */;
CREATE TABLE `s_ingredientsstatement` (
  `ID` int(11) NOT NULL,
  `CHEMICALNAME` varchar(254) NOT NULL,
  `COMMONNAME` varchar(254) DEFAULT NULL,
  `BOLDITALIC` varchar(1) DEFAULT NULL,
  `ACTIVE` varchar(1) NOT NULL,
  `PROMPT` varchar(254) DEFAULT NULL,
  `z_PERCENT` double DEFAULT NULL,
  `SELECTED` varchar(1) DEFAULT NULL,
  `AUTOSEQ` int(11) DEFAULT NULL,
  `FK_ID_S_INGREDIENTSSECTION` int(11) NOT NULL,
  `FK_ID_M_INGREDIENTSSTATEMENT` int(11) DEFAULT NULL,
  UNIQUE KEY `US_INGREDIENTSSTATEMENT_ID9920` (`ID`),
  UNIQUE KEY `US_INGREDIENTSSTATEMENT_ID_62781` (`ID`),
  KEY `SINGREDIENTSSTATEMENTFKID10425` (`FK_ID_S_INGREDIENTSSECTION`),
  KEY `SINGREDIENTSSTATEMENTFKID10446` (`FK_ID_M_INGREDIENTSSTATEMENT`),
  KEY `SINGREDIENTSSTATEMENTFKIDSI63298` (`FK_ID_S_INGREDIENTSSECTION`),
  KEY `SINGREDIENTSSTATEMENTFKIDMI63312` (`FK_ID_M_INGREDIENTSSTATEMENT`)
) ENGINE=InnoDB DEFAULT CHARSET=utf8;
/*!40101 SET character_set_client = @saved_cs_client */;

--
-- Dumping data for table `s_ingredientsstatement`
--

LOCK TABLES `s_ingredientsstatement` WRITE;
/*!40000 ALTER TABLE `s_ingredientsstatement` DISABLE KEYS */;
INSERT INTO `s_ingredientsstatement` VALUES (1,'<p>Didecyl dimethyl ammonium chloride n-Alkyll</p>',NULL,'R','A',NULL,10.14,NULL,1,1,NULL),(2,'<p>dimethyl benzyl ammonium chloride (C<sub>14</sub> 50%, C<sub>12</sub> 40%, C<sub>16</sub> 10%)</p>',NULL,'R','A',NULL,6.76,NULL,2,1,NULL),(3,'Didecyl dimethyl ammonium chloride n-Alkyll',NULL,'R','A',NULL,10.14,NULL,1,2,11),(4,'dimethyl benzyl ammonium chloride (C<sub>14</sub> 50%, C<sub>12</sub> 40%, C<sub>16</sub> 10%)',NULL,'R','A',NULL,6.76,NULL,2,2,12),(7,'Didecyl dimethyl ammonium chloride n-Alkyll',NULL,'R','A',NULL,10.14,NULL,1,4,13),(8,'dimethyl benzyl ammonium chloride (C<sub>14</sub> 50%, C<sub>12</sub> 40%, C<sub>16</sub> 10%)',NULL,'R','A',NULL,6.76,NULL,2,4,14),(17,'Didecyl dimethyl ammonium chloride n-Alkyll',NULL,'R','A',NULL,10.14,NULL,1,9,15),(18,'dimethyl benzyl ammonium chloride (C<sub>14</sub> 50%, C<sub>12</sub> 40%, C<sub>16</sub> 10%)',NULL,'R','A',NULL,6.76,NULL,2,9,16),(29,'Didecyl dimethyl ammonium chloride',NULL,'R','A',NULL,2.535,NULL,1,15,17),(30,'n-Alkyll (C<sub>14</sub> 50%, C<sub>12</sub> 40%, C<sub>16</sub> 10%) dimethyl benzyl ammonium chloride',NULL,'R','A',NULL,1.69,NULL,2,15,18);
/*!40000 ALTER TABLE `s_ingredientsstatement` ENABLE KEYS */;
UNLOCK TABLES;

--
-- Table structure for table `s_marketingsection`
--

DROP TABLE IF EXISTS `s_marketingsection`;
/*!40101 SET @saved_cs_client     = @@character_set_client */;
/*!40101 SET character_set_client = utf8 */;
CREATE TABLE `s_marketingsection` (
  `ID` int(11) NOT NULL,
  `NAME` text,
  `TITLE` varchar(254) DEFAULT NULL,
  `SUBTITLE` varchar(254) DEFAULT NULL,
  `BOLDITALIC` varchar(1) DEFAULT NULL,
  `REVIEWERNOTE` longtext,
  `NOTEBOLDITALIC` varchar(1) DEFAULT NULL,
  `SELECTED` varchar(1) DEFAULT NULL,
  `AUTOSEQ` int(11) DEFAULT NULL,
  `FK_ID_S_MARKETINGSECTION` int(11) DEFAULT NULL,
  `FK_ID_M_MARKETINGSECTION` int(11) DEFAULT NULL,
  `FK_ID_SUBREGLABELCONTENT` int(11) NOT NULL,
  UNIQUE KEY `US_MARKETINGSECTION_ID_99300` (`ID`),
  UNIQUE KEY `US_MARKETINGSECTION_ID_627910` (`ID`),
  KEY `SMARKETINGSECTIONFKIDSMAR10314` (`FK_ID_S_MARKETINGSECTION`),
  KEY `SMARKETINGSECTIONFKIDMMAR10418` (`FK_ID_M_MARKETINGSECTION`),
  KEY `SMARKETINGSECTIONFKIDSUBR10441` (`FK_ID_SUBREGLABELCONTENT`),
  KEY `SMARKETINGSECTIONFKIDSMARKE63210` (`FK_ID_S_MARKETINGSECTION`),
  KEY `SMARKETINGSECTIONFKIDMMARKE63292` (`FK_ID_M_MARKETINGSECTION`),
  KEY `SMARKETINGSECTIONFKIDSUBREG63307` (`FK_ID_SUBREGLABELCONTENT`)
) ENGINE=InnoDB DEFAULT CHARSET=utf8;
/*!40101 SET character_set_client = @saved_cs_client */;

--
-- Dumping data for table `s_marketingsection`
--

LOCK TABLES `s_marketingsection` WRITE;
/*!40000 ALTER TABLE `s_marketingsection` DISABLE KEYS */;
INSERT INTO `s_marketingsection` VALUES (1,NULL,'Application Areas of Use',NULL,'R','(Note to reviewer: The following is considered optional marketing language:)',NULL,NULL,NULL,NULL,NULL,1),(2,NULL,'Organism Claims:','Effective against the following pathogens:','R','(Note to reviewer: The following is considered optional marketing language:)',NULL,NULL,NULL,NULL,NULL,1),(3,NULL,'(AREAS OF USE:)','Use Formulation HWS-256 in:','R','(Note to reviewer:  The following is considered optional marketing language:)',NULL,NULL,NULL,NULL,NULL,1),(4,NULL,'(TYPES OF SURFACES:)','Use Formulation HWS-256 on washable hard, nonporous surfaces of: ','R','(Note to reviewer:  The following is considered optional marketing language:)',NULL,NULL,NULL,NULL,NULL,1),(5,'General Use','For use in:',NULL,NULL,NULL,NULL,NULL,NULL,NULL,13,2),(6,'Recommended Use','Recommended for use in: ',NULL,NULL,NULL,NULL,NULL,NULL,NULL,14,2),(7,'Germicidal Detergent',NULL,NULL,NULL,NULL,NULL,NULL,NULL,NULL,16,2),(8,'General Use 2',NULL,NULL,NULL,NULL,NULL,NULL,NULL,NULL,15,2),(9,'Bactericidal Claims',NULL,NULL,NULL,NULL,NULL,NULL,NULL,NULL,17,2),(10,'Fungicidal',NULL,NULL,NULL,NULL,NULL,NULL,NULL,NULL,18,2),(11,'Virucidal',NULL,NULL,NULL,NULL,NULL,NULL,NULL,NULL,19,2),(12,'General Application','Application Areas of Use',NULL,'R','(Note to reviewer: The following is considered optional marketing language:)',NULL,NULL,NULL,NULL,9,2),(35,'Recommended Use',NULL,NULL,NULL,NULL,NULL,NULL,NULL,NULL,20,4),(36,'Areas of Use','AREAS OF USE',NULL,NULL,NULL,NULL,NULL,NULL,NULL,21,4),(37,'Bactericidal Claims',NULL,NULL,NULL,NULL,NULL,NULL,NULL,NULL,24,4),(68,'Recommended Use',NULL,NULL,NULL,NULL,NULL,NULL,NULL,NULL,28,5),(69,'Areas of Use','AREAS OF USE',NULL,NULL,NULL,NULL,NULL,NULL,NULL,29,5),(70,'Germicidal Detergent',NULL,NULL,NULL,NULL,NULL,NULL,NULL,NULL,32,5),(71,'Bactericidal Claims',NULL,NULL,NULL,NULL,NULL,NULL,NULL,NULL,30,5),(80,'Germicidal Detergent',NULL,NULL,NULL,NULL,NULL,NULL,NULL,NULL,35,6),(81,'For Use Areas / Surfaces',NULL,NULL,NULL,NULL,NULL,NULL,NULL,NULL,33,6),(82,'For Use Areas Only','For use in:',NULL,NULL,NULL,NULL,NULL,NULL,NULL,37,6),(83,'Multi-Purpose Detergent',NULL,NULL,NULL,NULL,NULL,NULL,NULL,NULL,38,6),(84,'Recommended Use','Recommeded for use in:',NULL,NULL,NULL,NULL,NULL,NULL,NULL,34,6),(85,'Bactericidal Claims',NULL,NULL,NULL,NULL,NULL,NULL,NULL,NULL,36,6),(86,'Fungicidal',NULL,NULL,NULL,NULL,NULL,NULL,NULL,NULL,39,6),(87,'Virucidal',NULL,NULL,NULL,NULL,NULL,NULL,NULL,NULL,40,6);
/*!40000 ALTER TABLE `s_marketingsection` ENABLE KEYS */;
UNLOCK TABLES;

--
-- Table structure for table `s_marketingstatement`
--

DROP TABLE IF EXISTS `s_marketingstatement`;
/*!40101 SET @saved_cs_client     = @@character_set_client */;
/*!40101 SET character_set_client = utf8 */;
CREATE TABLE `s_marketingstatement` (
  `ID` int(11) NOT NULL,
  `TITLE` varchar(254) DEFAULT NULL,
  `z_TEXT` longtext,
  `BOLDITALIC` varchar(1) DEFAULT NULL,
  `SELECTED` varchar(1) DEFAULT NULL,
  `AUTOSEQ` int(11) DEFAULT NULL,
  `FK_ID_S_MARKETINGSTATEMENT` int(11) DEFAULT NULL,
  `FK_ID_S_MARKETINGSECTION` int(11) NOT NULL,
  `FK_ID_M_MARKETINGSTATEMENT` int(11) DEFAULT NULL,
  UNIQUE KEY `US_MARKETINGSTATEMENT_ID_99390` (`ID`),
  UNIQUE KEY `US_MARKETINGSTATEMENT_ID_628010` (`ID`),
  KEY `SMARKETINGSTATEMENTFKIDSM10315` (`FK_ID_S_MARKETINGSTATEMENT`),
  KEY `SMARKETINGSTATEMENTFKIDSM10338` (`FK_ID_S_MARKETINGSECTION`),
  KEY `SMARKETINGSTATEMENTFKIDMM10419` (`FK_ID_M_MARKETINGSTATEMENT`),
  KEY `SMARKETINGSTATEMENTFKIDSMAR63212` (`FK_ID_S_MARKETINGSTATEMENT`),
  KEY `SMARKETINGSTATEMENTFKIDSMAR63229` (`FK_ID_S_MARKETINGSECTION`),
  KEY `SMARKETINGSTATEMENTFKIDMMAR63293` (`FK_ID_M_MARKETINGSTATEMENT`)
) ENGINE=InnoDB DEFAULT CHARSET=utf8;
/*!40101 SET character_set_client = @saved_cs_client */;

--
-- Dumping data for table `s_marketingstatement`
--

LOCK TABLES `s_marketingstatement` WRITE;
/*!40000 ALTER TABLE `s_marketingstatement` DISABLE KEYS */;
INSERT INTO `s_marketingstatement` VALUES (1,NULL,'<p> </p>\r\n<ul>\r\n<li>\r\n<p class=\"western\" align=\"JUSTIFY\"><font face=\"Arial, sans-serif\"><font size=\"3\">Concentrate (Concentrated)</font></font></p>\r\n</li>\r\n<li>\r\n<p class=\"western\" align=\"JUSTIFY\"><font face=\"Arial, sans-serif\"><font size=\"3\">Neutral (Neutral pH)</font></font></p>\r\n</li>\r\n<li>\r\n<p class=\"western\" align=\"JUSTIFY\"><font face=\"Arial, sans-serif\"><font size=\"3\">Disinfects (Disinfectant)</font></font></p>\r\n</li>\r\n<li>\r\n<p class=\"western\" align=\"JUSTIFY\"><font face=\"Arial, sans-serif\"><font size=\"3\">Cleans (Cleaner)</font></font></p>\r\n</li>\r\n<li>\r\n<p class=\"western\" align=\"JUSTIFY\"><font face=\"Arial, sans-serif\"><font size=\"3\">Deodorizes (Deodorizer)</font></font></p>\r\n</li>\r\n</ul>\r\n<p> </p>','R',NULL,1,NULL,1,NULL),(2,NULL,'<p><font face=\"Times New Roman, serif\"><font size=\"3\"><font face=\"Arial, sans-serif\">A multi-purpose, neutral pH, germicidal detergent and deodorant effective in hard water up to 400 ppm (calculated as CaCO</font><sub><font face=\"Arial, sans-serif\">3</font></sub><font face=\"Arial, sans-serif\">) in the presence of a moderate amount of soil (5% organic serum) according to the AOAC Use-dilution Test. Disinfects, cleans, and deodorizes in one labor-saving step.</font></font></font></p>','R',NULL,2,NULL,1,NULL),(3,NULL,'<p><font size=\"2\">Recommended for use in hospitals, nursing homes, schools, colleges, commercial and industrial institutions, office buildings, veterinary clinics, animal life science laboratories, zoos, federally inspected meat and poultry plants, equine farms, tack shops, pet shops, airports, kennels, hotels, motels, poultry farms, turkey farms, dairy farms, hog farms, breeding establishments, grooming establishments, funeral homes, and households. Use to clean and disinfect non-medical (i.e. industrial and fire-fighting) respirators in industrial, commercial and institutional premises.</font></p>','R',NULL,3,NULL,1,NULL),(4,NULL,'<p><font face=\"Times New Roman, serif\"><font size=\"3\"><font face=\"Arial, sans-serif\">Disinfects, cleans, and deodorizes the following hard nonporous inanimate surfaces: floors, walls, (</font><font face=\"Arial, sans-serif\"><em>non-medical)</em></font><font face=\"Arial, sans-serif\">metal surfaces, (</font><font face=\"Arial, sans-serif\"><em>non-medical)</em></font><font face=\"Arial, sans-serif\">stainless steel surfaces, glazed porcelain, plastic surfaces (such as polypropylene, polystyrene, etc.).</font></font></font></p>','R',NULL,4,NULL,1,NULL),(5,NULL,'<p><font face=\"Arial, sans-serif\"><font size=\"3\">Use [on] [to clean and disinfect] nonporous athletic mats, wrestling mats, gymnastic mats, exercise equipment and training tables.</font></font></p>','R',NULL,5,NULL,1,NULL),(6,NULL,'<p><font face=\"Arial, sans-serif\"><font size=\"3\">Use [on] [to clean and disinfect] nonporous personal protective safety equipment, wrestling headgear, boxing headgear, protective headgear, athletic helmets, hard hats, half mask respirators, full face breathing apparatus, gas masks, goggles, spectacles, face shields, hearing protectors, and ear muffs. Rinse all equipment that comes in prolonged contact with skin with warm water and allow to air dry before reuse. [Caution: Cleaning at the recommended 120ºF. temperature will avoid overheating and distortion of the personal safety equipment that would necessitate replacement.]</font></font></p>','R',NULL,6,NULL,1,NULL),(7,NULL,'<p><font face=\"Times New Roman, serif\"><font size=\"3\"><font face=\"Arial, sans-serif\">Recommended for use</font><font face=\"Arial, sans-serif\">in:</font></font></font></p>\r\n<ul>\r\n<li>\r\n<p class=\"western\" align=\"JUSTIFY\"><font face=\"Arial, sans-serif\"><font size=\"3\">Federally inspected meat and poultry plants on all hard, nonporous surfaces in inedible product processing areas, non-processing areas, and / or exterior areas. All surfaces must be thoroughly rinsed with potable water.</font></font></p>\r\n</li>\r\n</ul>\r\n<p> </p>\r\n<ul>\r\n<li>\r\n<p class=\"western\" align=\"JUSTIFY\"><font face=\"Arial, sans-serif\"><font size=\"3\">Federally inspected meat and poultry plants as a floor and wall cleaner for use in all departments. Food products and packaging material must be removed from the room or carefully protected. All surfaces must be thoroughly rinsed with potable water.</font></font></p>\r\n</li>\r\n</ul>\r\n<p> </p>\r\n<ul>\r\n<li>\r\n<p class=\"western\" align=\"JUSTIFY\"><font face=\"Arial, sans-serif\"><font size=\"3\">Federally inspected meat and poultry plants as a disinfectant agent for use in all departments. Food products and packaging materials must be removed from the room or carefully protected. Use product in accordance with its label. All surfaces must be thoroughly rinsed with potable water.</font></font></p>\r\n</li>\r\n</ul>','R',NULL,7,NULL,1,NULL),(8,NULL,'<p><font face=\"Arial, sans-serif\"><font size=\"3\">Recommended for use in tanning salons.</font></font></p>','R',NULL,8,NULL,1,NULL),(9,NULL,'<p><font face=\"Arial, sans-serif\"><font size=\"3\">Recommended for use on [tanning beds], [and] [tanning equipment]. </font></font></p>','R',NULL,9,NULL,1,NULL),(10,NULL,'<p><font face=\"Times New Roman, serif\"><font size=\"3\"><font face=\"Arial, sans-serif\"><u><strong>Formulation HWS-256</strong></u></font><font face=\"Arial, sans-serif\"><u> is effective at controlling mold and mildew odor on mattresses, pillows and shower curtains.</u></font></font></font></p>','R',NULL,10,NULL,1,NULL),(11,NULL,'<p><font face=\"Times New Roman, serif\"><font size=\"3\"><font face=\"Arial, sans-serif\"><strong>Formulation HWS-256</strong></font><font face=\"Arial, sans-serif\"> can be used in the laundry to control odors on musty bedding and linens. Test on a small inconspicuous area before using.</font></font></font></p>','R',NULL,11,NULL,1,NULL),(12,NULL,'<p><font face=\"Times New Roman, serif\"><font size=\"3\"><font face=\"Arial, sans-serif\"><strong>Formulation HWS-256</strong></font><font face=\"Arial, sans-serif\"> may be used on mildew stains </font><font face=\"Arial, sans-serif\"><u>in damp areas such as bathrooms, showers, kitchens, basements and laundry rooms. </u></font></font></font></p>','R',NULL,12,NULL,1,NULL),(13,NULL,'<p><font face=\"Times New Roman, serif\"><font size=\"3\"><font face=\"Arial, sans-serif\"><strong>Formulation HWS-256</strong></font><font face=\"Arial, sans-serif\"> may be used in work areas such as tool rooms and garages for odor control and light duty cleaning.</font></font></font></p>','R',NULL,13,NULL,1,NULL),(14,NULL,'<p><font face=\"Times New Roman, serif\"><font size=\"3\"><font face=\"Arial, sans-serif\"><strong>Formulation HWS-256</strong></font><font face=\"Arial, sans-serif\"> may be used to remove odors caused by flooding and smoke from fires.</font></font></font></p>','R',NULL,14,NULL,1,NULL),(15,NULL,'<p><font face=\"Times New Roman, serif\"><font size=\"3\"><font face=\"Arial, sans-serif\"><strong>Formulation HWS-256</strong></font><font face=\"Arial, sans-serif\"> leaves a clean fresh scent.</font></font></font></p>','R',NULL,15,NULL,1,NULL),(16,NULL,'<p><font face=\"Times New Roman, serif\"><font size=\"3\"><font face=\"Arial, sans-serif\"><strong>Formulation HWS-256</strong></font><font face=\"Arial, sans-serif\"> provides long lasting freshness against tough (pet) odors from litter boxes and pet accidents</font><font color=\"#008000\"><font face=\"Arial, sans-serif\">.</font></font></font></font></p>','R',NULL,16,NULL,1,NULL),(17,NULL,'<p style=\"margin-bottom: 0in;\" align=\"JUSTIFY\"><font face=\"Arial, sans-serif\"><font style=\"font-size: 9pt;\" size=\"2\"><em>(Fungi:)</em></font></font></p>\r\n<p style=\"margin-bottom: 0in;\" align=\"JUSTIFY\"><font face=\"Arial, sans-serif\"><font style=\"font-size: 9pt;\" size=\"2\">Aspergillus niger</font></font></p>\r\n<p style=\"margin-bottom: 0in;\" align=\"JUSTIFY\"><font face=\"Arial, sans-serif\"><font style=\"font-size: 9pt;\" size=\"2\">Candida albicans</font></font></p>\r\n<p style=\"margin-bottom: 0in;\" align=\"JUSTIFY\"><font face=\"Arial, sans-serif\"><font style=\"font-size: 9pt;\" size=\"2\">Trichophyton mentagrophytes [Athlete?s Foot Fungus]</font></font></p>\r\n<p style=\"margin-bottom: 0in;\" align=\"JUSTIFY\"><font face=\"Arial, sans-serif\"><font style=\"font-size: 9pt;\" size=\"2\">[a cause of Ringworm] [a cause of Ringworm of the foot]</font></font></p>','R',NULL,1,NULL,2,NULL),(18,NULL,'<p style=\"margin-bottom: 0in;\" align=\"JUSTIFY\"><font face=\"Arial, sans-serif\"><em>(Bacteria:)</em></font></p>\r\n<p style=\"margin-bottom: 0in;\" align=\"JUSTIFY\"><font face=\"Arial, sans-serif\">Pseudomonas aeruginosa</font><sup><font size=\"2\" face=\"Arial, sans-serif\">1</font></sup></p>\r\n<p style=\"margin-bottom: 0in;\" align=\"JUSTIFY\"><font face=\"Arial, sans-serif\">Staphylococcus aureus</font><sup><font size=\"2\" face=\"Arial, sans-serif\">1</font></sup></p>\r\n<p style=\"margin-bottom: 0in;\" align=\"JUSTIFY\"><font face=\"Arial, sans-serif\">Salmonella choleraesuis</font></p>\r\n<p style=\"margin-bottom: 0in;\" align=\"JUSTIFY\"> </p>\r\n<p style=\"margin-bottom: 0in;\" align=\"JUSTIFY\"><font face=\"Arial, sans-serif\">Acinetobacter calcoaceticus</font></p>\r\n<p style=\"margin-bottom: 0in;\" align=\"JUSTIFY\"><font face=\"Arial, sans-serif\">Bordetella bronchiseptica</font></p>\r\n<p style=\"margin-bottom: 0in;\" align=\"JUSTIFY\"><font face=\"Arial, sans-serif\">Chlamydia psittaci</font></p>\r\n<p style=\"margin-bottom: 0in;\" align=\"JUSTIFY\"><font face=\"Arial, sans-serif\">Enterobacter aerogenes</font></p>\r\n<p style=\"margin-bottom: 0in;\" align=\"JUSTIFY\"><font face=\"Arial, sans-serif\">Enterobacter cloacae</font></p>\r\n<p style=\"margin-bottom: 0in;\" align=\"JUSTIFY\"><font face=\"Arial, sans-serif\">Enterococcus faecalis ? Vancomycin Resistant (VRE)</font></p>\r\n<p style=\"margin-bottom: 0in;\" align=\"JUSTIFY\"><font face=\"Arial, sans-serif\">Escherichia coli</font><sup><font size=\"2\" face=\"Arial, sans-serif\">1</font></sup></p>\r\n<p style=\"margin-bottom: 0in;\" align=\"JUSTIFY\"><font face=\"Arial, sans-serif\">Fusobacterium necrophorum</font></p>\r\n<p style=\"margin-bottom: 0in;\" align=\"JUSTIFY\"><font face=\"Arial, sans-serif\">Klebsiella pneumoniae</font><sup><font size=\"2\" face=\"Arial, sans-serif\">1</font></sup></p>\r\n<p style=\"margin-bottom: 0in;\"><font face=\"Arial, sans-serif\">Legionella pneumophila</font></p>\r\n<p style=\"margin-bottom: 0in;\"><font face=\"Arial, sans-serif\">Listeria monocytogenes</font></p>\r\n<p style=\"margin-bottom: 0in;\"><font face=\"Arial, sans-serif\">Pasteurella multocida</font></p>\r\n<p style=\"margin-right: -0.06in; margin-bottom: 0in;\"><font face=\"Arial, sans-serif\">Proteus mirabilis</font></p>\r\n<p style=\"margin-bottom: 0in;\"><font face=\"Arial, sans-serif\">Proteus vulgaris</font></p>\r\n<p style=\"margin-bottom: 0in;\"><font face=\"Arial, sans-serif\">Salmonella enteritidis </font></p>\r\n<p style=\"margin-bottom: 0in;\" align=\"JUSTIFY\"><font face=\"Arial, sans-serif\">Salmonella typhi</font></p>\r\n<p style=\"margin-bottom: 0in;\" align=\"JUSTIFY\"><font face=\"Arial, sans-serif\">Salmonella typhimurium</font></p>\r\n<p style=\"margin-bottom: 0in;\" align=\"JUSTIFY\"><font face=\"Arial, sans-serif\">Serratia marcescens</font></p>\r\n<p style=\"margin-bottom: 0in;\" align=\"JUSTIFY\"><font face=\"Arial, sans-serif\">Shigella flexneri</font></p>\r\n<p style=\"margin-bottom: 0in;\" align=\"JUSTIFY\"><font face=\"Arial, sans-serif\">Shigella sonnei</font></p>\r\n<p style=\"margin-bottom: 0in;\" align=\"JUSTIFY\"><font face=\"Arial, sans-serif\">Staphylococcus aureus ? Methicillin resistant (MRSA)</font></p>\r\n<p style=\"margin-right: -0.15in; margin-bottom: 0in;\"><font face=\"Arial, sans-serif\">Staphylococcus aureus ? Vancomycin Intermediate Resistant (VISA)</font></p>\r\n<p style=\"margin-bottom: 0in;\" align=\"JUSTIFY\"><font face=\"Arial, sans-serif\">Staphylococcus epidermidis</font><sup><font size=\"2\" face=\"Arial, sans-serif\">2</font></sup></p>\r\n<p style=\"margin-bottom: 0in;\" align=\"JUSTIFY\"><font face=\"Arial, sans-serif\">Streptococcus faecalis</font><sup><font size=\"2\" face=\"Arial, sans-serif\">1</font></sup></p>\r\n<p style=\"margin-bottom: 0in;\"><font face=\"Arial, sans-serif\">Streptococcus pyogenes </font><font face=\"Arial, sans-serif\"><span style=\"background: #ffff00;\">[Strep] </span></font></p>\r\n<p style=\"margin-bottom: 0in;\"><font face=\"Arial, sans-serif\"><span style=\"background: #ffff00;\">[a cause of scarlet fever]</span></font></p>\r\n<p style=\"text-indent: 0.82in; margin-bottom: 0in;\" align=\"JUSTIFY\"><sup><font size=\"2\" face=\"Arial, sans-serif\">1</font></sup><font face=\"Arial, sans-serif\"> ATCC &amp; antibiotic-resistant strain</font></p>\r\n<p style=\"text-indent: 0.82in; margin-bottom: 0in;\" align=\"JUSTIFY\"><sup><font size=\"2\" face=\"Arial, sans-serif\">2</font></sup><font face=\"Arial, sans-serif\"> antibiotic-resistant strain only</font></p>','R',NULL,2,NULL,2,NULL),(19,NULL,'<p><em><font face=\"Arial\">(Viruses:)</font></em></p>\r\n<p style=\"margin-bottom: 0in;\" align=\"JUSTIFY\"><font face=\"Arial\">*Adenovirus Type 4</font></p>\r\n<p style=\"margin-bottom: 0in;\" align=\"JUSTIFY\"><font face=\"Arial, sans-serif\"><span style=\"background: #ffff00;\">*Adenovirus Type 7 - at 2 oz. per gallon</span></font></p>\r\n<p style=\"margin-bottom: 0in; margin-left: 0.08in;\" align=\"JUSTIFY\"><font face=\"Arial, sans-serif\"><font style=\"font-size: 8pt;\" size=\"1\"><em><span style=\"background: #ffff00;\">(Note for Reviewer: 2 oz. per gallon dilution disinfection directions must be used if Adenovirus Type 7 is listed on the label)</span></em></font></font></p>\r\n<p style=\"margin-bottom: 0in;\" align=\"JUSTIFY\"><font face=\"Arial, sans-serif\">*Hepatitis B Virus (HBV)</font></p>\r\n<p style=\"margin-bottom: 0in;\" align=\"JUSTIFY\"><font face=\"Arial, sans-serif\">*Hepatitis C Virus (HCV)</font></p>\r\n<p style=\"margin-bottom: 0in;\" align=\"JUSTIFY\"><font face=\"Arial, sans-serif\">*Herpes Simplex Type 1</font></p>\r\n<p style=\"margin-bottom: 0in;\" align=\"JUSTIFY\"><font face=\"Arial, sans-serif\">*Herpes Simplex Type 2</font></p>\r\n<p style=\"margin-bottom: 0in;\" align=\"JUSTIFY\"><font face=\"Arial, sans-serif\">*Human coronavirus</font></p>\r\n<p style=\"margin-bottom: 0in;\" align=\"JUSTIFY\"><font face=\"Arial, sans-serif\">*HIV-1 (AIDS virus)</font></p>\r\n<p style=\"margin-bottom: 0in;\" align=\"JUSTIFY\"><font face=\"Arial, sans-serif\">*Influenza A / Hong Kong</font></p>\r\n<p style=\"margin-bottom: 0in;\"><font face=\"Arial, sans-serif\">*Respiratory Syncytial Virus (RSV)</font></p>\r\n<p style=\"margin-bottom: 0in;\" align=\"JUSTIFY\"><font face=\"Arial, sans-serif\">*Rubella (German Measles)</font></p>\r\n<p style=\"text-indent: -0.2in; margin-bottom: 0in; margin-left: 0.2in;\" align=\"JUSTIFY\"><font face=\"Arial, sans-serif\">*SARS Associated Coronavirus [SARS] [cause of Severe Acute Respiratory Syndrome]</font></p>\r\n<p style=\"margin-bottom: 0in;\" align=\"JUSTIFY\"><font face=\"Arial, sans-serif\">*Vaccinia [Pox virus]</font></p>\r\n<p style=\"margin-bottom: 0in;\" align=\"JUSTIFY\"> </p>\r\n<p style=\"margin-bottom: 0in;\" align=\"JUSTIFY\"><font face=\"Arial, sans-serif\"><em>(Animal Viruses:)</em></font></p>\r\n<p style=\"margin-bottom: 0in;\" align=\"JUSTIFY\"><font face=\"Arial, sans-serif\">*Avian polyomavirus</font></p>\r\n<p style=\"margin-bottom: 0in;\" align=\"JUSTIFY\"><font face=\"Arial, sans-serif\">*Canine distemper</font></p>\r\n<p style=\"margin-bottom: 0in;\" align=\"JUSTIFY\"><font face=\"Arial, sans-serif\">*Feline leukemia</font></p>\r\n<p style=\"margin-bottom: 0in;\" align=\"JUSTIFY\"><font face=\"Arial, sans-serif\">*Feline picornavirus </font></p>\r\n<p style=\"margin-bottom: 0in;\" align=\"JUSTIFY\"><font face=\"Arial, sans-serif\">*Infectious bovine rhinotracheitis</font></p>\r\n<p style=\"margin-bottom: 0in;\" align=\"JUSTIFY\"><font face=\"Arial, sans-serif\">*Infectious bronchitis (Avian IBV)</font></p>\r\n<p style=\"margin-bottom: 0in;\" align=\"JUSTIFY\"><font face=\"Arial, sans-serif\"><span style=\"background: #ffff00;\">* Newcastle Disease</span></font></p>\r\n<p style=\"margin-bottom: 0in;\" align=\"JUSTIFY\"><font face=\"Arial, sans-serif\">*Pseudorabies (PRV)</font></p>\r\n<p style=\"margin-bottom: 0in;\" align=\"JUSTIFY\"><font face=\"Arial, sans-serif\">*Rabies</font></p>\r\n<p style=\"margin-right: -0.06in; margin-bottom: 0in;\"><font face=\"Arial, sans-serif\">*Transmissible gastroenteritis virus (TGE)</font></p>','R',NULL,3,NULL,2,NULL),(20,NULL,'<p style=\"margin-bottom: 0in;\" align=\"JUSTIFY\"><font face=\"Arial, sans-serif\">Bathrooms</font></p>\r\n<p style=\"margin-bottom: 0in;\" align=\"JUSTIFY\"><font face=\"Arial, sans-serif\">Homes (households)</font></p>\r\n<p style=\"margin-bottom: 0in;\" align=\"JUSTIFY\"><font face=\"Arial, sans-serif\">Kitchens</font></p>\r\n<p style=\"margin-bottom: 0in;\" align=\"JUSTIFY\"> </p>\r\n<p style=\"margin-bottom: 0in;\" align=\"JUSTIFY\"><font face=\"Arial, sans-serif\">Dental offices</font></p>\r\n<p style=\"margin-bottom: 0in;\" align=\"JUSTIFY\"><font face=\"Arial, sans-serif\">Health Care Facilities</font></p>\r\n<p style=\"margin-bottom: 0in;\" align=\"JUSTIFY\"><font face=\"Arial, sans-serif\">Hospitals</font></p>\r\n<p style=\"margin-bottom: 0in;\" align=\"JUSTIFY\"><font face=\"Arial, sans-serif\">Medical Offices</font></p>\r\n<p style=\"margin-bottom: 0in;\" align=\"JUSTIFY\"><font face=\"Arial, sans-serif\">Nursing homes</font></p>\r\n<p style=\"margin-bottom: 0in;\" align=\"JUSTIFY\"> </p>\r\n<p style=\"margin-bottom: 0in;\" align=\"JUSTIFY\"><font face=\"Arial, sans-serif\">Day care centers</font></p>\r\n<p style=\"margin-bottom: 0in;\" align=\"JUSTIFY\"><font face=\"Arial, sans-serif\">Nurseries</font></p>\r\n<p style=\"margin-bottom: 0in;\" align=\"JUSTIFY\"> </p>\r\n<p style=\"margin-bottom: 0in;\" align=\"JUSTIFY\"><font face=\"Arial, sans-serif\">Bars</font></p>\r\n<p style=\"margin-bottom: 0in;\" align=\"JUSTIFY\"><font face=\"Arial, sans-serif\">Cafeterias</font></p>\r\n<p style=\"margin-bottom: 0in;\" align=\"JUSTIFY\"><font face=\"Arial, sans-serif\">Convenience stores</font></p>\r\n<p style=\"margin-bottom: 0in;\"><font face=\"Arial, sans-serif\">Food processing plants</font></p>\r\n<p style=\"margin-bottom: 0in;\" align=\"JUSTIFY\"><font face=\"Arial, sans-serif\">Food storage areas</font></p>\r\n<p style=\"margin-bottom: 0in;\" align=\"JUSTIFY\"><font face=\"Arial, sans-serif\">Institutional kitchens</font></p>\r\n<p style=\"margin-bottom: 0in;\" align=\"JUSTIFY\"><font face=\"Arial, sans-serif\">Restaurants</font></p>\r\n<p style=\"margin-bottom: 0in;\"><font face=\"Arial, sans-serif\">USDA inspected food processing facilities</font></p>\r\n<p style=\"margin-bottom: 0in;\" align=\"JUSTIFY\"> </p>\r\n<p style=\"margin-bottom: 0in;\"><font face=\"Arial, sans-serif\">Athletic facilities</font></p>\r\n<p style=\"margin-bottom: 0in;\"><font face=\"Arial, sans-serif\">Barber shops</font></p>\r\n<p style=\"margin-bottom: 0in;\"><font face=\"Arial, sans-serif\">Business and office buildings</font></p>\r\n<p style=\"margin-bottom: 0in;\"><font face=\"Arial, sans-serif\">Colleges</font></p>\r\n<p style=\"margin-bottom: 0in;\" align=\"JUSTIFY\"><font face=\"Arial, sans-serif\">Correctional facilities</font></p>\r\n<p style=\"margin-bottom: 0in;\"><font face=\"Arial, sans-serif\">Dressing rooms</font></p>\r\n<p style=\"margin-bottom: 0in;\"><font face=\"Arial, sans-serif\">Exercise facilities</font></p>\r\n<p style=\"margin-bottom: 0in;\" align=\"JUSTIFY\"><font face=\"Arial, sans-serif\">Factories</font></p>\r\n<p style=\"margin-bottom: 0in;\" align=\"JUSTIFY\"><font face=\"Arial, sans-serif\">Hotels</font></p>\r\n<p style=\"margin-bottom: 0in;\"><font face=\"Arial, sans-serif\">Institutional facilities</font></p>\r\n<p style=\"margin-bottom: 0in;\"><font face=\"Arial, sans-serif\">Institutions</font></p>\r\n<p style=\"margin-bottom: 0in;\"><font face=\"Arial, sans-serif\">Locker rooms</font></p>\r\n<p style=\"margin-bottom: 0in;\"><font face=\"Arial, sans-serif\">Morgues</font></p>\r\n<p style=\"margin-bottom: 0in;\"><font face=\"Arial, sans-serif\">Mortuaries</font></p>\r\n<p style=\"margin-bottom: 0in;\" align=\"JUSTIFY\"><font face=\"Arial, sans-serif\">Motels</font></p>\r\n<p style=\"margin-bottom: 0in;\" align=\"JUSTIFY\"><font face=\"Arial, sans-serif\">Prisons</font></p>\r\n<p style=\"margin-bottom: 0in;\"><font face=\"Arial, sans-serif\">Public facilities</font></p>\r\n<p style=\"margin-bottom: 0in;\"><font face=\"Arial, sans-serif\">Public rest rooms</font></p>\r\n<p style=\"margin-bottom: 0in;\"><font face=\"Arial, sans-serif\">Schools</font></p>\r\n<p style=\"margin-bottom: 0in;\"><font face=\"Arial, sans-serif\">Shower and bath areas</font></p>\r\n<p style=\"margin-bottom: 0in;\" align=\"JUSTIFY\"><font face=\"Arial, sans-serif\">Salons (Beauty)</font></p>\r\n<p style=\"margin-bottom: 0in;\" align=\"JUSTIFY\"><font face=\"Arial, sans-serif\">Tanning Salons</font></p>\r\n<p style=\"margin-bottom: 0in;\"> </p>\r\n<p style=\"margin-bottom: 0in;\"> </p>\r\n<p style=\"margin-bottom: 0in;\"><font face=\"Arial, sans-serif\">Camp grounds</font></p>\r\n<p style=\"margin-bottom: 0in;\"><font face=\"Arial, sans-serif\">Play ground equipment</font></p>\r\n<p style=\"margin-bottom: 0in;\"> </p>\r\n<p style=\"margin-bottom: 0in;\"> </p>\r\n<p style=\"margin-bottom: 0in;\" align=\"JUSTIFY\"><font face=\"Arial, sans-serif\">Animal laboratories</font></p>\r\n<p style=\"margin-bottom: 0in;\"><font face=\"Arial, sans-serif\">Dairy farms</font></p>\r\n<p style=\"margin-bottom: 0in;\"><font face=\"Arial, sans-serif\">Farms</font></p>\r\n<p style=\"margin-bottom: 0in;\" align=\"JUSTIFY\"><font face=\"Arial, sans-serif\">Hog farms</font></p>\r\n<p style=\"margin-bottom: 0in;\" align=\"JUSTIFY\"><font face=\"Arial, sans-serif\">Kennels</font></p>\r\n<p style=\"margin-bottom: 0in;\" align=\"JUSTIFY\"><font face=\"Arial, sans-serif\">Poultry farms</font></p>\r\n<p style=\"margin-bottom: 0in;\" align=\"JUSTIFY\"><font face=\"Arial, sans-serif\">Pet animal quarters</font></p>\r\n<p style=\"margin-bottom: 0in;\" align=\"JUSTIFY\"><font face=\"Arial, sans-serif\">Pet shops</font></p>\r\n<p style=\"margin-bottom: 0in;\" align=\"JUSTIFY\"><font face=\"Arial, sans-serif\">Turkey farms</font></p>\r\n<p style=\"margin-bottom: 0in;\" align=\"JUSTIFY\"><font face=\"Arial, sans-serif\">Zoos</font></p>\r\n<p style=\"margin-bottom: 0in;\" align=\"JUSTIFY\"> </p>\r\n<p style=\"margin-bottom: 0in;\" align=\"JUSTIFY\"><font face=\"Arial, sans-serif\">Airplanes</font></p>\r\n<p style=\"margin-bottom: 0in;\" align=\"JUSTIFY\"><font face=\"Arial, sans-serif\">Airports</font></p>\r\n<p style=\"margin-bottom: 0in;\" align=\"JUSTIFY\"><font face=\"Arial, sans-serif\">Boats</font></p>\r\n<p style=\"margin-bottom: 0in;\" align=\"JUSTIFY\"><font face=\"Arial, sans-serif\">Buses</font></p>\r\n<p style=\"margin-bottom: 0in;\" align=\"JUSTIFY\"><font face=\"Arial, sans-serif\">Campers</font></p>\r\n<p style=\"margin-bottom: 0in;\" align=\"JUSTIFY\"><font face=\"Arial, sans-serif\">Cars</font></p>\r\n<p style=\"margin-bottom: 0in;\" align=\"JUSTIFY\"><font face=\"Arial, sans-serif\">Emergency vehicles</font></p>\r\n<p style=\"margin-bottom: 0in;\" align=\"JUSTIFY\"><font face=\"Arial, sans-serif\">Mobile homes</font></p>\r\n<p style=\"margin-bottom: 0in;\" align=\"JUSTIFY\"><font face=\"Arial, sans-serif\">Ships</font></p>\r\n<p style=\"margin-bottom: 0in;\" align=\"JUSTIFY\"><font face=\"Arial, sans-serif\">Taxis</font></p>\r\n<p style=\"margin-bottom: 0in;\" align=\"JUSTIFY\"><font face=\"Arial, sans-serif\">Trailers</font></p>\r\n<p style=\"margin-bottom: 0in;\" align=\"JUSTIFY\"><font face=\"Arial, sans-serif\">Trains</font></p>\r\n<p style=\"margin-bottom: 0in;\" align=\"JUSTIFY\"><font face=\"Arial, sans-serif\">Transportation terminals</font></p>','R',NULL,NULL,NULL,3,NULL),(21,NULL,'<p style=\"margin-bottom: 0in;\"><font face=\"Arial, sans-serif\">Appliances, exteriors of</font></p>\r\n<p style=\"margin-bottom: 0in;\"><font face=\"Arial, sans-serif\">Bathroom fixtures</font></p>\r\n<p style=\"margin-bottom: 0in;\"><font face=\"Arial, sans-serif\">Bathtubs (Fiberglass)</font></p>\r\n<p style=\"margin-bottom: 0in;\"><font face=\"Arial, sans-serif\">Cabinets</font></p>\r\n<p style=\"margin-bottom: 0in;\"><font face=\"Arial, sans-serif\">Cages</font></p>\r\n<p style=\"margin-bottom: 0in;\"><font face=\"Arial, sans-serif\">Chairs</font></p>\r\n<p style=\"line-height: 100%; text-indent: -0.25in; margin-bottom: 0in; margin-left: 0.25in;\"><font face=\"Arial, sans-serif\">Coils and drain pans of air conditioning and refrigeration equipment and heat pumps</font></p>\r\n<p style=\"margin-bottom: 0in;\"><font face=\"Arial, sans-serif\">Conductive flooring</font></p>\r\n<p style=\"margin-bottom: 0in;\"><font face=\"Arial, sans-serif\">Counters (countertops)</font></p>\r\n<p style=\"margin-bottom: 0in;\"><font face=\"Arial, sans-serif\">Countertop laminates</font></p>\r\n<p style=\"margin-bottom: 0in;\"><font face=\"Arial, sans-serif\">Desks</font></p>\r\n<p style=\"margin-bottom: 0in;\"><font face=\"Arial, sans-serif\">Doorknobs</font></p>\r\n<p style=\"margin-bottom: 0in;\"><font face=\"Arial, sans-serif\">Floors</font></p>\r\n<p style=\"margin-bottom: 0in;\"><font face=\"Arial, sans-serif\">Garbage cans</font></p>\r\n<p style=\"margin-bottom: 0in;\"><font face=\"Arial, sans-serif\">Highchairs</font></p>\r\n<p style=\"margin-bottom: 0in;\"><font face=\"Arial, sans-serif\">Kennel runs</font></p>\r\n<p style=\"margin-bottom: 0in;\"><font face=\"Arial, sans-serif\">Microwave ovens, exteriors of</font></p>\r\n<p style=\"margin-bottom: 0in;\"><font face=\"Arial, sans-serif\">Outdoor furniture</font></p>\r\n<p style=\"margin-bottom: 0in;\"><font face=\"Arial, sans-serif\">Refrigerators, exteriors of</font></p>\r\n<p style=\"text-indent: -0.25in; margin-bottom: 0in; margin-left: 0.25in;\"><font face=\"Arial, sans-serif\"><font size=\"2\">Refrigerated storage and display equipment</font></font></p>\r\n<p style=\"margin-bottom: 0in;\"><font face=\"Arial, sans-serif\"><font size=\"2\">Telephones</font></font></p>\r\n<p style=\"margin-bottom: 0in;\"><font face=\"Arial, sans-serif\">Other hard nonporous surfaces made of:</font></p>\r\n<p style=\"margin-bottom: 0in;\"><font face=\"Arial, sans-serif\">Glazed ceramic</font></p>\r\n<p style=\"margin-bottom: 0in;\"><font face=\"Arial, sans-serif\">Glazed enameled surfaces</font></p>\r\n<p style=\"margin-bottom: 0in;\"><font face=\"Arial, sans-serif\">Glazed porcelain</font></p>\r\n<p style=\"margin-bottom: 0in;\"><font face=\"Arial, sans-serif\">Laminated Surfaces</font></p>\r\n<p style=\"margin-bottom: 0in;\"><font face=\"Arial, sans-serif\">Metal</font></p>\r\n<p style=\"margin-bottom: 0in;\"><font face=\"Arial, sans-serif\">Plastic (such as polystyrene or polypropylene)</font></p>\r\n<p style=\"margin-bottom: 0in;\"><font face=\"Arial, sans-serif\">Sealed granite</font></p>\r\n<p style=\"margin-bottom: 0in;\"><font face=\"Arial, sans-serif\">Sealed limestone</font></p>\r\n<p style=\"margin-bottom: 0in;\"><font face=\"Arial, sans-serif\">Sealed marble</font></p>\r\n<p style=\"margin-bottom: 0in;\"><font face=\"Arial, sans-serif\">Sealed slate</font></p>\r\n<p style=\"margin-bottom: 0in;\"><font face=\"Arial, sans-serif\">Sealed stone </font></p>\r\n<p style=\"margin-bottom: 0in;\"><font face=\"Arial, sans-serif\">Sealed terra cotta</font></p>\r\n<p style=\"margin-bottom: 0in;\"><font face=\"Arial, sans-serif\">Sealed terrazzo</font></p>\r\n<p style=\"margin-bottom: 0in;\"><font face=\"Arial, sans-serif\">Stainless steel</font></p>\r\n<p style=\"margin-bottom: 0in;\"><font face=\"Arial, sans-serif\">Upholstery, vinyl and plastic</font></p>\r\n<p style=\"margin-bottom: 0in;\"><font face=\"Arial, sans-serif\">Woodwork, finished</font></p>\r\n<p style=\"text-indent: -0.25in; margin-left: 0.25in;\"><br /><br /></p>\r\n<p style=\"text-indent: -0.25in; margin-bottom: 0in; margin-left: 0.25in;\"><font face=\"Arial, sans-serif\"><font style=\"font-size: 9pt;\" size=\"2\">Non-critical medical device surfaces:</font></font></p>\r\n<p style=\"text-indent: -0.25in; margin-bottom: 0in; margin-left: 0.25in;\"><font face=\"Arial, sans-serif\"><font style=\"font-size: 9pt;\" size=\"2\">Beds [Medical] [Hospital]</font></font></p>\r\n<p style=\"text-indent: -0.25in; margin-bottom: 0in; margin-left: 0.25in;\"><font face=\"Arial, sans-serif\"><font style=\"font-size: 9pt;\" size=\"2\">Bed frames</font></font></p>\r\n<p style=\"text-indent: -0.25in; margin-bottom: 0in; margin-left: 0.25in;\"><font face=\"Arial, sans-serif\"><font style=\"font-size: 9pt;\" size=\"2\">Bed rails</font></font></p>\r\n<p style=\"text-indent: -0.25in; margin-bottom: 0in; margin-left: 0.25in;\"><font face=\"Arial, sans-serif\"><font style=\"font-size: 9pt;\" size=\"2\">Crutches</font></font></p>\r\n<p style=\"text-indent: -0.25in; margin-bottom: 0in; margin-left: 0.25in;\"><font face=\"Arial, sans-serif\"><font style=\"font-size: 9pt;\" size=\"2\">Non-critical [hospital] [medical] equipment surfaces</font></font></p>\r\n<p style=\"text-indent: -0.25in; margin-bottom: 0in; margin-left: 0.25in;\"><font face=\"Arial, sans-serif\"><font style=\"font-size: 9pt;\" size=\"2\">[Medical] Examining tables</font></font></p>\r\n<p style=\"text-indent: -0.25in; margin-bottom: 0in; margin-left: 0.25in;\"><font face=\"Arial, sans-serif\"><font style=\"font-size: 9pt;\" size=\"2\">[Medical] [Hospital] Lamps</font></font></p>\r\n<p style=\"text-indent: -0.25in; margin-bottom: 0in; margin-left: 0.25in;\"><font face=\"Arial, sans-serif\"><font style=\"font-size: 9pt;\" size=\"2\">[Medical] [Hospital] Scales</font></font></p>\r\n<p style=\"text-indent: -0.25in; margin-bottom: 0in; margin-left: 0.25in;\"><font face=\"Arial, sans-serif\"><font style=\"font-size: 9pt;\" size=\"2\">Stands</font></font></p>\r\n<p style=\"text-indent: -0.25in; margin-bottom: 0in; margin-left: 0.25in;\"><font face=\"Arial, sans-serif\"><font style=\"font-size: 9pt;\" size=\"2\">Stethoscopes</font></font></p>\r\n<p style=\"text-indent: -0.25in; margin-bottom: 0in; margin-left: 0.25in;\"><font face=\"Arial, sans-serif\"><font style=\"font-size: 9pt;\" size=\"2\">Walkers</font></font></p>\r\n<p style=\"text-indent: -0.25in; margin-bottom: 0in; margin-left: 0.25in;\"><font face=\"Arial, sans-serif\"><font style=\"font-size: 9pt;\" size=\"2\">Wheel chairs</font></font></p>','R',NULL,NULL,NULL,4,NULL),(22,NULL,'{{Area Of Use}}. Disinfects, cleans, and deodorizes the following hard nonporous\r\ninanimate surfaces: {{Surface}}.',NULL,NULL,NULL,NULL,5,64),(23,NULL,'Federally inspected meat and poultry plants as a disinfectant\r\nagent for use in all departments. Food products and packaging materials must be removed\r\nfrom the room or carefully protected. Use product in accordance with its label. All surfaces\r\nmust be thoroughly rinsed with potable water.',NULL,NULL,NULL,NULL,6,65),(24,NULL,'A multi-purpose germicidal detergent and deodorant effective in hard waters up to 400 ppm hard water (calculated as CaCO<sub>3</sub>) plus 5 % organic serum. Disinfects, cleans, and deodorizes in one labor saving step.',NULL,NULL,NULL,NULL,7,67),(25,NULL,'For use in {{Area Of Use}}. For use in households.',NULL,NULL,NULL,NULL,8,66),(26,NULL,'Bactericidal against the following pathogenic bacteria according to the AOAC Use-Dilution Test method, current edition, modified in the presence of 400 ppm synthetic hard water (calculated as CaCO<sub>3</sub>) plus 5% organic serum:',NULL,NULL,NULL,NULL,9,68),(27,NULL,'Fungicidal against Trichophyton mentagrophytes and Candida albicans according to the AOAC fungicidal test, modified in the presense of 400 ppm hard water (calculated as CaCO<sub>3</sub>) plus 5% organic serum.',NULL,NULL,NULL,NULL,10,69),(28,NULL,'Virucidal against {{Claim}} according to the virucidal qualification, modified in the presence of 400 ppm hard water (calculated as CaCO<sub>3</sub>) plus 5 % organic serum.',NULL,NULL,NULL,NULL,11,70),(29,NULL,'Concentrate (Concentrated)\r\nNeutral (Neutral pH)\r\nDisinfects (Disinfectant)\r\nCleans (Cleaner)\r\nDeodorizes (Deodorizer)','R',NULL,1,NULL,12,43),(30,NULL,'A multi-purpose, neutral pH, germicidal detergent and deodorant effective in hard water up to 400 ppm (calculated as CaCO) in the presence of a moderate amount of soil (5% organic serum) according to the AOAC Use-dilution Test. Disinfects, cleans, and deodorizes in one labor-saving step.','R',NULL,2,NULL,12,44),(31,NULL,'Recommended for use in hospitals, nursing homes, schools, colleges, commercial and industrial institutions, office buildings, veterinary clinics, animal life science laboratories, zoos, federally inspected meat and poultry plants, equine farms, tack shops, pet shops, airports, kennels, hotels, motels, poultry farms, turkey farms, dairy farms, hog farms, breeding establishments, grooming establishments, funeral homes, and households. Use to clean and disinfect non-medical (i.e. industrial and fire-fighting) respirators in industrial, commercial and institutional premises.','R',NULL,3,NULL,12,45),(32,NULL,'Disinfects, cleans, and deodorizes the following hard nonporous inanimate surfaces: floors, walls, (non-medical) metal surfaces, (non-medical)stainless steel surfaces, glazed porcelain, plastic surfaces (such as polypropylene, polystyrene, etc.).','R',NULL,4,NULL,12,46),(33,NULL,'Use [on] [to clean and disinfect] nonporous athletic mats, wrestling mats, gymnastic mats, exercise equipment and training tables.','R',NULL,5,NULL,12,47),(34,NULL,'Use [on] [to clean and disinfect] nonporous personal protective safety equipment, wrestling headgear, boxing headgear, protective headgear, athletic helmets, hard hats, half mask respirators, full face breathing apparatus, gas masks, goggles, spectacles, face shields, hearing protectors, and ear muffs. Rinse all equipment that comes in prolonged contact with skin with warm water and allow to air dry before reuse. [Caution: Cleaning at the recommended 120ºF. temperature will avoid overheating and distortion of the personal safety equipment that would necessitate replacement.]','R',NULL,6,NULL,12,48),(35,NULL,'Recommended for use\r\n\r\nFederally inspected meat and poultry plants on all hard, nonporous surfaces in inedible product processing areas, non-processing areas, and / or exterior areas. All surfaces must be thoroughly rinsed with potable water.</font></font></p>\r\n\r\nFederally inspected meat and poultry plants as a floor and wall cleaner for use in all departments. Food products and packaging material must be removed from the room or carefully protected. All surfaces must be thoroughly rinsed with potable water.</font></font></p>\r\n\r\nFederally inspected meat and poultry plants as a disinfectant agent for use in all departments. Food products and packaging materials must be removed from the room or carefully protected. Use product in accordance with its label. All surfaces must be thoroughly rinsed with potable water.','R',NULL,7,NULL,12,49),(36,NULL,'Recommended for use in tanning salons.','R',NULL,8,NULL,12,50),(37,NULL,'Recommended for use on [tanning beds], [and] [tanning equipment]. ','R',NULL,9,NULL,12,51),(38,NULL,'Formulation HWS-256 is effective at controlling mold and mildew odor on mattresses, pillows and shower curtains.','R',NULL,10,NULL,12,52),(39,NULL,'Formulation HWS-256 can be used in the laundry to control odors on musty bedding and linens. Test on a small inconspicuous area before using.','R',NULL,11,NULL,12,53),(40,NULL,'Formulation HWS-256 may be used on mildew stains in damp areas such as bathrooms, showers, kitchens, basements and laundry rooms.','R',NULL,12,NULL,12,54),(41,NULL,'Formulation HWS-256</strong></font><font face=\"Arial, sans-serif\"> may be used in work areas such as tool rooms and garages for odor control and light duty cleaning.','R',NULL,13,NULL,12,55),(42,NULL,'Formulation HWS-256 may be used to remove odors caused by flooding and smoke from fires.','R',NULL,14,NULL,12,56),(43,NULL,'Formulation HWS-256 leaves a clean fresh scent.','R',NULL,15,NULL,12,57),(44,NULL,'Formulation HWS-256 provides long lasting freshness against tough (pet) odors from litter boxes and pet accidents.','R',NULL,16,NULL,12,58),(94,NULL,'Recommended for use in kennels, pet shops, veterinary clinics, animal life science laboratories, breeding establishments, grooming establishments, schools, colleges, federally inspected meat and poultry plants, equine farms, tack shops, zoos, poultry farms, turkey farms, dairy farms, hog farms, and households. Disinfects, cleans, and deodorizes the following hard nonporous inanimate surfaces: floors, walls, nonmedical metal surfaces, non-medical stainless steel surfaces, glazed porcelain, plastic surfaces (such as polypropylene, polystyrene, etc.). Recommeded for use in: Federally inspected meat and poultry plants as a disinfectant agent for use in all departments. Food products and packaging materials must be removed from the room or carefully protected. Use product in accordance with its label. All surfaces must be thoroughly rinsed with potable water.',NULL,NULL,NULL,NULL,35,71),(95,NULL,'For use on Highchairs, Sealed terra cotta, Tanning Equipment, Plastic (such as polystyrene or polypropylene), Upholstery, Floors, Refrigerators, Conductive flooring, Refrigerated storage and display equipment, Glazed enameled surfaces, Garbage cans, Bathtubs (Fiberglass), Counters (countertops), Doorknobs, Stainless steel, Coils and drain pans of air conditioning and refri, Microwave ovens, Laminated surfaces, Tanning Beds, Other hard nonporous surfaces made of:, Sealed granite, Telephones, Desks, Outdoor furniture, Woodwork, Cabinets, Chairs, Sealed terrazzo, Bathroom fixtures, Countertop laminates, Metal, Appliances, Sealed limestone, Kennel runs, Sealed slate, Glazed ceramic and Cages.',NULL,NULL,NULL,NULL,36,72),(96,NULL,NULL,NULL,NULL,NULL,NULL,37,75),(124,NULL,'Recommended for use in {{Area Of Use}}. Disinfects, cleans, and deodorizes the following hard nonporous inanimate surfaces: {{Surface}}. Recommended for use in: Federally inspected meat and poultry plants as a disinfectant agent for use in all departments. Food products and packaging materials must be removed from the room or carefully protected. Use product in accordance with its label. All surfaces must be thoroughly rinsed with potable water.',NULL,NULL,NULL,NULL,68,94),(125,NULL,'For use on Highchairs, Sealed terra cotta, Tanning Equipment, Plastic (such as polystyrene or polypropylene), Upholstery, Floors, Refrigerators, Conductive flooring, Refrigerated storage and display equipment, Glazed enameled surfaces, Garbage cans, Bathtubs (Fiberglass), Counters (countertops), Doorknobs, Stainless steel, Coils and drain pans of air conditioning and refri, Microwave ovens, Laminated surfaces, Tanning Beds, Other hard nonporous surfaces made of:, Sealed granite, Telephones, Desks, Outdoor furniture, Woodwork, Cabinets, Chairs, Sealed terrazzo, Bathroom fixtures, Countertop laminates, Metal, Appliances, Sealed limestone, Kennel runs, Sealed slate, Glazed ceramic and Cages.',NULL,NULL,NULL,NULL,69,95),(126,NULL,'Germicidal Detergent and Deordorant',NULL,NULL,NULL,NULL,70,100),(135,NULL,'Germicidal Detergent and Deordorant',NULL,NULL,NULL,NULL,80,103),(136,NULL,'For use in: {{Area Of Use}}. Disinfects, cleans, and deodorizes the following hard nonporous\r\ninanimate surfaces: {{Surface}}, etc.).',NULL,NULL,NULL,NULL,81,101),(137,NULL,'For use in {{Area Of Use}}.',NULL,NULL,NULL,NULL,82,104),(138,NULL,'A multi-purpose germicidal detergent and deodorant effective in hard waters up to 400 ppm hard water (calculated as CaCO<sub>3</sub>) plus 5 % organic serum. Disinfects, cleans, and deodorizes in one labor saving step.',NULL,NULL,NULL,NULL,83,106),(139,NULL,'Federally inspected meat and poultry plants as a disinfectant agent for use in all departments. Food products and packaging materials must be removed from the room or carefully protected. Use product in accordance with its label. All surfaces must be thoroughly rinsed with potable water.',NULL,NULL,NULL,NULL,84,102),(140,NULL,'Bactericidal against the following pathogenic bacteria according to the AOAC Use-Dilution Test method, current edition, modified in the presence of 400 ppm synthetic hard water (calculated as CaCO<sub>3</sub>) plus 5% organic serum:',NULL,NULL,NULL,NULL,85,105),(141,NULL,'Fungicidal against {{Claims}} albicans according to the AOAC fungicidal test, modified in the presense of 400 ppm hard water (calculated as CaCO<sub>3</sub>) plus 5% organic serum.',NULL,NULL,NULL,NULL,86,107),(142,NULL,'Virucidal against {{Claims}} according to the virucidal qualification, modified in the presence of 400 ppm hard water (calculated as CaCO3) plus 5 % organic serum.',NULL,NULL,NULL,NULL,87,108);
/*!40000 ALTER TABLE `s_marketingstatement` ENABLE KEYS */;
UNLOCK TABLES;

--
-- Table structure for table `s_storagedisposalsection`
--

DROP TABLE IF EXISTS `s_storagedisposalsection`;
/*!40101 SET @saved_cs_client     = @@character_set_client */;
/*!40101 SET character_set_client = utf8 */;
CREATE TABLE `s_storagedisposalsection` (
  `ID` int(11) NOT NULL,
  `CONTAINERVOLUME` varchar(3) DEFAULT NULL,
  `SDSECTIONTYPE` varchar(20) DEFAULT NULL,
  `TITLE` varchar(254) DEFAULT NULL,
  `SUBTITLE` varchar(254) DEFAULT NULL,
  `BOLDITALIC` varchar(1) DEFAULT NULL,
  `NUMBEREACHSTATEMENT` varchar(1) DEFAULT NULL,
  `REVIEWERNOTE` longtext,
  `NOTEBOLDITALIC` varchar(1) DEFAULT NULL,
  `SELECTED` varchar(1) DEFAULT NULL,
  `AUTOSEQ` int(11) DEFAULT NULL,
  `FK_ID_M_STORAGEDISPOSALSECTION` int(11) DEFAULT NULL,
  `FK_ID_SUBREGLABELCONTENT` int(11) NOT NULL,
  UNIQUE KEY `USSTORAGEDISPOSALSECTIONID9945` (`ID`),
  UNIQUE KEY `US_STORAGEDISPOSALSECTIONID62808` (`ID`),
  KEY `SSTORAGEDISPOSALSECTIONFK10388` (`FK_ID_M_STORAGEDISPOSALSECTION`),
  KEY `SSTORAGEDISPOSALSECTIONFK10427` (`FK_ID_SUBREGLABELCONTENT`),
  KEY `SSTORAGEDISPOSALSECTIONFKID63277` (`FK_ID_M_STORAGEDISPOSALSECTION`),
  KEY `SSTORAGEDISPOSALSECTIONFKID63300` (`FK_ID_SUBREGLABELCONTENT`)
) ENGINE=InnoDB DEFAULT CHARSET=utf8;
/*!40101 SET character_set_client = @saved_cs_client */;

--
-- Dumping data for table `s_storagedisposalsection`
--

LOCK TABLES `s_storagedisposalsection` WRITE;
/*!40000 ALTER TABLE `s_storagedisposalsection` DISABLE KEYS */;
INSERT INTO `s_storagedisposalsection` VALUES (1,'1','StorageDisposal1','STORAGE AND DISPOSAL',NULL,'R',NULL,'<p style=\"margin-bottom: 0in;\" align=\"JUSTIFY\"><font face=\"Arial, sans-serif\"><font style=\"font-size: 8pt;\" size=\"1\">(</font></font><font face=\"Arial, sans-serif\"><font style=\"font-size: 8pt;\" size=\"1\"><em>Note to reviewer: If the container size is one gallon or less, the following Storage and Disposal directions will be used:)</em></font></font></p>',NULL,NULL,1,NULL,1),(2,'5','StorageDisposal1','STORAGE AND DISPOSAL',NULL,'R',NULL,'<p>Note to reviewer: If the container size is greater than one gallon, the following Storage and Disposal directions will be used:)</p>',NULL,NULL,2,NULL,1),(3,'1','StorageDisposal1','STORAGE AND DISPOSAL',NULL,'R',NULL,'<p style=\"margin-bottom: 0in;\" align=\"JUSTIFY\"><font face=\"Arial, sans-serif\"><font style=\"font-size: 8pt;\" size=\"1\">(</font></font><font face=\"Arial, sans-serif\"><font style=\"font-size: 8pt;\" size=\"1\"><em>Note to reviewer: If the container size is one gallon or less, the following Storage and Disposal directions will be used:)</em></font></font></p>',NULL,NULL,1,11,2),(4,'5','StorageDisposal1','STORAGE AND DISPOSAL',NULL,'R',NULL,'<p>Note to reviewer: If the container size is greater than one gallon, the following Storage and Disposal directions will be used:)</p>',NULL,NULL,2,12,2),(7,'1','StorageDisposal1','STORAGE AND DISPOSAL',NULL,'R',NULL,'<p style=\"margin-bottom: 0in;\" align=\"JUSTIFY\"><font face=\"Arial, sans-serif\"><font style=\"font-size: 8pt;\" size=\"1\">(</font></font><font face=\"Arial, sans-serif\"><font style=\"font-size: 8pt;\" size=\"1\"><em>Note to reviewer: If the container size is one gallon or less, the following Storage and Disposal directions will be used:)</em></font></font></p>',NULL,NULL,1,13,4),(8,'5','StorageDisposal1','STORAGE AND DISPOSAL',NULL,'R',NULL,'<p>Note to reviewer: If the container size is greater than one gallon, the following Storage and Disposal directions will be used:)</p>',NULL,NULL,2,14,4),(17,'1','StorageDisposal1','STORAGE AND DISPOSAL',NULL,'R',NULL,NULL,NULL,NULL,1,15,5),(18,'5','StorageDisposal1','STORAGE AND DISPOSAL',NULL,'R',NULL,'<p>Note to reviewer: If the container size is greater than one gallon, the following Storage and Disposal directions will be used:)</p>',NULL,NULL,2,16,5),(24,'5','StorageDisposal1','STORAGE AND DISPOSAL',NULL,'R',NULL,'<p>Note to reviewer: If the container size is greater than one gallon, the following Storage and Disposal directions will be used:)</p>',NULL,NULL,1,18,6);
/*!40000 ALTER TABLE `s_storagedisposalsection` ENABLE KEYS */;
UNLOCK TABLES;

--
-- Table structure for table `s_storagedisposalstatement`
--

DROP TABLE IF EXISTS `s_storagedisposalstatement`;
/*!40101 SET @saved_cs_client     = @@character_set_client */;
/*!40101 SET character_set_client = utf8 */;
CREATE TABLE `s_storagedisposalstatement` (
  `ID` int(11) NOT NULL,
  `z_ORDER` int(11) DEFAULT NULL,
  `TITLE` varchar(254) DEFAULT NULL,
  `BOLDITALIC` varchar(1) DEFAULT NULL,
  `z_TEXT` longtext,
  `NOTFORUSETEXT` longtext,
  `NOTFORUSETYPE` varchar(2) NOT NULL,
  `REVIEWERNOTE` longtext,
  `SELECTED` varchar(1) DEFAULT NULL,
  `AUTOSEQ` int(11) DEFAULT NULL,
  `FK_ID_M_STORAGEDISPOSALSTATEMENT` int(11) DEFAULT NULL,
  `FK_ID_S_STORAGEDISPOSALSECTION` int(11) NOT NULL,
  UNIQUE KEY `USSTORAGEDISPOSALSTATEMENT9957` (`ID`),
  UNIQUE KEY `USSTORAGEDISPOSALSTATEMENTI62820` (`ID`),
  KEY `SSTORAGEDISPOSALSTATEMENT10374` (`FK_ID_M_STORAGEDISPOSALSTATEMENT`),
  KEY `SSTORAGEDISPOSALSTATEMENT10428` (`FK_ID_S_STORAGEDISPOSALSECTION`),
  KEY `SSTORAGEDISPOSALSTATEMENTFK63265` (`FK_ID_M_STORAGEDISPOSALSTATEMENT`),
  KEY `SSTORAGEDISPOSALSTATEMENTFK63301` (`FK_ID_S_STORAGEDISPOSALSECTION`)
) ENGINE=InnoDB DEFAULT CHARSET=utf8;
/*!40101 SET character_set_client = @saved_cs_client */;

--
-- Dumping data for table `s_storagedisposalstatement`
--

LOCK TABLES `s_storagedisposalstatement` WRITE;
/*!40000 ALTER TABLE `s_storagedisposalstatement` DISABLE KEYS */;
INSERT INTO `s_storagedisposalstatement` VALUES (1,NULL,NULL,'R','<p style=\"margin-bottom: 0in;\" align=\"JUSTIFY\"><font face=\"Arial, sans-serif\">Store in original container in areas inaccessible to children. Do not reuse empty container. (Wrap and) Discard in trash or recycle.</font></p>',NULL,'NA',NULL,NULL,NULL,NULL,1),(2,NULL,NULL,'R','<p class=\"western\"><font size=\"2\">Do not contaminate water, food, or feed by storage or disposal. </font></p>',NULL,'NA',NULL,NULL,1,NULL,2),(3,NULL,'Pesticide Storage','R','<p class=\"western\" align=\"LEFT\"><font size=\"2\">Store in original container in areas inaccessible to children. Open dumping is prohibited. Do not reuse empty container.</font></p>',NULL,'NA',NULL,NULL,2,NULL,2),(4,NULL,'Pesticide Disposal','R','<p>Pesticide wastes are acutely hazardous. Improper disposal of excess pesticide, spray mixture, or rinsate is a violation of Federal law. If these wastes cannot be disposed of by use according to label instructions, contact your State Pesticide or Environmental Control Agency, or the Hazardous Waste representative at the nearest EPA Regional Office for guidance.</p>',NULL,'NA',NULL,NULL,3,NULL,2),(5,NULL,'Container Disposal','R','<p class=\"western\">(Plastic containers:) Triple rinse (or equivalent). Then offer for recycling or reconditioning, or puncture and dispose of in a sanitary landfill, or incinerate, or if allowed by state and local authorities, burn. If burned, stay out of smoke.</p>\r\n<p class=\"western\">(Fiber Drums With Liner:) Completely empty liner by shaking and tapping sides and bottom to loosen clinging particles. Empty residue into application equipment. Then dispose of liner in a sanitary landfill or by incineration if allowed by state and local authorities. If drum is contaminated and cannot by reused, dispose of in the same manner.</p>\r\n<p class=\"western\">(Metal Container:) Triple rinse (or equivalent). Then offer for recycling or reconditioning or puncture and dispose of in a sanitary landfill, or dispose of by other procedures approved by state and local authorities.</p>\r\n<p class=\"western\">(For Bag-in-Box Containers:) Completely empty bag into application equipment. Dispose of empty bag in a sanitary landfill or by incineration, or if allowed by state and local authorities by burning or dispose of by other procedures approved by state and local authorities. If burned, stay out of smoke.</p>\r\n<p class=\"western\"> </p>',NULL,'NA',NULL,NULL,4,NULL,2),(6,NULL,NULL,'R','Store in original container in areas inaccessible to children. Do not reuse empty container. (Wrap and) Discard in trash or recycle.',NULL,'NA',NULL,NULL,NULL,26,3),(7,NULL,NULL,'R','Do not contaminate water, food, or feed by storage or disposal. </font>',NULL,'NA',NULL,NULL,1,27,4),(8,NULL,'Pesticide Storage','R','Store in original container in areas inaccessible to children. Open dumping is prohibited. Do not reuse empty container.</font>',NULL,'NA',NULL,NULL,2,28,4),(9,NULL,'Pesticide Disposal','R','Pesticide wastes are acutely hazardous. Improper disposal of excess pesticide, spray mixture, or rinsate is a violation of Federal law. If these wastes cannot be disposed of by use according to label instructions, contact your State Pesticide or Environmental Control Agency, or the Hazardous Waste representative at the nearest EPA Regional Office for guidance.',NULL,'NA',NULL,NULL,3,29,4),(10,NULL,'Container Disposal','R','(Plastic containers:) Triple rinse (or equivalent). Then offer for recycling or reconditioning, or puncture and dispose of in a sanitary landfill, or incinerate, or if allowed by state and local authorities, burn. If burned, stay out of smoke.\r\n(Fiber Drums With Liner:) Completely empty liner by shaking and tapping sides and bottom to loosen clinging particles. Empty residue into application equipment. Then dispose of liner in a sanitary landfill or by incineration if allowed by state and local authorities. If drum is contaminated and cannot by reused, dispose of in the same manner.\r\n(Metal Container:) Triple rinse (or equivalent). Then offer for recycling or reconditioning or puncture and dispose of in a sanitary landfill, or dispose of by other procedures approved by state and local authorities.\r\n(For Bag-in-Box Containers:) Completely empty bag into application equipment. Dispose of empty bag in a sanitary landfill or by incineration, or if allowed by state and local authorities by burning or dispose of by other procedures approved by state and local authorities. If burned, stay out of smoke.\r\n',NULL,'NA',NULL,NULL,4,30,4),(16,NULL,NULL,'R','Store in original container in areas inaccessible to children. Do not reuse empty container. (Wrap and) Discard in trash or recycle.',NULL,'NA',NULL,NULL,NULL,31,7),(17,NULL,NULL,'R','Do not contaminate water, food, or feed by storage or disposal. </font>',NULL,'NA',NULL,NULL,1,32,8),(18,NULL,'Pesticide Storage','R','Store in original container in areas inaccessible to children. Open dumping is prohibited. Do not reuse empty container.</font>',NULL,'NA',NULL,NULL,2,33,8),(19,NULL,'Pesticide Disposal','R','Pesticide wastes are acutely hazardous. Improper disposal of excess pesticide, spray mixture, or rinsate is a violation of Federal law. If these wastes cannot be disposed of by use according to label instructions, contact your State Pesticide or Environmental Control Agency, or the Hazardous Waste representative at the nearest EPA Regional Office for guidance.',NULL,'NA',NULL,NULL,3,34,8),(20,NULL,'Container Disposal','R','(Plastic containers:) Triple rinse (or equivalent). Then offer for recycling or reconditioning, or puncture and dispose of in a sanitary landfill, or incinerate, or if allowed by state and local authorities, burn. If burned, stay out of smoke.\r\n(Fiber Drums With Liner:) Completely empty liner by shaking and tapping sides and bottom to loosen clinging particles. Empty residue into application equipment. Then dispose of liner in a sanitary landfill or by incineration if allowed by state and local authorities. If drum is contaminated and cannot by reused, dispose of in the same manner.\r\n(Metal Container:) Triple rinse (or equivalent). Then offer for recycling or reconditioning or puncture and dispose of in a sanitary landfill, or dispose of by other procedures approved by state and local authorities.\r\n(For Bag-in-Box Containers:) Completely empty bag into application equipment. Dispose of empty bag in a sanitary landfill or by incineration, or if allowed by state and local authorities by burning or dispose of by other procedures approved by state and local authorities. If burned, stay out of smoke.\r\n',NULL,'NA',NULL,NULL,4,35,8),(41,NULL,NULL,'R','Store in original container in areas inaccessible to children. Do not reuse empty container. (Wrap and) Discard in trash or recycle.',NULL,'NA',NULL,NULL,NULL,36,17),(42,NULL,NULL,'R','Do not contaminate water, food, or feed by storage or disposal.',NULL,'NA',NULL,NULL,1,37,18),(43,NULL,'Pesticide Storage','R','Store in original container in areas inaccessible to children. Open dumping is prohibited. Do not reuse empty container.',NULL,'NA',NULL,NULL,2,38,18),(44,NULL,'Pesticide Disposal','R','Pesticide wastes are acutely hazardous. Improper disposal of excess pesticide, spray mixture, or rinsate is a violation of Federal law. If these wastes cannot be disposed of by use according to label instructions, contact your State Pesticide or Environmental Control Agency, or the Hazardous Waste representative at the nearest EPA Regional Office for guidance.',NULL,'NA',NULL,NULL,3,39,18),(45,NULL,'Container Disposal','R','(Plastic containers:) Triple rinse (or equivalent). Then offer for recycling or reconditioning, or puncture and dispose of in a sanitary landfill, or incinerate, or if allowed by state and local authorities, burn. If burned, stay out of smoke.\r\n(Fiber Drums With Liner:) Completely empty liner by shaking and tapping sides and bottom to loosen clinging particles. Empty residue into application equipment. Then dispose of liner in a sanitary landfill or by incineration if allowed by state and local authorities. If drum is contaminated and cannot by reused, dispose of in the same manner.\r\n(Metal Container:) Triple rinse (or equivalent). Then offer for recycling or reconditioning or puncture and dispose of in a sanitary landfill, or dispose of by other procedures approved by state and local authorities.\r\n(For Bag-in-Box Containers:) Completely empty bag into application equipment. Dispose of empty bag in a sanitary landfill or by incineration, or if allowed by state and local authorities by burning or dispose of by other procedures approved by state and local authorities. If burned, stay out of smoke.\r\n',NULL,'NA',NULL,NULL,4,40,18),(71,NULL,'Storage and Disposal','R','(containers for household/residential use) Store in original container in areas inaccessible to children. Nonrefillable container. Do not reuse or refill this container. Offer for recycling if available.',NULL,'NA',NULL,NULL,1,42,24),(72,NULL,'Storage and Disposal','R','(containers for commercial, industrial, and institutional use) Do not contaminate water, food, or feed by storage or disposal.',NULL,'NA',NULL,NULL,2,43,24),(73,NULL,'Pesticide Disposal','R','Store in original container in areas inaccessible to children. Open dumping is prohibited. Do not reuse empty container.',NULL,'NA',NULL,NULL,3,44,24),(74,NULL,'Pesticide Disposal','R','Pesticide wastes are acutely hazardous. Improper disposal of excess pesticide, spray mixture or rinsate is a violation of Federal Law. If these wastes cannot be disposed of by use according to label instruction, contact your local State Pesticide or Environmental Control Agency, or the Hazardous Waste representative at the nearest EPA Regional Office for guidance.',NULL,'NA',NULL,NULL,4,45,24),(75,NULL,'Container Handling','R','(Plastic containers:) Nonrefillable container. Do not reuse or refill this container. Triple rinse container (or equivalent) promptly after emptying. Triple rinse as follows: Fill container 1/4 full with water. Tip container on side and roll it back and forth, ensuring at least one complete revolution for 30 seconds. Stand container on its end and tip it back and forth several times. Turn the container over its other end and tip it back and forth several times. Follow Pesticide Disposal instructions for rinsate disposal. Repeat two more times.',NULL,'NA',NULL,NULL,5,46,24);
/*!40000 ALTER TABLE `s_storagedisposalstatement` ENABLE KEYS */;
UNLOCK TABLES;

--
-- Table structure for table `s_usage`
--

DROP TABLE IF EXISTS `s_usage`;
/*!40101 SET @saved_cs_client     = @@character_set_client */;
/*!40101 SET character_set_client = utf8 */;
CREATE TABLE `s_usage` (
  `ID` int(11) NOT NULL,
  `USAGETYPE` varchar(1) NOT NULL,
  `CLAIMSCLASSIFICATION` varchar(16) DEFAULT NULL,
  `NAME` varchar(254) NOT NULL,
  `BOLDITALIC` varchar(1) DEFAULT NULL,
  `REVIEWERNOTE` varchar(254) DEFAULT NULL,
  `NOTEBOLDITALIC` varchar(1) DEFAULT NULL,
  `SELECTED` varchar(1) DEFAULT NULL,
  `AUTOSEQ` int(11) DEFAULT NULL,
  `FK_ID_M_USAGE` int(11) DEFAULT NULL,
  `FK_ID_SUBREGLABELCONTENT` int(11) DEFAULT NULL,
  `FK_ID_S_USAGETYPE` int(11) DEFAULT NULL,
  UNIQUE KEY `US_USAGE_ID_99680` (`ID`),
  UNIQUE KEY `US_USAGE_ID_628310` (`ID`),
  KEY `S_USAGE_FK_ID_M_USAGE_104160` (`FK_ID_M_USAGE`),
  KEY `S_USAGEFKIDSUBREGLABELCON10440` (`FK_ID_SUBREGLABELCONTENT`),
  KEY `S_USAGE_FK_ID_S_USAGETYPE41609` (`FK_ID_S_USAGETYPE`),
  KEY `S_USAGE_FK_ID_M_USAGE_632900` (`FK_ID_M_USAGE`),
  KEY `SUSAGEFKIDSUBREGLABELCONTEN63304` (`FK_ID_SUBREGLABELCONTENT`),
  KEY `S_USAGE_FK_ID_S_USAGETYPE_633210` (`FK_ID_S_USAGETYPE`)
) ENGINE=InnoDB DEFAULT CHARSET=utf8;
/*!40101 SET character_set_client = @saved_cs_client */;

--
-- Dumping data for table `s_usage`
--

LOCK TABLES `s_usage` WRITE;
/*!40000 ALTER TABLE `s_usage` DISABLE KEYS */;
INSERT INTO `s_usage` VALUES (1,'S',NULL,'Sealed stone',NULL,NULL,NULL,NULL,NULL,NULL,1,NULL),(2,'U',NULL,'Prisons',NULL,NULL,NULL,NULL,NULL,NULL,1,NULL),(3,'U',NULL,'Institutional Kitchens',NULL,NULL,NULL,NULL,NULL,NULL,1,NULL),(4,'C','Viruses','*Influenza A/ Hong Kong',NULL,NULL,NULL,NULL,NULL,NULL,1,NULL),(5,'U',NULL,'Buses',NULL,NULL,NULL,NULL,NULL,NULL,1,NULL),(6,'U',NULL,'Homes (Households)',NULL,NULL,NULL,NULL,NULL,NULL,1,NULL),(7,'C','Viruses','*Herpes Simplex Type 1',NULL,NULL,NULL,NULL,NULL,NULL,1,NULL),(8,'U',NULL,'Zoos',NULL,NULL,NULL,NULL,NULL,NULL,1,NULL),(9,'U',NULL,'Food Processing Plants',NULL,NULL,NULL,NULL,NULL,NULL,1,NULL),(10,'C','Viruses','*Feline leukemia',NULL,NULL,NULL,NULL,NULL,NULL,1,NULL),(11,'C','Viruses','*Transmissible gastroenteritis virus (TGE)\Z',NULL,NULL,NULL,NULL,NULL,NULL,1,NULL),(12,'U',NULL,'Locker Rooms',NULL,NULL,NULL,NULL,NULL,NULL,1,NULL),(13,'U',NULL,'Animal Life Science Laboratories',NULL,NULL,NULL,NULL,NULL,NULL,1,NULL),(14,'S',NULL,'Plastic (such as polystyrene or polypropylene)',NULL,NULL,NULL,NULL,NULL,NULL,1,NULL),(15,'S',NULL,'Other hard nonporous surfaces made of:',NULL,NULL,NULL,NULL,NULL,NULL,1,NULL),(16,'S',NULL,'Refrigerators',NULL,NULL,NULL,NULL,NULL,NULL,1,NULL),(17,'S',NULL,'Garbage cans',NULL,NULL,NULL,NULL,NULL,NULL,1,NULL),(18,'S',NULL,'Counters (countertops)',NULL,NULL,NULL,NULL,NULL,NULL,1,NULL),(19,'S',NULL,'Cabinets',NULL,NULL,NULL,NULL,NULL,NULL,1,NULL),(20,'U',NULL,'Office Buildings',NULL,NULL,NULL,NULL,NULL,NULL,1,NULL),(21,'U',NULL,'Bathrooms',NULL,NULL,NULL,NULL,NULL,NULL,1,NULL),(22,'U',NULL,'Mortuaries',NULL,NULL,NULL,NULL,NULL,NULL,1,NULL),(23,'U',NULL,'Transportation Terminals',NULL,NULL,NULL,NULL,NULL,NULL,1,NULL),(24,'U',NULL,'Emergency Vehicles',NULL,NULL,NULL,NULL,NULL,NULL,1,NULL),(25,'U',NULL,'Hog Farms',NULL,NULL,NULL,NULL,NULL,NULL,1,NULL),(26,'U',NULL,'Federally Inspected Meat and Poultry Plants',NULL,NULL,NULL,NULL,NULL,NULL,1,NULL),(27,'U',NULL,'Dental Offices',NULL,NULL,NULL,NULL,NULL,NULL,1,NULL),(28,'U',NULL,'Commercial Institutions',NULL,NULL,NULL,NULL,NULL,NULL,1,NULL),(29,'U',NULL,'Campers',NULL,NULL,NULL,NULL,NULL,NULL,1,NULL),(30,'U',NULL,'Breweries',NULL,NULL,NULL,NULL,NULL,NULL,1,NULL),(31,'U',NULL,'Bars',NULL,NULL,NULL,NULL,NULL,NULL,1,NULL),(32,'U',NULL,'Animal Laboratories',NULL,NULL,NULL,NULL,NULL,NULL,1,NULL),(33,'C','Viruses','*Rubella (German Measles)',NULL,NULL,NULL,NULL,NULL,NULL,1,NULL),(34,'U',NULL,'Institutional Facilities',NULL,NULL,NULL,NULL,NULL,NULL,1,NULL),(35,'U',NULL,'Laundry Industry',NULL,NULL,NULL,NULL,NULL,NULL,1,NULL),(36,'U',NULL,'Morgues',NULL,NULL,NULL,NULL,NULL,NULL,1,NULL),(37,'C','Fungi','[a cause of Ringworm] [a cause of Ringworm of the foot]',NULL,NULL,NULL,NULL,NULL,NULL,1,NULL),(38,'U',NULL,'Tack Shops',NULL,NULL,NULL,NULL,NULL,NULL,1,NULL),(39,'U',NULL,'Convenience Stores',NULL,NULL,NULL,NULL,NULL,NULL,1,NULL),(40,'U',NULL,'Whirlpool and Foot Spa Use',NULL,NULL,NULL,NULL,NULL,NULL,1,NULL),(41,'U',NULL,'Trains',NULL,NULL,NULL,NULL,NULL,NULL,1,NULL),(42,'U',NULL,'Shower and Bath Areas',NULL,NULL,NULL,NULL,NULL,NULL,1,NULL),(43,'U',NULL,'Recreational Vehicle Use',NULL,NULL,NULL,NULL,NULL,NULL,1,NULL),(44,'U',NULL,'Poultry Farms',NULL,NULL,NULL,NULL,NULL,NULL,1,NULL),(45,'U',NULL,'Nursing Homes',NULL,NULL,NULL,NULL,NULL,NULL,1,NULL),(46,'C','Viruses','*Infectious bronchitis (Avian IBV)',NULL,NULL,NULL,NULL,NULL,NULL,1,NULL),(47,'U',NULL,'Institutions',NULL,NULL,NULL,NULL,NULL,NULL,1,NULL),(48,'S',NULL,'Glazed ceramic',NULL,NULL,NULL,NULL,NULL,NULL,1,NULL),(49,'U',NULL,'Hospitals',NULL,NULL,NULL,NULL,NULL,NULL,1,NULL),(50,'U',NULL,'Salons (Beauty)',NULL,NULL,NULL,NULL,NULL,NULL,1,NULL),(51,'U',NULL,'Cars',NULL,NULL,NULL,NULL,NULL,NULL,1,NULL),(52,'C','Bacteria','Staphylococcus aureus- Methicillin resistant (MRSA)',NULL,NULL,NULL,NULL,NULL,NULL,1,NULL),(53,'S',NULL,'Refrigerated storage and display equipment',NULL,NULL,NULL,NULL,NULL,NULL,1,NULL),(54,'C','Viruses','*Herpes Simplex Type 2',NULL,NULL,NULL,NULL,NULL,NULL,1,NULL),(55,'U',NULL,'Protective Safety Gear',NULL,NULL,NULL,NULL,NULL,NULL,1,NULL),(56,'U',NULL,'Business and Office Buildings',NULL,NULL,NULL,NULL,NULL,NULL,1,NULL),(57,'C','Bacteria','(2)  antibiotic-resistant strain only',NULL,NULL,NULL,NULL,NULL,NULL,1,NULL),(58,'U',NULL,'Correctional Facilities',NULL,NULL,NULL,NULL,NULL,NULL,1,NULL),(59,'U',NULL,'Tanning Salons',NULL,NULL,NULL,NULL,NULL,NULL,1,NULL),(60,'C','Viruses','*Pseudorabies (PRV)',NULL,NULL,NULL,NULL,NULL,NULL,1,NULL),(61,'T',NULL,'General Purpose Anti-microbial',NULL,NULL,NULL,NULL,NULL,NULL,1,NULL),(62,'U',NULL,'Food Storage Areas',NULL,NULL,NULL,NULL,NULL,NULL,1,NULL),(63,'C','Viruses','*Feline picomavirus',NULL,NULL,NULL,NULL,NULL,NULL,1,NULL),(64,'S',NULL,'Sealed terra cotta',NULL,NULL,NULL,NULL,NULL,NULL,1,NULL),(65,'U',NULL,'Turkey Farms',NULL,NULL,NULL,NULL,NULL,NULL,1,NULL),(66,'U',NULL,'Equine Farms',NULL,NULL,NULL,NULL,NULL,NULL,1,NULL),(67,'C','Viruses','*Adenovirus Type 4',NULL,NULL,NULL,NULL,NULL,NULL,1,NULL),(68,'S',NULL,'Sealed granite',NULL,NULL,NULL,NULL,NULL,NULL,1,NULL),(69,'C','Bacteria','Salmonella typhimurium',NULL,NULL,NULL,NULL,NULL,NULL,1,NULL),(70,'S',NULL,'Highchairs',NULL,NULL,NULL,NULL,NULL,NULL,1,NULL),(71,'U',NULL,'Restaurants',NULL,NULL,NULL,NULL,NULL,NULL,1,NULL),(72,'U',NULL,'Carpeting',NULL,NULL,NULL,NULL,NULL,NULL,1,NULL),(73,'C','Bacteria','(1)  ATCC & antibiotic-resistant strain',NULL,NULL,NULL,NULL,NULL,NULL,1,NULL),(74,'C','Bacteria','<p>Staphylococcus aureus<sub> (1)</sub></p>',NULL,NULL,NULL,NULL,NULL,NULL,1,NULL),(75,'C','Bacteria','Salmonella typhi',NULL,NULL,NULL,NULL,NULL,NULL,1,NULL),(76,'C','Bacteria','Proteus mirabilis',NULL,NULL,NULL,NULL,NULL,NULL,1,NULL),(77,'C','Bacteria','Fusobacterium necrophorum',NULL,NULL,NULL,NULL,NULL,NULL,1,NULL),(78,'C','Bacteria','Chlamydia psittaci',NULL,NULL,NULL,NULL,NULL,NULL,1,NULL),(79,'T',NULL,'Algaecide',NULL,NULL,NULL,NULL,NULL,NULL,1,NULL),(80,'C','Bacteria','Enterobacter aerogenes',NULL,NULL,NULL,NULL,NULL,NULL,1,NULL),(81,'C','Viruses','*Vaccinia [Pox virus]',NULL,NULL,NULL,NULL,NULL,NULL,1,NULL),(82,'U',NULL,'Medical Clinics',NULL,NULL,NULL,NULL,NULL,NULL,1,NULL),(83,'T',NULL,'Disinfectant',NULL,NULL,NULL,NULL,NULL,NULL,1,NULL),(84,'U',NULL,'Pet Animal Quarters',NULL,NULL,NULL,NULL,NULL,NULL,1,NULL),(85,'U',NULL,'Beverage Plants',NULL,NULL,NULL,NULL,NULL,NULL,1,NULL),(86,'C','Bacteria','Proteus vulgaris',NULL,NULL,NULL,NULL,NULL,NULL,1,NULL),(87,'S',NULL,'Countertop laminates',NULL,NULL,NULL,NULL,NULL,NULL,1,NULL),(88,'U',NULL,'Motels',NULL,NULL,NULL,NULL,NULL,NULL,1,NULL),(89,'U',NULL,'Athletic Facilities',NULL,NULL,NULL,NULL,NULL,NULL,1,NULL),(90,'C','Bacteria','<p>Kiebsiella pneumoniae<sub> (1)</sub></p>',NULL,NULL,NULL,NULL,NULL,NULL,1,NULL),(91,'S',NULL,'Cages',NULL,NULL,NULL,NULL,NULL,NULL,1,NULL),(92,'S',NULL,'Woodwork',NULL,NULL,NULL,NULL,NULL,NULL,1,NULL),(93,'T',NULL,'Viruscide',NULL,NULL,NULL,NULL,NULL,NULL,1,NULL),(94,'U',NULL,'Pet Shops',NULL,NULL,NULL,NULL,NULL,NULL,1,NULL),(95,'U',NULL,'Mushroom Farms',NULL,NULL,NULL,NULL,NULL,NULL,1,NULL),(96,'U',NULL,'Medical Offices',NULL,NULL,NULL,NULL,NULL,NULL,1,NULL),(97,'U',NULL,'Kennels',NULL,NULL,NULL,NULL,NULL,NULL,1,NULL),(98,'U',NULL,'Hotels',NULL,NULL,NULL,NULL,NULL,NULL,1,NULL),(99,'U',NULL,'Funeral Homes',NULL,NULL,NULL,NULL,NULL,NULL,1,NULL),(100,'U',NULL,'Factories',NULL,NULL,NULL,NULL,NULL,NULL,1,NULL),(101,'U',NULL,'Dairy Farms',NULL,NULL,NULL,NULL,NULL,NULL,1,NULL),(102,'U',NULL,'Citus Plants ',NULL,NULL,NULL,NULL,NULL,NULL,1,NULL),(103,'U',NULL,'Public Facilities',NULL,NULL,NULL,NULL,NULL,NULL,1,NULL),(104,'U',NULL,'Schools',NULL,NULL,NULL,NULL,NULL,NULL,1,NULL),(105,'U',NULL,'Taxis',NULL,NULL,NULL,NULL,NULL,NULL,1,NULL),(106,'S',NULL,'Stainless steel',NULL,NULL,NULL,NULL,NULL,NULL,1,NULL),(107,'S',NULL,'Sealed marble',NULL,NULL,NULL,NULL,NULL,NULL,1,NULL),(108,'S',NULL,'Laminated surfaces',NULL,NULL,NULL,NULL,NULL,NULL,1,NULL),(109,'S',NULL,'Tanning Equipment',NULL,NULL,NULL,NULL,NULL,NULL,1,NULL),(110,'S',NULL,'Microwave ovens',NULL,NULL,NULL,NULL,NULL,NULL,1,NULL),(111,'S',NULL,'Doorknobs',NULL,NULL,NULL,NULL,NULL,NULL,1,NULL),(112,'S',NULL,'Coils and drain pans of air conditioning and refrigeration equipment and heat pumps',NULL,NULL,NULL,NULL,NULL,NULL,1,NULL),(113,'S',NULL,'Bathroom fixtures',NULL,NULL,NULL,NULL,NULL,NULL,1,NULL),(114,'U',NULL,'USDA Inspected Food Processing Facilities',NULL,NULL,NULL,NULL,NULL,NULL,1,NULL),(115,'U',NULL,'Cafeterias',NULL,NULL,NULL,NULL,NULL,NULL,1,NULL),(116,'U',NULL,'Boats',NULL,NULL,NULL,NULL,NULL,NULL,1,NULL),(117,'T',NULL,'Tuberculocide',NULL,NULL,NULL,NULL,NULL,NULL,1,NULL),(118,'T',NULL,'Sanitizer',NULL,NULL,NULL,NULL,NULL,NULL,1,NULL),(119,'S',NULL,'Sealed terrazzo',NULL,NULL,NULL,NULL,NULL,NULL,1,NULL),(120,'S',NULL,'Sealed limestone',NULL,NULL,NULL,NULL,NULL,NULL,1,NULL),(121,'S',NULL,'Glazed enameled surfaces',NULL,NULL,NULL,NULL,NULL,NULL,1,NULL),(122,'S',NULL,'Tanning Beds',NULL,NULL,NULL,NULL,NULL,NULL,1,NULL),(123,'S',NULL,'Kennel runs',NULL,NULL,NULL,NULL,NULL,NULL,1,NULL),(124,'S',NULL,'Desks',NULL,NULL,NULL,NULL,NULL,NULL,1,NULL),(125,'S',NULL,'Chairs',NULL,NULL,NULL,NULL,NULL,NULL,1,NULL),(126,'C','Bacteria','Enterobacter cloacae',NULL,NULL,NULL,NULL,NULL,NULL,1,NULL),(127,'C','Bacteria','Legionella pneumophilia',NULL,NULL,NULL,NULL,NULL,NULL,1,NULL),(128,'C','Bacteria','<p>Pseudomonas aeruginosa<sub> (1)</sub></p>',NULL,NULL,NULL,NULL,NULL,NULL,1,NULL),(129,'U',NULL,'Automotive Industy',NULL,NULL,NULL,NULL,NULL,NULL,1,NULL),(130,'U',NULL,'Airplanes',NULL,NULL,NULL,NULL,NULL,NULL,1,NULL),(131,'C','Viruses','*Rabies',NULL,NULL,NULL,NULL,NULL,NULL,1,NULL),(132,'C','Viruses','*Human coronavirus ',NULL,NULL,NULL,NULL,NULL,NULL,1,NULL),(133,'C','Viruses','*HIV-1 (AIDS virus)',NULL,NULL,NULL,NULL,NULL,NULL,1,NULL),(134,'C','Viruses','*Avian polyomavirus',NULL,NULL,NULL,NULL,NULL,NULL,1,NULL),(135,'C','Fungi','Aspergillus niger',NULL,NULL,NULL,NULL,NULL,NULL,1,NULL),(136,'C','Bacteria','Staphylococcus aureus- Vancomycin Intermediate Resistant (VISA)',NULL,NULL,NULL,NULL,NULL,NULL,1,NULL),(137,'C','Bacteria','Serratia marcescens',NULL,NULL,NULL,NULL,NULL,NULL,1,NULL),(138,'S',NULL,'Appliances',NULL,NULL,NULL,NULL,NULL,NULL,1,NULL),(139,'C','Viruses','*Hepatitis C Virus (HCV)',NULL,NULL,NULL,NULL,NULL,NULL,1,NULL),(140,'S',NULL,'Telephones',NULL,NULL,NULL,NULL,NULL,NULL,1,NULL),(141,'S',NULL,'Outdoor furniture',NULL,NULL,NULL,NULL,NULL,NULL,1,NULL),(142,'S',NULL,'Floors',NULL,NULL,NULL,NULL,NULL,NULL,1,NULL),(143,'S',NULL,'Conductive flooring',NULL,NULL,NULL,NULL,NULL,NULL,1,NULL),(144,'S',NULL,'Bathtubs (Fiberglass)',NULL,NULL,NULL,NULL,NULL,NULL,1,NULL),(145,'U',NULL,'Verterinary Clinics',NULL,NULL,NULL,NULL,NULL,NULL,1,NULL),(146,'U',NULL,'Trailers',NULL,NULL,NULL,NULL,NULL,NULL,1,NULL),(147,'U',NULL,'Ships',NULL,NULL,NULL,NULL,NULL,NULL,1,NULL),(148,'U',NULL,'Public Rest Rooms',NULL,NULL,NULL,NULL,NULL,NULL,1,NULL),(149,'S',NULL,'Metal',NULL,NULL,NULL,NULL,NULL,NULL,1,NULL),(150,'S',NULL,'Sealed slate',NULL,NULL,NULL,NULL,NULL,NULL,1,NULL),(151,'S',NULL,'Upholstery',NULL,NULL,NULL,NULL,NULL,NULL,1,NULL),(152,'C','Viruses','*Canine parvovirus- at 2 oz. per gallon',NULL,NULL,NULL,NULL,NULL,NULL,1,NULL),(153,'C','Fungi','Trichophyton mentagrophytes [Athlete\'s Foot Fungus]',NULL,NULL,NULL,NULL,NULL,NULL,1,NULL),(154,'C','Bacteria','<p>Streptococcus faecalis<sub> (1)</sub></p>',NULL,NULL,NULL,NULL,NULL,NULL,1,NULL),(155,'C','Bacteria','Shigella sonnei',NULL,NULL,NULL,NULL,NULL,NULL,1,NULL),(156,'C','Bacteria','Salmonella enteritidis',NULL,NULL,NULL,NULL,NULL,NULL,1,NULL),(157,'C','Bacteria','Pasteurella multocida ',NULL,NULL,NULL,NULL,NULL,NULL,1,NULL),(158,'C','Bacteria','<p>Escherichia coli<sub> (1)</sub></p>',NULL,NULL,NULL,NULL,NULL,NULL,1,NULL),(159,'C','Bacteria','Bordetella bronchiseptica',NULL,NULL,NULL,NULL,NULL,NULL,1,NULL),(160,'T',NULL,'Fungicide',NULL,NULL,NULL,NULL,NULL,NULL,1,NULL),(161,'U',NULL,'Playground Equipment',NULL,NULL,NULL,NULL,NULL,NULL,1,NULL),(162,'U',NULL,'Nurseries',NULL,NULL,NULL,NULL,NULL,NULL,1,NULL),(163,'C','Viruses','*Infectious bovine rhinotracheitis',NULL,NULL,NULL,NULL,NULL,NULL,1,NULL),(164,'C','Viruses','*Hepatitis B Virus (HBV)',NULL,NULL,NULL,NULL,NULL,NULL,1,NULL),(165,'C','Viruses','*Canine distemper',NULL,NULL,NULL,NULL,NULL,NULL,1,NULL),(166,'C','Fungi','Candida albicans',NULL,NULL,NULL,NULL,NULL,NULL,1,NULL),(167,'C','Bacteria','<p>Staphylococcus epidermidis<sub> (2)</sub></p>',NULL,NULL,NULL,NULL,NULL,NULL,1,NULL),(168,'C','Bacteria','Shigella fiexneri',NULL,NULL,NULL,NULL,NULL,NULL,1,NULL),(169,'C','Bacteria','Salmonella choleraesuis',NULL,NULL,NULL,NULL,NULL,NULL,1,NULL),(170,'C','Bacteria','Listeria monocytogenes',NULL,NULL,NULL,NULL,NULL,NULL,1,NULL),(171,'C','Bacteria','Enterococcus faecalis- Vancomycin Resistant (VRE)',NULL,NULL,NULL,NULL,NULL,NULL,1,NULL),(172,'C','Viruses','*Respiratory Syncytial Virus (RSV)',NULL,NULL,NULL,NULL,NULL,NULL,1,NULL),(173,'U',NULL,'Airports',NULL,NULL,NULL,NULL,NULL,NULL,1,NULL),(174,'U',NULL,'Barber Shops',NULL,NULL,NULL,NULL,NULL,NULL,1,NULL),(175,'U',NULL,'Mobile Homes',NULL,NULL,NULL,NULL,NULL,NULL,1,NULL),(176,'U',NULL,'Kitchens',NULL,NULL,NULL,NULL,NULL,NULL,1,NULL),(177,'U',NULL,'Industrial Institutions',NULL,NULL,NULL,NULL,NULL,NULL,1,NULL),(178,'U',NULL,'Health Care Facilities',NULL,NULL,NULL,NULL,NULL,NULL,1,NULL),(179,'U',NULL,'Farms',NULL,NULL,NULL,NULL,NULL,NULL,1,NULL),(180,'U',NULL,'Day Care Centers',NULL,NULL,NULL,NULL,NULL,NULL,1,NULL),(181,'U',NULL,'Colleges',NULL,NULL,NULL,NULL,NULL,NULL,1,NULL),(182,'U',NULL,'Camp Grounds',NULL,NULL,NULL,NULL,NULL,NULL,1,NULL),(183,'U',NULL,'Breeding and Grooming Establishments',NULL,NULL,NULL,NULL,NULL,NULL,1,NULL),(184,'C','Bacteria','Acinetobacter calcoaceticus',NULL,NULL,NULL,NULL,NULL,NULL,1,NULL),(185,'C','Bacteria','(1)  ATCC & antibiotic-resistant strain',NULL,NULL,NULL,NULL,NULL,962,2,NULL),(186,'C','Bacteria','(2)  antibiotic-resistant strain only',NULL,NULL,NULL,NULL,NULL,946,2,NULL),(187,'C','Bacteria','<p>Escherichia coli<sub> (1)</sub></p>',NULL,NULL,NULL,NULL,NULL,1047,2,NULL),(188,'C','Bacteria','<p>Kiebsiella pneumoniae<sub> (1)</sub></p>',NULL,NULL,NULL,NULL,NULL,979,2,NULL),(189,'C','Bacteria','<p>Pseudomonas aeruginosa<sub> (1)</sub></p>',NULL,NULL,NULL,NULL,NULL,1017,2,NULL),(190,'C','Bacteria','<p>Staphylococcus aureus<sub> (1)</sub></p>',NULL,NULL,NULL,NULL,NULL,963,2,NULL),(191,'C','Bacteria','<p>Staphylococcus epidermidis<sub> (2)</sub></p>',NULL,NULL,NULL,NULL,NULL,1056,2,NULL),(192,'C','Bacteria','<p>Streptococcus faecalis<sub> (1)</sub></p>',NULL,NULL,NULL,NULL,NULL,1043,2,NULL),(193,'C','Bacteria','Acinetobacter calcoaceticus',NULL,NULL,NULL,NULL,NULL,1073,2,NULL),(194,'C','Bacteria','Bordetella bronchiseptica',NULL,NULL,NULL,NULL,NULL,1048,2,NULL),(195,'C','Bacteria','Chlamydia psittaci',NULL,NULL,NULL,NULL,NULL,967,2,NULL),(196,'C','Bacteria','Enterobacter aerogenes',NULL,NULL,NULL,NULL,NULL,969,2,NULL),(197,'C','Bacteria','Enterobacter cloacae',NULL,NULL,NULL,NULL,NULL,1015,2,NULL),(198,'C','Bacteria','Enterococcus faecalis- Vancomycin Resistant (VRE)',NULL,NULL,NULL,NULL,NULL,1060,2,NULL),(199,'C','Bacteria','Fusobacterium necrophorum',NULL,NULL,NULL,NULL,NULL,966,2,NULL),(200,'C','Bacteria','Legionella pneumophilia',NULL,NULL,NULL,NULL,NULL,1016,2,NULL),(201,'C','Bacteria','Listeria monocytogenes',NULL,NULL,NULL,NULL,NULL,1059,2,NULL),(202,'C','Bacteria','Pasteurella multocida ',NULL,NULL,NULL,NULL,NULL,1046,2,NULL),(203,'C','Bacteria','Proteus mirabilis',NULL,NULL,NULL,NULL,NULL,965,2,NULL),(204,'C','Bacteria','Proteus vulgaris',NULL,NULL,NULL,NULL,NULL,975,2,NULL),(205,'C','Bacteria','Salmonella choleraesuis',NULL,NULL,NULL,NULL,NULL,1058,2,NULL),(206,'C','Bacteria','Salmonella enteritidis',NULL,NULL,NULL,NULL,NULL,1045,2,NULL),(207,'C','Bacteria','Salmonella typhi',NULL,NULL,NULL,NULL,NULL,964,2,NULL),(208,'C','Bacteria','Salmonella typhimurium',NULL,NULL,NULL,NULL,NULL,958,2,NULL),(209,'C','Bacteria','Serratia marcescens',NULL,NULL,NULL,NULL,NULL,1026,2,NULL),(210,'C','Bacteria','Shigella fiexneri',NULL,NULL,NULL,NULL,NULL,1057,2,NULL),(211,'C','Bacteria','Shigella sonnei',NULL,NULL,NULL,NULL,NULL,1044,2,NULL),(212,'C','Bacteria','Staphylococcus aureus- Methicillin resistant (MRSA)',NULL,NULL,NULL,NULL,NULL,941,2,NULL),(213,'C','Bacteria','Staphylococcus aureus- Vancomycin Intermediate Resistant (VISA)',NULL,NULL,NULL,NULL,NULL,1025,2,NULL),(214,'C','Fungi','Aspergillus niger',NULL,NULL,NULL,NULL,30,1024,2,NULL),(215,'C','Fungi','Candida albicans',NULL,NULL,NULL,NULL,31,1055,2,NULL),(216,'C','Fungi','Trichophyton mentagrophytes [Athlete\'s Foot Fungus]',NULL,NULL,NULL,NULL,32,1042,2,NULL),(217,'C','Fungi','[a cause of Ringworm] [a cause of Ringworm of the foot]',NULL,NULL,NULL,NULL,33,926,2,NULL),(218,'C','Viruses','*Adenovirus Type 4',NULL,NULL,NULL,NULL,NULL,956,2,NULL),(219,'C','Viruses','*Avian polyomavirus',NULL,NULL,NULL,NULL,NULL,1023,2,NULL),(220,'C','Viruses','*Canine distemper',NULL,NULL,NULL,NULL,NULL,1054,2,NULL),(221,'C','Viruses','*Canine parvovirus- at 2 oz. per gallon',NULL,NULL,NULL,NULL,NULL,1041,2,NULL),(222,'C','Viruses','*Feline leukemia',NULL,NULL,NULL,NULL,NULL,1083,2,NULL),(223,'C','Viruses','*Feline picomavirus',NULL,NULL,NULL,NULL,NULL,952,2,NULL),(224,'C','Viruses','*HIV-1 (AIDS virus)',NULL,NULL,NULL,NULL,NULL,1022,2,NULL),(225,'C','Viruses','*Hepatitis B Virus (HBV)',NULL,NULL,NULL,NULL,NULL,1053,2,NULL),(226,'C','Viruses','*Hepatitis C Virus (HCV)',NULL,NULL,NULL,NULL,NULL,1028,2,NULL),(227,'C','Viruses','*Herpes Simplex Type 1',NULL,NULL,NULL,NULL,NULL,1080,2,NULL),(228,'C','Viruses','*Herpes Simplex Type 2',NULL,NULL,NULL,NULL,NULL,943,2,NULL),(229,'C','Viruses','*Human coronavirus ',NULL,NULL,NULL,NULL,NULL,1021,2,NULL),(230,'C','Viruses','*Infectious bovine rhinotracheitis',NULL,NULL,NULL,NULL,NULL,1052,2,NULL),(231,'C','Viruses','*Infectious bronchitis (Avian IBV)',NULL,NULL,NULL,NULL,NULL,935,2,NULL),(232,'C','Viruses','*Influenza A/ Hong Kong',NULL,NULL,NULL,NULL,NULL,1077,2,NULL),(233,'C','Viruses','*Pseudorabies (PRV)',NULL,NULL,NULL,NULL,NULL,949,2,NULL),(234,'C','Viruses','*Rabies',NULL,NULL,NULL,NULL,NULL,1020,2,NULL),(235,'C','Viruses','*Respiratory Syncytial Virus (RSV)',NULL,NULL,NULL,NULL,NULL,1061,2,NULL),(236,'C','Viruses','*Rubella (German Measles)',NULL,NULL,NULL,NULL,NULL,922,2,NULL),(237,'C','Viruses','*Transmissible gastroenteritis virus (TGE)\Z',NULL,NULL,NULL,NULL,NULL,1084,2,NULL),(238,'C','Viruses','*Vaccinia [Pox virus]',NULL,NULL,NULL,NULL,NULL,970,2,NULL),(239,'S',NULL,'Appliances',NULL,NULL,NULL,NULL,NULL,1027,2,NULL),(240,'S',NULL,'Bathroom fixtures',NULL,NULL,NULL,NULL,NULL,1002,2,NULL),(241,'S',NULL,'Bathtubs (Fiberglass)',NULL,NULL,NULL,NULL,NULL,1033,2,NULL),(242,'S',NULL,'Cabinets',NULL,NULL,NULL,NULL,NULL,1092,2,NULL),(243,'S',NULL,'Cages',NULL,NULL,NULL,NULL,NULL,980,2,NULL),(244,'S',NULL,'Chairs',NULL,NULL,NULL,NULL,NULL,1014,2,NULL),(245,'S',NULL,'Coils and drain pans of air conditioning and refrigeration equipment and heat pumps',NULL,NULL,NULL,NULL,NULL,1001,2,NULL),(246,'S',NULL,'Conductive flooring',NULL,NULL,NULL,NULL,NULL,1032,2,NULL),(247,'S',NULL,'Counters (countertops)',NULL,NULL,NULL,NULL,NULL,1091,2,NULL),(248,'S',NULL,'Countertop laminates',NULL,NULL,NULL,NULL,NULL,976,2,NULL),(249,'S',NULL,'Desks',NULL,NULL,NULL,NULL,NULL,1013,2,NULL),(250,'S',NULL,'Doorknobs',NULL,NULL,NULL,NULL,NULL,1000,2,NULL),(251,'S',NULL,'Floors',NULL,NULL,NULL,NULL,NULL,1031,2,NULL),(252,'S',NULL,'Garbage cans',NULL,NULL,NULL,NULL,NULL,1090,2,NULL),(253,'S',NULL,'Glazed ceramic',NULL,NULL,NULL,NULL,NULL,937,2,NULL),(254,'S',NULL,'Glazed enameled surfaces',NULL,NULL,NULL,NULL,NULL,1010,2,NULL),(255,'S',NULL,'Highchairs',NULL,NULL,NULL,NULL,NULL,959,2,NULL),(256,'S',NULL,'Kennel runs',NULL,NULL,NULL,NULL,NULL,1012,2,NULL),(257,'S',NULL,'Laminated surfaces',NULL,NULL,NULL,NULL,NULL,997,2,NULL),(258,'S',NULL,'Metal',NULL,NULL,NULL,NULL,NULL,1038,2,NULL),(259,'S',NULL,'Microwave ovens',NULL,NULL,NULL,NULL,NULL,999,2,NULL),(260,'S',NULL,'Non-medical metal surfaces,',NULL,NULL,NULL,NULL,NULL,1105,2,NULL),(261,'S',NULL,'Non-medical stainless steel surfaces,',NULL,NULL,NULL,NULL,NULL,1106,2,NULL),(262,'S',NULL,'Other hard nonporous surfaces made of:',NULL,NULL,NULL,NULL,NULL,1088,2,NULL),(263,'S',NULL,'Outdoor furniture',NULL,NULL,NULL,NULL,NULL,1030,2,NULL),(264,'S',NULL,'Plastic (such as polystyrene or polypropylene)',NULL,NULL,NULL,NULL,NULL,1087,2,NULL),(265,'S',NULL,'Refrigerated storage and display equipment',NULL,NULL,NULL,NULL,NULL,942,2,NULL),(266,'S',NULL,'Refrigerators',NULL,NULL,NULL,NULL,NULL,1089,2,NULL),(267,'S',NULL,'Sealed granite',NULL,NULL,NULL,NULL,NULL,957,2,NULL),(268,'S',NULL,'Sealed limestone',NULL,NULL,NULL,NULL,NULL,1009,2,NULL),(269,'S',NULL,'Sealed marble',NULL,NULL,NULL,NULL,NULL,996,2,NULL),(270,'S',NULL,'Sealed slate',NULL,NULL,NULL,NULL,NULL,1039,2,NULL),(271,'S',NULL,'Sealed stone',NULL,NULL,NULL,NULL,NULL,1074,2,NULL),(272,'S',NULL,'Sealed terra cotta',NULL,NULL,NULL,NULL,NULL,953,2,NULL),(273,'S',NULL,'Sealed terrazzo',NULL,NULL,NULL,NULL,NULL,1008,2,NULL),(274,'S',NULL,'Stainless steel',NULL,NULL,NULL,NULL,NULL,995,2,NULL),(275,'S',NULL,'Tanning Beds',NULL,NULL,NULL,NULL,NULL,1011,2,NULL),(276,'S',NULL,'Tanning Equipment',NULL,NULL,NULL,NULL,NULL,998,2,NULL),(277,'S',NULL,'Telephones',NULL,NULL,NULL,NULL,NULL,1029,2,NULL),(278,'S',NULL,'Upholstery',NULL,NULL,NULL,NULL,NULL,1040,2,NULL),(279,'S',NULL,'Walls',NULL,NULL,NULL,NULL,NULL,1107,2,NULL),(280,'S',NULL,'Woodwork',NULL,NULL,NULL,NULL,NULL,981,2,NULL),(281,'T',NULL,'Algaecide',NULL,NULL,NULL,NULL,97,968,2,NULL),(282,'T',NULL,'Disinfectant',NULL,NULL,NULL,NULL,98,972,2,NULL),(283,'T',NULL,'Fungicide',NULL,NULL,NULL,NULL,99,1049,2,NULL),(284,'T',NULL,'General Purpose Anti-microbial',NULL,NULL,NULL,NULL,100,950,2,NULL),(285,'T',NULL,'Sanitizer',NULL,NULL,NULL,NULL,101,1007,2,NULL),(286,'T',NULL,'Tuberculocide',NULL,NULL,NULL,NULL,102,1006,2,NULL),(287,'T',NULL,'Viruscide',NULL,NULL,NULL,NULL,103,982,2,NULL),(288,'U',NULL,'Airplanes',NULL,NULL,NULL,NULL,104,1019,2,NULL),(289,'U',NULL,'Airports',NULL,NULL,NULL,NULL,NULL,1062,2,NULL),(290,'U',NULL,'Animal Care','R',NULL,NULL,NULL,NULL,1109,2,NULL),(291,'U',NULL,'Animal Laboratories',NULL,NULL,NULL,NULL,NULL,921,2,NULL),(292,'U',NULL,'Animal Life Science Laboratories',NULL,NULL,NULL,NULL,NULL,1086,2,NULL),(293,'U',NULL,'Athletic Facilities',NULL,NULL,NULL,NULL,NULL,978,2,NULL),(294,'U',NULL,'Automotive Industy',NULL,NULL,NULL,NULL,110,1018,2,NULL),(295,'U',NULL,'Barber Shops',NULL,NULL,NULL,NULL,111,1063,2,NULL),(296,'U',NULL,'Bars',NULL,NULL,NULL,NULL,112,1104,2,NULL),(297,'U',NULL,'Bathrooms',NULL,NULL,NULL,NULL,NULL,1094,2,NULL),(298,'U',NULL,'Beverage Plants',NULL,NULL,NULL,NULL,114,974,2,NULL),(299,'U',NULL,'Boats',NULL,NULL,NULL,NULL,115,1005,2,NULL),(300,'U',NULL,'Breeding and Grooming Establishments',NULL,NULL,NULL,NULL,NULL,1072,2,NULL),(301,'U',NULL,'Breweries',NULL,NULL,NULL,NULL,117,1103,2,NULL),(302,'U',NULL,'Buses',NULL,NULL,NULL,NULL,118,1078,2,NULL),(303,'U',NULL,'Business and Office Buildings',NULL,NULL,NULL,NULL,119,945,2,NULL),(304,'U',NULL,'Cafeterias',NULL,NULL,NULL,NULL,120,1004,2,NULL),(305,'U',NULL,'Camp Grounds',NULL,NULL,NULL,NULL,121,1071,2,NULL),(306,'U',NULL,'Campers',NULL,NULL,NULL,NULL,122,1102,2,NULL),(307,'U',NULL,'Carpeting',NULL,NULL,NULL,NULL,123,961,2,NULL),(308,'U',NULL,'Cars',NULL,NULL,NULL,NULL,124,940,2,NULL),(309,'U',NULL,'Citus Plants ',NULL,NULL,NULL,NULL,125,991,2,NULL),(310,'U',NULL,'Colleges',NULL,NULL,NULL,NULL,NULL,1070,2,NULL),(311,'U',NULL,'Commercial Institutions',NULL,NULL,NULL,NULL,127,1101,2,NULL),(312,'U',NULL,'Convenience Stores',NULL,NULL,NULL,NULL,128,928,2,NULL),(313,'U',NULL,'Correctional Facilities',NULL,NULL,NULL,NULL,129,947,2,NULL),(314,'U',NULL,'Dairy Farms',NULL,NULL,NULL,NULL,NULL,990,2,NULL),(315,'U',NULL,'Day Care Centers',NULL,NULL,NULL,NULL,131,1069,2,NULL),(316,'U',NULL,'Dental Offices',NULL,NULL,NULL,NULL,132,1100,2,NULL),(317,'U',NULL,'Emergency Vehicles',NULL,NULL,NULL,NULL,133,1097,2,NULL),(318,'U',NULL,'Equine Farms',NULL,NULL,NULL,NULL,NULL,955,2,NULL),(319,'U',NULL,'Factories',NULL,NULL,NULL,NULL,135,989,2,NULL),(320,'U',NULL,'Farms',NULL,NULL,NULL,NULL,NULL,1068,2,NULL),(321,'U',NULL,'Federally Inspected Meat and Poultry Plants',NULL,NULL,NULL,NULL,NULL,1099,2,NULL),(322,'U',NULL,'Food Processing Plants',NULL,NULL,NULL,NULL,138,1082,2,NULL),(323,'U',NULL,'Food Storage Areas',NULL,NULL,NULL,NULL,139,951,2,NULL),(324,'U',NULL,'Funeral Homes',NULL,NULL,NULL,NULL,140,988,2,NULL),(325,'U',NULL,'Health Care Facilities',NULL,NULL,NULL,NULL,141,1067,2,NULL),(326,'U',NULL,'Hog Farms',NULL,NULL,NULL,NULL,NULL,1098,2,NULL),(327,'U',NULL,'Homes (Households)',NULL,NULL,NULL,NULL,NULL,1079,2,NULL),(328,'U',NULL,'Hospitals',NULL,NULL,NULL,NULL,144,938,2,NULL),(329,'U',NULL,'Hotels',NULL,NULL,NULL,NULL,NULL,987,2,NULL),(330,'U',NULL,'Industrial Institutions',NULL,NULL,NULL,NULL,146,1066,2,NULL),(331,'U',NULL,'Institutional Facilities',NULL,NULL,NULL,NULL,147,923,2,NULL),(332,'U',NULL,'Institutional Kitchens',NULL,NULL,NULL,NULL,148,1076,2,NULL),(333,'U',NULL,'Institutions',NULL,NULL,NULL,NULL,149,936,2,NULL),(334,'U',NULL,'Kennels',NULL,NULL,NULL,NULL,NULL,986,2,NULL),(335,'U',NULL,'Kitchens',NULL,NULL,NULL,NULL,151,1065,2,NULL),(336,'U',NULL,'Laundry Industry',NULL,NULL,NULL,NULL,152,924,2,NULL),(337,'U',NULL,'Locker Rooms',NULL,NULL,NULL,NULL,NULL,1085,2,NULL),(338,'U',NULL,'Medical Clinics',NULL,NULL,NULL,NULL,154,971,2,NULL),(339,'U',NULL,'Medical Offices',NULL,NULL,NULL,NULL,155,985,2,NULL),(340,'U',NULL,'Mobile Homes',NULL,NULL,NULL,NULL,156,1064,2,NULL),(341,'U',NULL,'Morgues',NULL,NULL,NULL,NULL,157,925,2,NULL),(342,'U',NULL,'Mortuaries',NULL,NULL,NULL,NULL,158,1095,2,NULL),(343,'U',NULL,'Motels',NULL,NULL,NULL,NULL,NULL,977,2,NULL),(344,'U',NULL,'Mushroom Farms',NULL,NULL,NULL,NULL,160,984,2,NULL),(345,'U',NULL,'Nurseries',NULL,NULL,NULL,NULL,161,1051,2,NULL),(346,'U',NULL,'Nursing Homes',NULL,NULL,NULL,NULL,162,934,2,NULL),(347,'U',NULL,'Office Buildings',NULL,NULL,NULL,NULL,163,1093,2,NULL),(348,'U',NULL,'Pet Animal Quarters',NULL,NULL,NULL,NULL,164,973,2,NULL),(349,'U',NULL,'Pet Shops',NULL,NULL,NULL,NULL,NULL,983,2,NULL),(350,'U',NULL,'Playground Equipment',NULL,NULL,NULL,NULL,166,1050,2,NULL),(351,'U',NULL,'Poultry Farms',NULL,NULL,NULL,NULL,NULL,933,2,NULL),(352,'U',NULL,'Poultry Plants','R',NULL,NULL,NULL,NULL,1110,2,NULL),(353,'U',NULL,'Prisons',NULL,NULL,NULL,NULL,169,1075,2,NULL),(354,'U',NULL,'Protective Safety Gear',NULL,NULL,NULL,NULL,170,944,2,NULL),(355,'U',NULL,'Public Facilities',NULL,NULL,NULL,NULL,171,992,2,NULL),(356,'U',NULL,'Public Rest Rooms',NULL,NULL,NULL,NULL,172,1037,2,NULL),(357,'U',NULL,'Recreational Vehicle Use',NULL,NULL,NULL,NULL,173,932,2,NULL),(358,'U',NULL,'Restaurants',NULL,NULL,NULL,NULL,174,960,2,NULL),(359,'U',NULL,'Salons (Beauty)',NULL,NULL,NULL,NULL,175,939,2,NULL),(360,'U',NULL,'Schools',NULL,NULL,NULL,NULL,NULL,993,2,NULL),(361,'U',NULL,'Ships',NULL,NULL,NULL,NULL,177,1036,2,NULL),(362,'U',NULL,'Shower and Bath Areas',NULL,NULL,NULL,NULL,NULL,931,2,NULL),(363,'U',NULL,'Tack Shops',NULL,NULL,NULL,NULL,NULL,927,2,NULL),(364,'U',NULL,'Tanning Salons',NULL,NULL,NULL,NULL,180,948,2,NULL),(365,'U',NULL,'Taxis',NULL,NULL,NULL,NULL,181,994,2,NULL),(366,'U',NULL,'Trailers',NULL,NULL,NULL,NULL,182,1035,2,NULL),(367,'U',NULL,'Trains',NULL,NULL,NULL,NULL,183,930,2,NULL),(368,'U',NULL,'Transportation Terminals',NULL,NULL,NULL,NULL,184,1096,2,NULL),(369,'U',NULL,'Turkey Farms',NULL,NULL,NULL,NULL,NULL,954,2,NULL),(370,'U',NULL,'USDA Inspected Food Processing Facilities',NULL,NULL,NULL,NULL,186,1003,2,NULL),(371,'U',NULL,'Verterinary Clinics',NULL,NULL,NULL,NULL,NULL,1034,2,NULL),(372,'U',NULL,'Veterinary Practice','R',NULL,NULL,NULL,NULL,1108,2,NULL),(373,'U',NULL,'Whirlpool and Foot Spa Use',NULL,NULL,NULL,NULL,189,929,2,NULL),(374,'U',NULL,'Zoos',NULL,NULL,NULL,NULL,NULL,1081,2,NULL),(565,'C','Bacteria','(1)  ATCC & antibiotic-resistant strain',NULL,NULL,NULL,NULL,1,1111,4,NULL),(566,'C','Bacteria','(2)  antibiotic-resistant strain only',NULL,NULL,NULL,NULL,2,1112,4,NULL),(567,'C','Bacteria','Acinetobacter calcoaceticus',NULL,NULL,NULL,NULL,3,1119,4,NULL),(568,'C','Bacteria','Bordetella bronchiseptica',NULL,NULL,NULL,NULL,4,1120,4,NULL),(569,'C','Bacteria','Chlamydia psittaci',NULL,NULL,NULL,NULL,5,1121,4,NULL),(570,'C','Bacteria','Enterobacter aerogenes',NULL,NULL,NULL,NULL,6,1122,4,NULL),(571,'C','Bacteria','Enterobacter cloacae',NULL,NULL,NULL,NULL,7,1123,4,NULL),(572,'C','Bacteria','Enterococcus faecalis- Vancomycin Resistant (VRE)',NULL,NULL,NULL,NULL,8,1124,4,NULL),(573,'C','Bacteria','Escherichia coli<sub> (1)</sub>',NULL,NULL,NULL,NULL,9,1113,4,NULL),(574,'C','Bacteria','Fusobacterium necrophorum',NULL,NULL,NULL,NULL,10,1125,4,NULL),(575,'C','Bacteria','Kiebsiella pneumoniae<sub> (1)</sub>',NULL,NULL,NULL,NULL,11,1114,4,NULL),(576,'C','Bacteria','Legionella pneumophilia',NULL,NULL,NULL,NULL,12,1126,4,NULL),(577,'C','Bacteria','Listeria monocytogenes',NULL,NULL,NULL,NULL,13,1127,4,NULL),(578,'C','Bacteria','Pasteurella multocida ',NULL,NULL,NULL,NULL,14,1128,4,NULL),(579,'C','Bacteria','Proteus mirabilis',NULL,NULL,NULL,NULL,15,1129,4,NULL),(580,'C','Bacteria','Proteus vulgaris',NULL,NULL,NULL,NULL,16,1130,4,NULL),(581,'C','Bacteria','Pseudomonas aeruginosa<sub> (1)</sub>',NULL,NULL,NULL,NULL,17,1115,4,NULL),(582,'C','Bacteria','Salmonella choleraesuis',NULL,NULL,NULL,NULL,18,1131,4,NULL),(583,'C','Bacteria','Salmonella enteritidis',NULL,NULL,NULL,NULL,19,1132,4,NULL),(584,'C','Bacteria','Salmonella typhi',NULL,NULL,NULL,NULL,20,1133,4,NULL),(585,'C','Bacteria','Salmonella typhimurium',NULL,NULL,NULL,NULL,21,1134,4,NULL),(586,'C','Bacteria','Serratia marcescens',NULL,NULL,NULL,NULL,22,1135,4,NULL),(587,'C','Bacteria','Shigella fiexneri',NULL,NULL,NULL,NULL,23,1136,4,NULL),(588,'C','Bacteria','Shigella sonnei',NULL,NULL,NULL,NULL,24,1137,4,NULL),(589,'C','Bacteria','Staphylococcus aureus- Methicillin resistant (MRSA)',NULL,NULL,NULL,NULL,25,1138,4,NULL),(590,'C','Bacteria','Staphylococcus aureus- Vancomycin Intermediate Resistant (VISA)',NULL,NULL,NULL,NULL,26,1139,4,NULL),(591,'C','Bacteria','Staphylococcus aureus<sub> (1)</sub>',NULL,NULL,NULL,NULL,27,1116,4,NULL),(592,'C','Bacteria','Staphylococcus epidermidis<sub> (2)</sub>',NULL,NULL,NULL,NULL,28,1117,4,NULL),(593,'C','Bacteria','Streptococcus faecalis<sub> (1)</sub>',NULL,NULL,NULL,NULL,29,1118,4,NULL),(594,'C','Fungi','Aspergillus niger',NULL,NULL,NULL,NULL,30,1140,4,NULL),(595,'C','Fungi','Candida albicans',NULL,NULL,NULL,NULL,31,1141,4,NULL),(596,'C','Fungi','Trichophyton mentagrophytes [Athlete\'s Foot Fungus]',NULL,NULL,NULL,NULL,32,1142,4,NULL),(597,'C','Fungi','[a cause of Ringworm] [a cause of Ringworm of the foot]',NULL,NULL,NULL,NULL,33,1143,4,NULL),(598,'C','Viruses','*Adenovirus Type 4',NULL,NULL,NULL,NULL,34,1144,4,NULL),(599,'C','Viruses','*Avian polyomavirus',NULL,NULL,NULL,NULL,35,1145,4,NULL),(600,'C','Viruses','*Canine distemper',NULL,NULL,NULL,NULL,36,1146,4,NULL),(601,'C','Viruses','*Canine parvovirus- at 2 oz. per gallon',NULL,NULL,NULL,NULL,37,1147,4,NULL),(602,'C','Viruses','*Feline leukemia',NULL,NULL,NULL,NULL,38,1148,4,NULL),(603,'C','Viruses','*Feline picomavirus',NULL,NULL,NULL,NULL,39,1149,4,NULL),(604,'C','Viruses','*HIV-1 (AIDS virus)',NULL,NULL,NULL,NULL,40,1150,4,NULL),(605,'C','Viruses','*Hepatitis B Virus (HBV)',NULL,NULL,NULL,NULL,41,1151,4,NULL),(606,'C','Viruses','*Hepatitis C Virus (HCV)',NULL,NULL,NULL,NULL,42,1152,4,NULL),(607,'C','Viruses','*Herpes Simplex Type 1',NULL,NULL,NULL,NULL,43,1153,4,NULL),(608,'C','Viruses','*Herpes Simplex Type 2',NULL,NULL,NULL,NULL,44,1154,4,NULL),(609,'C','Viruses','*Human coronavirus ',NULL,NULL,NULL,NULL,45,1155,4,NULL),(610,'C','Viruses','*Infectious bovine rhinotracheitis',NULL,NULL,NULL,NULL,46,1156,4,NULL),(611,'C','Viruses','*Infectious bronchitis (Avian IBV)',NULL,NULL,NULL,NULL,47,1157,4,NULL),(612,'C','Viruses','*Influenza A/ Hong Kong',NULL,NULL,NULL,NULL,48,1158,4,NULL),(613,'C','Viruses','*Pseudorabies (PRV)',NULL,NULL,NULL,NULL,49,1159,4,NULL),(614,'C','Viruses','*Rabies',NULL,NULL,NULL,NULL,50,1160,4,NULL),(615,'C','Viruses','*Respiratory Syncytial Virus (RSV)',NULL,NULL,NULL,NULL,51,1161,4,NULL),(616,'C','Viruses','*Rubella (German Measles)',NULL,NULL,NULL,NULL,52,1162,4,NULL),(617,'C','Viruses','*Transmissible gastroenteritis virus (TGE)\Z',NULL,NULL,NULL,NULL,53,1163,4,NULL),(618,'C','Viruses','*Vaccinia [Pox virus]',NULL,NULL,NULL,NULL,54,1164,4,NULL),(619,'S',NULL,'Appliances',NULL,NULL,NULL,NULL,55,1165,4,NULL),(620,'S',NULL,'Bathroom fixtures',NULL,NULL,NULL,NULL,56,1166,4,NULL),(621,'S',NULL,'Bathtubs (Fiberglass)',NULL,NULL,NULL,NULL,57,1167,4,NULL),(622,'S',NULL,'Cabinets',NULL,NULL,NULL,NULL,58,1168,4,NULL),(623,'S',NULL,'Cages',NULL,NULL,NULL,NULL,59,1169,4,NULL),(624,'S',NULL,'Chairs',NULL,NULL,NULL,NULL,60,1170,4,NULL),(625,'S',NULL,'Coils and drain pans of air conditioning and refrigeration equipment and heat pumps',NULL,NULL,NULL,NULL,61,1171,4,NULL),(626,'S',NULL,'Conductive flooring',NULL,NULL,NULL,NULL,62,1172,4,NULL),(627,'S',NULL,'Counters (countertops)',NULL,NULL,NULL,NULL,63,1173,4,NULL),(628,'S',NULL,'Countertop laminates',NULL,NULL,NULL,NULL,64,1174,4,NULL),(629,'S',NULL,'Desks',NULL,NULL,NULL,NULL,65,1175,4,NULL),(630,'S',NULL,'Doorknobs',NULL,NULL,NULL,NULL,66,1176,4,NULL),(631,'S',NULL,'Floors',NULL,NULL,NULL,NULL,67,1177,4,NULL),(632,'S',NULL,'Garbage cans',NULL,NULL,NULL,NULL,68,1178,4,NULL),(633,'S',NULL,'Glazed ceramic',NULL,NULL,NULL,NULL,69,1179,4,NULL),(634,'S',NULL,'Glazed enameled surfaces',NULL,NULL,NULL,NULL,70,1180,4,NULL),(635,'S',NULL,'Highchairs',NULL,NULL,NULL,NULL,71,1181,4,NULL),(636,'S',NULL,'Kennel runs',NULL,NULL,NULL,NULL,72,1182,4,NULL),(637,'S',NULL,'Laminated surfaces',NULL,NULL,NULL,NULL,73,1183,4,NULL),(638,'S',NULL,'Metal',NULL,NULL,NULL,NULL,74,1184,4,NULL),(639,'S',NULL,'Microwave ovens',NULL,NULL,NULL,NULL,75,1185,4,NULL),(640,'S',NULL,'Non-medical metal surfaces',NULL,NULL,NULL,NULL,76,1186,4,NULL),(641,'S',NULL,'Non-medical stainless steel surfaces',NULL,NULL,NULL,NULL,77,1187,4,NULL),(642,'S',NULL,'Other hard nonporous surfaces made of:',NULL,NULL,NULL,NULL,78,1188,4,NULL),(643,'S',NULL,'Outdoor furniture',NULL,NULL,NULL,NULL,79,1189,4,NULL),(644,'S',NULL,'Plastic (such as polystyrene or polypropylene)',NULL,NULL,NULL,NULL,80,1190,4,NULL),(645,'S',NULL,'Refrigerated storage and display equipment',NULL,NULL,NULL,NULL,81,1191,4,NULL),(646,'S',NULL,'Refrigerators',NULL,NULL,NULL,NULL,82,1192,4,NULL),(647,'S',NULL,'Sealed granite',NULL,NULL,NULL,NULL,83,1193,4,NULL),(648,'S',NULL,'Sealed limestone',NULL,NULL,NULL,NULL,84,1194,4,NULL),(649,'S',NULL,'Sealed marble',NULL,NULL,NULL,NULL,85,1195,4,NULL),(650,'S',NULL,'Sealed slate',NULL,NULL,NULL,NULL,86,1196,4,NULL),(651,'S',NULL,'Sealed stone',NULL,NULL,NULL,NULL,87,1197,4,NULL),(652,'S',NULL,'Sealed terra cotta',NULL,NULL,NULL,NULL,88,1198,4,NULL),(653,'S',NULL,'Sealed terrazzo',NULL,NULL,NULL,NULL,89,1199,4,NULL),(654,'S',NULL,'Stainless steel',NULL,NULL,NULL,NULL,90,1200,4,NULL),(655,'S',NULL,'Tanning Beds',NULL,NULL,NULL,NULL,91,1201,4,NULL),(656,'S',NULL,'Tanning Equipment',NULL,NULL,NULL,NULL,92,1202,4,NULL),(657,'S',NULL,'Telephones',NULL,NULL,NULL,NULL,93,1203,4,NULL),(658,'S',NULL,'Upholstery',NULL,NULL,NULL,NULL,94,1204,4,NULL),(659,'S',NULL,'Walls',NULL,NULL,NULL,NULL,95,1205,4,NULL),(660,'S',NULL,'Woodwork',NULL,NULL,NULL,NULL,96,1206,4,NULL),(661,'T',NULL,'Algaecide',NULL,NULL,NULL,NULL,97,1207,4,NULL),(662,'T',NULL,'Disinfectant',NULL,NULL,NULL,NULL,98,1208,4,NULL),(663,'T',NULL,'Fungicide',NULL,NULL,NULL,NULL,99,1209,4,NULL),(664,'T',NULL,'General Purpose Anti-microbial',NULL,NULL,NULL,NULL,100,1210,4,NULL),(665,'T',NULL,'Sanitizer',NULL,NULL,NULL,NULL,101,1211,4,NULL),(666,'T',NULL,'Tuberculocide',NULL,NULL,NULL,NULL,102,1212,4,NULL),(667,'T',NULL,'Viruscide',NULL,NULL,NULL,NULL,103,1213,4,NULL),(668,'U',NULL,'Airplanes',NULL,NULL,NULL,NULL,104,1214,4,NULL),(669,'U',NULL,'Airports',NULL,NULL,NULL,NULL,105,1215,4,NULL),(670,'U',NULL,'Animal Care','R',NULL,NULL,NULL,106,1216,4,NULL),(671,'U',NULL,'Animal Laboratories',NULL,NULL,NULL,NULL,107,1217,4,NULL),(672,'U',NULL,'Animal Life Science Laboratories',NULL,NULL,NULL,NULL,108,1218,4,NULL),(673,'U',NULL,'Athletic Facilities',NULL,NULL,NULL,NULL,109,1219,4,NULL),(674,'U',NULL,'Automotive Industy',NULL,NULL,NULL,NULL,110,1220,4,NULL),(675,'U',NULL,'Barber Shops',NULL,NULL,NULL,NULL,111,1221,4,NULL),(676,'U',NULL,'Bars',NULL,NULL,NULL,NULL,112,1222,4,NULL),(677,'U',NULL,'Bathrooms',NULL,NULL,NULL,NULL,113,1223,4,NULL),(678,'U',NULL,'Beverage Plants',NULL,NULL,NULL,NULL,114,1224,4,NULL),(679,'U',NULL,'Boats',NULL,NULL,NULL,NULL,115,1225,4,NULL),(680,'U',NULL,'Breeding and Grooming Establishments',NULL,NULL,NULL,NULL,116,1226,4,NULL),(681,'U',NULL,'Breweries',NULL,NULL,NULL,NULL,117,1227,4,NULL),(682,'U',NULL,'Buses',NULL,NULL,NULL,NULL,118,1228,4,NULL),(683,'U',NULL,'Business and Office Buildings',NULL,NULL,NULL,NULL,119,1229,4,NULL),(684,'U',NULL,'Cafeterias',NULL,NULL,NULL,NULL,120,1230,4,NULL),(685,'U',NULL,'Camp Grounds',NULL,NULL,NULL,NULL,121,1231,4,NULL),(686,'U',NULL,'Campers',NULL,NULL,NULL,NULL,122,1232,4,NULL),(687,'U',NULL,'Carpeting',NULL,NULL,NULL,NULL,123,1233,4,NULL),(688,'U',NULL,'Cars',NULL,NULL,NULL,NULL,124,1234,4,NULL),(689,'U',NULL,'Citus Plants ',NULL,NULL,NULL,NULL,125,1235,4,NULL),(690,'U',NULL,'Colleges',NULL,NULL,NULL,NULL,126,1236,4,NULL),(691,'U',NULL,'Commercial Institutions',NULL,NULL,NULL,NULL,127,1237,4,NULL),(692,'U',NULL,'Convenience Stores',NULL,NULL,NULL,NULL,128,1238,4,NULL),(693,'U',NULL,'Correctional Facilities',NULL,NULL,NULL,NULL,129,1239,4,NULL),(694,'U',NULL,'Dairy Farms',NULL,NULL,NULL,NULL,130,1240,4,NULL),(695,'U',NULL,'Day Care Centers',NULL,NULL,NULL,NULL,131,1241,4,NULL),(696,'U',NULL,'Dental Offices',NULL,NULL,NULL,NULL,132,1242,4,NULL),(697,'U',NULL,'Emergency Vehicles',NULL,NULL,NULL,NULL,133,1243,4,NULL),(698,'U',NULL,'Equine Farms',NULL,NULL,NULL,NULL,134,1244,4,NULL),(699,'U',NULL,'Factories',NULL,NULL,NULL,NULL,135,1245,4,NULL),(700,'U',NULL,'Farms',NULL,NULL,NULL,NULL,136,1246,4,NULL),(701,'U',NULL,'Federally Inspected Meat and Poultry Plants',NULL,NULL,NULL,NULL,137,1247,4,NULL),(702,'U',NULL,'Food Processing Plants',NULL,NULL,NULL,NULL,138,1248,4,NULL),(703,'U',NULL,'Food Storage Areas',NULL,NULL,NULL,NULL,139,1249,4,NULL),(704,'U',NULL,'Funeral Homes',NULL,NULL,NULL,NULL,140,1250,4,NULL),(705,'U',NULL,'Health Care Facilities',NULL,NULL,NULL,NULL,141,1251,4,NULL),(706,'U',NULL,'Hog Farms',NULL,NULL,NULL,NULL,142,1252,4,NULL),(707,'U',NULL,'Homes (Households)',NULL,NULL,NULL,NULL,143,1253,4,NULL),(708,'U',NULL,'Hospitals',NULL,NULL,NULL,NULL,144,1254,4,NULL),(709,'U',NULL,'Hotels',NULL,NULL,NULL,NULL,145,1255,4,NULL),(710,'U',NULL,'Industrial Institutions',NULL,NULL,NULL,NULL,146,1256,4,NULL),(711,'U',NULL,'Institutional Facilities',NULL,NULL,NULL,NULL,147,1257,4,NULL),(712,'U',NULL,'Institutional Kitchens',NULL,NULL,NULL,NULL,148,1258,4,NULL),(713,'U',NULL,'Institutions',NULL,NULL,NULL,NULL,149,1259,4,NULL),(714,'U',NULL,'Kennels',NULL,NULL,NULL,NULL,150,1260,4,NULL),(715,'U',NULL,'Kitchens',NULL,NULL,NULL,NULL,151,1261,4,NULL),(716,'U',NULL,'Laundry Industry',NULL,NULL,NULL,NULL,152,1262,4,NULL),(717,'U',NULL,'Locker Rooms',NULL,NULL,NULL,NULL,153,1263,4,NULL),(718,'U',NULL,'Medical Clinics',NULL,NULL,NULL,NULL,154,1264,4,NULL),(719,'U',NULL,'Medical Offices',NULL,NULL,NULL,NULL,155,1265,4,NULL),(720,'U',NULL,'Mobile Homes',NULL,NULL,NULL,NULL,156,1266,4,NULL),(721,'U',NULL,'Morgues',NULL,NULL,NULL,NULL,157,1267,4,NULL),(722,'U',NULL,'Mortuaries',NULL,NULL,NULL,NULL,158,1268,4,NULL),(723,'U',NULL,'Motels',NULL,NULL,NULL,NULL,159,1269,4,NULL),(724,'U',NULL,'Mushroom Farms',NULL,NULL,NULL,NULL,160,1270,4,NULL),(725,'U',NULL,'Nurseries',NULL,NULL,NULL,NULL,161,1271,4,NULL),(726,'U',NULL,'Nursing Homes',NULL,NULL,NULL,NULL,162,1272,4,NULL),(727,'U',NULL,'Office Buildings',NULL,NULL,NULL,NULL,163,1273,4,NULL),(728,'U',NULL,'Pet Animal Quarters',NULL,NULL,NULL,NULL,164,1274,4,NULL),(729,'U',NULL,'Pet Shops',NULL,NULL,NULL,NULL,165,1275,4,NULL),(730,'U',NULL,'Playground Equipment',NULL,NULL,NULL,NULL,166,1276,4,NULL),(731,'U',NULL,'Poultry Farms',NULL,NULL,NULL,NULL,167,1277,4,NULL),(732,'U',NULL,'Poultry Plants','R',NULL,NULL,NULL,168,1278,4,NULL),(733,'U',NULL,'Prisons',NULL,NULL,NULL,NULL,169,1279,4,NULL),(734,'U',NULL,'Protective Safety Gear',NULL,NULL,NULL,NULL,170,1280,4,NULL),(735,'U',NULL,'Public Facilities',NULL,NULL,NULL,NULL,171,1281,4,NULL),(736,'U',NULL,'Public Rest Rooms',NULL,NULL,NULL,NULL,172,1282,4,NULL),(737,'U',NULL,'Recreational Vehicle Use',NULL,NULL,NULL,NULL,173,1283,4,NULL),(738,'U',NULL,'Restaurants',NULL,NULL,NULL,NULL,174,1284,4,NULL),(739,'U',NULL,'Salons (Beauty)',NULL,NULL,NULL,NULL,175,1285,4,NULL),(740,'U',NULL,'Schools',NULL,NULL,NULL,NULL,176,1286,4,NULL),(741,'U',NULL,'Ships',NULL,NULL,NULL,NULL,177,1287,4,NULL),(742,'U',NULL,'Shower and Bath Areas',NULL,NULL,NULL,NULL,178,1288,4,NULL),(743,'U',NULL,'Tack Shops',NULL,NULL,NULL,NULL,179,1289,4,NULL),(744,'U',NULL,'Tanning Salons',NULL,NULL,NULL,NULL,180,1290,4,NULL),(745,'U',NULL,'Taxis',NULL,NULL,NULL,NULL,181,1291,4,NULL),(746,'U',NULL,'Trailers',NULL,NULL,NULL,NULL,182,1292,4,NULL),(747,'U',NULL,'Trains',NULL,NULL,NULL,NULL,183,1293,4,NULL),(748,'U',NULL,'Transportation Terminals',NULL,NULL,NULL,NULL,184,1294,4,NULL),(749,'U',NULL,'Turkey Farms',NULL,NULL,NULL,NULL,185,1295,4,NULL),(750,'U',NULL,'USDA Inspected Food Processing Facilities',NULL,NULL,NULL,NULL,186,1296,4,NULL),(751,'U',NULL,'Verterinary Clinics',NULL,NULL,NULL,NULL,187,1297,4,NULL),(752,'U',NULL,'Veterinary Practice','R',NULL,NULL,NULL,188,1298,4,NULL),(753,'U',NULL,'Whirlpool and Foot Spa Use',NULL,NULL,NULL,NULL,189,1299,4,NULL),(754,'U',NULL,'Zoos',NULL,NULL,NULL,NULL,190,1300,4,NULL),(809,'S',NULL,'Appliances',NULL,NULL,NULL,NULL,55,1355,5,NULL),(810,'S',NULL,'Bathroom fixtures',NULL,NULL,NULL,NULL,56,1356,5,NULL),(811,'S',NULL,'Bathtubs (Fiberglass)',NULL,NULL,NULL,NULL,57,1357,5,NULL),(812,'S',NULL,'Cabinets',NULL,NULL,NULL,NULL,58,1358,5,NULL),(813,'S',NULL,'Cages',NULL,NULL,NULL,NULL,34,1359,5,NULL),(814,'S',NULL,'Chairs',NULL,NULL,NULL,NULL,60,1360,5,NULL),(815,'S',NULL,'Coils and drain pans of air conditioning and refrigeration equipment and heat pumps',NULL,NULL,NULL,NULL,61,1361,5,NULL),(816,'S',NULL,'Conductive flooring',NULL,NULL,NULL,NULL,62,1362,5,NULL),(817,'S',NULL,'Counters (countertops)',NULL,NULL,NULL,NULL,35,1363,5,NULL),(818,'S',NULL,'Countertop laminates',NULL,NULL,NULL,NULL,64,1364,5,NULL),(819,'S',NULL,'Desks',NULL,NULL,NULL,NULL,65,1365,5,NULL),(820,'S',NULL,'Doorknobs',NULL,NULL,NULL,NULL,66,1366,5,NULL),(821,'S',NULL,'Floors',NULL,NULL,NULL,NULL,36,1367,5,NULL),(822,'S',NULL,'Garbage cans',NULL,NULL,NULL,NULL,68,1368,5,NULL),(823,'S',NULL,'Glazed ceramic',NULL,NULL,NULL,NULL,37,1369,5,NULL),(824,'S',NULL,'Glazed enameled surfaces',NULL,NULL,NULL,NULL,38,1370,5,NULL),(825,'S',NULL,'Highchairs',NULL,NULL,NULL,NULL,71,1371,5,NULL),(826,'S',NULL,'Kennel runs',NULL,NULL,NULL,NULL,39,1372,5,NULL),(827,'S',NULL,'Laminated surfaces',NULL,NULL,NULL,NULL,73,1373,5,NULL),(828,'S',NULL,'Metal',NULL,NULL,NULL,NULL,74,1374,5,NULL),(829,'S',NULL,'Microwave ovens',NULL,NULL,NULL,NULL,75,1375,5,NULL),(830,'S',NULL,'Non-medical metal surfaces',NULL,NULL,NULL,NULL,41,1376,5,NULL),(831,'S',NULL,'Non-medical stainless steel surfaces',NULL,NULL,NULL,NULL,43,1377,5,NULL),(832,'S',NULL,'Other hard nonporous surfaces made of:',NULL,NULL,NULL,NULL,45,1378,5,NULL),(833,'S',NULL,'Outdoor furniture',NULL,NULL,NULL,NULL,79,1379,5,NULL),(834,'S',NULL,'Plastic (such as polystyrene or polypropylene)',NULL,NULL,NULL,NULL,47,1380,5,NULL),(835,'S',NULL,'Refrigerated storage and display equipment',NULL,NULL,NULL,NULL,81,1381,5,NULL),(836,'S',NULL,'Refrigerators',NULL,NULL,NULL,NULL,82,1382,5,NULL),(837,'S',NULL,'Sealed granite',NULL,NULL,NULL,NULL,83,1383,5,NULL),(838,'S',NULL,'Sealed limestone',NULL,NULL,NULL,NULL,84,1384,5,NULL),(839,'S',NULL,'Sealed marble',NULL,NULL,NULL,NULL,85,1385,5,NULL),(840,'S',NULL,'Sealed slate',NULL,NULL,NULL,NULL,86,1386,5,NULL),(841,'S',NULL,'Sealed stone',NULL,NULL,NULL,NULL,87,1387,5,NULL),(842,'S',NULL,'Sealed terra cotta',NULL,NULL,NULL,NULL,88,1388,5,NULL),(843,'S',NULL,'Sealed terrazzo',NULL,NULL,NULL,NULL,89,1389,5,NULL),(844,'S',NULL,'Stainless steel',NULL,NULL,NULL,NULL,55,1390,5,NULL),(845,'S',NULL,'Tanning Beds',NULL,NULL,NULL,NULL,56,1391,5,NULL),(846,'S',NULL,'Tanning Equipment',NULL,NULL,NULL,NULL,92,1392,5,NULL),(847,'S',NULL,'Telephones',NULL,NULL,NULL,NULL,93,1393,5,NULL),(848,'S',NULL,'Upholstery',NULL,NULL,NULL,NULL,94,1394,5,NULL),(849,'S',NULL,'Walls',NULL,NULL,NULL,NULL,60,1395,5,NULL),(850,'S',NULL,'Woodwork',NULL,NULL,NULL,NULL,96,1396,5,NULL),(851,'T',NULL,'Algaecide',NULL,NULL,NULL,NULL,97,1397,5,NULL),(852,'T',NULL,'Disinfectant',NULL,NULL,NULL,NULL,98,1398,5,NULL),(853,'T',NULL,'Fungicide',NULL,NULL,NULL,NULL,99,1399,5,NULL),(854,'T',NULL,'General Purpose Anti-microbial',NULL,NULL,NULL,NULL,100,1400,5,NULL),(855,'T',NULL,'Sanitizer',NULL,NULL,NULL,NULL,101,1401,5,NULL),(856,'T',NULL,'Tuberculocide',NULL,NULL,NULL,NULL,102,1402,5,NULL),(857,'T',NULL,'Viruscide',NULL,NULL,NULL,NULL,103,1403,5,NULL),(858,'U',NULL,'Airplanes',NULL,NULL,NULL,NULL,104,1404,5,NULL),(859,'U',NULL,'Airports',NULL,NULL,NULL,NULL,105,1405,5,NULL),(860,'U',NULL,'Animal Care','R',NULL,NULL,NULL,68,1406,5,NULL),(861,'U',NULL,'Animal Laboratories',NULL,NULL,NULL,NULL,70,1407,5,NULL),(862,'U',NULL,'Animal Life Science Laboratories',NULL,NULL,NULL,NULL,108,1408,5,NULL),(863,'U',NULL,'Athletic Facilities',NULL,NULL,NULL,NULL,73,1409,5,NULL),(864,'U',NULL,'Automotive Industy',NULL,NULL,NULL,NULL,110,1410,5,NULL),(865,'U',NULL,'Barber Shops',NULL,NULL,NULL,NULL,111,1411,5,NULL),(866,'U',NULL,'Bars',NULL,NULL,NULL,NULL,112,1412,5,NULL),(867,'U',NULL,'Bathrooms',NULL,NULL,NULL,NULL,76,1413,5,NULL),(868,'U',NULL,'Beverage Plants',NULL,NULL,NULL,NULL,114,1414,5,NULL),(869,'U',NULL,'Boats',NULL,NULL,NULL,NULL,115,1415,5,NULL),(870,'U',NULL,'Breeding and Grooming Establishments',NULL,NULL,NULL,NULL,116,1416,5,NULL),(871,'U',NULL,'Breweries',NULL,NULL,NULL,NULL,117,1417,5,NULL),(872,'U',NULL,'Buses',NULL,NULL,NULL,NULL,118,1418,5,NULL),(873,'U',NULL,'Business and Office Buildings',NULL,NULL,NULL,NULL,119,1419,5,NULL),(874,'U',NULL,'Cafeterias',NULL,NULL,NULL,NULL,120,1420,5,NULL),(875,'U',NULL,'Camp Grounds',NULL,NULL,NULL,NULL,121,1421,5,NULL),(876,'U',NULL,'Campers',NULL,NULL,NULL,NULL,122,1422,5,NULL),(877,'U',NULL,'Carpeting',NULL,NULL,NULL,NULL,123,1423,5,NULL),(878,'U',NULL,'Cars',NULL,NULL,NULL,NULL,124,1424,5,NULL),(879,'U',NULL,'Citus Plants ',NULL,NULL,NULL,NULL,125,1425,5,NULL),(880,'U',NULL,'Colleges',NULL,NULL,NULL,NULL,126,1426,5,NULL),(881,'U',NULL,'Commercial Institutions',NULL,NULL,NULL,NULL,127,1427,5,NULL),(882,'U',NULL,'Convenience Stores',NULL,NULL,NULL,NULL,128,1428,5,NULL),(883,'U',NULL,'Correctional Facilities',NULL,NULL,NULL,NULL,90,1429,5,NULL),(884,'U',NULL,'Dairy Farms',NULL,NULL,NULL,NULL,91,1430,5,NULL),(885,'U',NULL,'Day Care Centers',NULL,NULL,NULL,NULL,131,1431,5,NULL),(886,'U',NULL,'Dental Offices',NULL,NULL,NULL,NULL,132,1432,5,NULL),(887,'U',NULL,'Emergency Vehicles',NULL,NULL,NULL,NULL,133,1433,5,NULL),(888,'U',NULL,'Equine Farms',NULL,NULL,NULL,NULL,95,1434,5,NULL),(889,'U',NULL,'Factories',NULL,NULL,NULL,NULL,135,1435,5,NULL),(890,'U',NULL,'Farms',NULL,NULL,NULL,NULL,98,1436,5,NULL),(891,'U',NULL,'Federally Inspected Meat and Poultry Plants',NULL,NULL,NULL,NULL,137,1437,5,NULL),(892,'U',NULL,'Food Processing Plants',NULL,NULL,NULL,NULL,138,1438,5,NULL),(893,'U',NULL,'Food Storage Areas',NULL,NULL,NULL,NULL,139,1439,5,NULL),(894,'U',NULL,'Funeral Homes',NULL,NULL,NULL,NULL,140,1440,5,NULL),(895,'U',NULL,'Health Care Facilities',NULL,NULL,NULL,NULL,106,1441,5,NULL),(896,'U',NULL,'Hog Farms',NULL,NULL,NULL,NULL,108,1442,5,NULL),(897,'U',NULL,'Homes (Households)',NULL,NULL,NULL,NULL,143,1443,5,NULL),(898,'U',NULL,'Hospitals',NULL,NULL,NULL,NULL,111,1444,5,NULL),(899,'U',NULL,'Hotels',NULL,NULL,NULL,NULL,145,1445,5,NULL),(900,'U',NULL,'Industrial Institutions',NULL,NULL,NULL,NULL,146,1446,5,NULL),(901,'U',NULL,'Institutional Facilities',NULL,NULL,NULL,NULL,147,1447,5,NULL),(902,'U',NULL,'Institutional Kitchens',NULL,NULL,NULL,NULL,148,1448,5,NULL),(903,'U',NULL,'Institutions',NULL,NULL,NULL,NULL,149,1449,5,NULL),(904,'U',NULL,'Kennels',NULL,NULL,NULL,NULL,116,1450,5,NULL),(905,'U',NULL,'Kitchens',NULL,NULL,NULL,NULL,118,1451,5,NULL),(906,'U',NULL,'Laundry Industry',NULL,NULL,NULL,NULL,152,1452,5,NULL),(907,'U',NULL,'Locker Rooms',NULL,NULL,NULL,NULL,153,1453,5,NULL),(908,'U',NULL,'Medical Clinics',NULL,NULL,NULL,NULL,154,1454,5,NULL),(909,'U',NULL,'Medical Offices',NULL,NULL,NULL,NULL,155,1455,5,NULL),(910,'U',NULL,'Mobile Homes',NULL,NULL,NULL,NULL,156,1456,5,NULL),(911,'U',NULL,'Morgues',NULL,NULL,NULL,NULL,157,1457,5,NULL),(912,'U',NULL,'Mortuaries',NULL,NULL,NULL,NULL,124,1458,5,NULL),(913,'U',NULL,'Motels',NULL,NULL,NULL,NULL,159,1459,5,NULL),(914,'U',NULL,'Mushroom Farms',NULL,NULL,NULL,NULL,160,1460,5,NULL),(915,'U',NULL,'Nurseries',NULL,NULL,NULL,NULL,161,1461,5,NULL),(916,'U',NULL,'Nursing Homes',NULL,NULL,NULL,NULL,162,1462,5,NULL),(917,'U',NULL,'Office Buildings',NULL,NULL,NULL,NULL,163,1463,5,NULL),(918,'U',NULL,'Pet Animal Quarters',NULL,NULL,NULL,NULL,128,1464,5,NULL),(919,'U',NULL,'Pet Shops',NULL,NULL,NULL,NULL,130,1465,5,NULL),(920,'U',NULL,'Playground Equipment',NULL,NULL,NULL,NULL,166,1466,5,NULL),(921,'U',NULL,'Poultry Farms',NULL,NULL,NULL,NULL,133,1467,5,NULL),(922,'U',NULL,'Poultry Plants','R',NULL,NULL,NULL,135,1468,5,NULL),(923,'U',NULL,'Prisons',NULL,NULL,NULL,NULL,169,1469,5,NULL),(924,'U',NULL,'Protective Safety Gear',NULL,NULL,NULL,NULL,170,1470,5,NULL),(925,'U',NULL,'Public Facilities',NULL,NULL,NULL,NULL,171,1471,5,NULL),(926,'U',NULL,'Public Rest Rooms',NULL,NULL,NULL,NULL,138,1472,5,NULL),(927,'U',NULL,'Recreational Vehicle Use',NULL,NULL,NULL,NULL,173,1473,5,NULL),(928,'U',NULL,'Restaurants',NULL,NULL,NULL,NULL,174,1474,5,NULL),(929,'U',NULL,'Salons (Beauty)',NULL,NULL,NULL,NULL,175,1475,5,NULL),(930,'U',NULL,'Schools',NULL,NULL,NULL,NULL,176,1476,5,NULL),(931,'U',NULL,'Ships',NULL,NULL,NULL,NULL,177,1477,5,NULL),(932,'U',NULL,'Shower and Bath Areas',NULL,NULL,NULL,NULL,178,1478,5,NULL),(933,'U',NULL,'Tack Shops',NULL,NULL,NULL,NULL,145,1479,5,NULL),(934,'U',NULL,'Tanning Salons',NULL,NULL,NULL,NULL,180,1480,5,NULL),(935,'U',NULL,'Taxis',NULL,NULL,NULL,NULL,181,1481,5,NULL),(936,'U',NULL,'Trailers',NULL,NULL,NULL,NULL,182,1482,5,NULL),(937,'U',NULL,'Trains',NULL,NULL,NULL,NULL,183,1483,5,NULL),(938,'U',NULL,'Transportation Terminals',NULL,NULL,NULL,NULL,184,1484,5,NULL),(939,'U',NULL,'Turkey Farms',NULL,NULL,NULL,NULL,150,1485,5,NULL),(940,'U',NULL,'USDA Inspected Food Processing Facilities',NULL,NULL,NULL,NULL,186,1486,5,NULL),(941,'U',NULL,'Verterinary Clinics',NULL,NULL,NULL,NULL,152,1487,5,NULL),(942,'U',NULL,'Veterinary Practice','R',NULL,NULL,NULL,153,1488,5,NULL),(943,'U',NULL,'Whirlpool and Foot Spa Use',NULL,NULL,NULL,NULL,189,1489,5,NULL),(944,'U',NULL,'Zoos',NULL,NULL,NULL,NULL,100,1490,5,NULL),(978,'C','Fungi','Aspergillus niger',NULL,NULL,NULL,NULL,137,1330,5,NULL),(979,'C','Fungi','Candida albicans',NULL,NULL,NULL,NULL,138,1331,5,NULL),(980,'C','Fungi','Trichophyton mentagrophytes [Athlete\'s Foot Fungus]',NULL,NULL,NULL,NULL,139,1332,5,NULL),(981,'C','Fungi','[a cause of Ringworm] [a cause of Ringworm of the foot]',NULL,NULL,NULL,NULL,140,1333,5,NULL),(982,'C','Bacteria','(1)  ATCC and antibiotic-resistant strain',NULL,NULL,NULL,NULL,103,1301,5,NULL),(983,'C','Bacteria','(2)  antibiotic-resistant strain only',NULL,NULL,NULL,NULL,142,1302,5,NULL),(984,'C','Bacteria','Acinetobacter calcoaceticus',NULL,NULL,NULL,NULL,143,1303,5,NULL),(985,'C','Bacteria','Bordetella bronchiseptica',NULL,NULL,NULL,NULL,144,1304,5,NULL),(986,'C','Bacteria','Chlamydia psittaci',NULL,NULL,NULL,NULL,145,1305,5,NULL),(987,'C','Bacteria','Enterobacter aerogenes',NULL,NULL,NULL,NULL,146,1306,5,NULL),(988,'C','Bacteria','Enterobacter cloacae',NULL,NULL,NULL,NULL,147,1307,5,NULL),(989,'C','Bacteria','Enterococcus faecalis- Vancomycin Resistant (VRE)',NULL,NULL,NULL,NULL,148,1308,5,NULL),(990,'C','Bacteria','Escherichia coli<sub> (1)</sub>',NULL,NULL,NULL,NULL,149,1309,5,NULL),(991,'C','Bacteria','Fusobacterium necrophorum',NULL,NULL,NULL,NULL,150,1310,5,NULL),(992,'C','Bacteria','Kiebsiella pneumoniae<sub> (1)</sub>',NULL,NULL,NULL,NULL,151,1311,5,NULL),(993,'C','Bacteria','Legionella pneumophilia',NULL,NULL,NULL,NULL,152,1312,5,NULL),(994,'C','Bacteria','Listeria monocytogenes',NULL,NULL,NULL,NULL,153,1313,5,NULL),(995,'C','Bacteria','Pasteurella multocida ',NULL,NULL,NULL,NULL,154,1314,5,NULL),(996,'C','Bacteria','Proteus mirabilis',NULL,NULL,NULL,NULL,155,1315,5,NULL),(997,'C','Bacteria','Proteus vulgaris',NULL,NULL,NULL,NULL,156,1316,5,NULL),(998,'C','Bacteria','Pseudomonas aeruginosa<sub> (1)</sub>',NULL,NULL,NULL,NULL,157,1317,5,NULL),(999,'C','Bacteria','Salmonella choleraesuis',NULL,NULL,NULL,NULL,158,1318,5,NULL),(1000,'C','Bacteria','Salmonella enteritidis',NULL,NULL,NULL,NULL,159,1319,5,NULL),(1001,'C','Bacteria','Salmonella typhi',NULL,NULL,NULL,NULL,160,1320,5,NULL),(1002,'C','Bacteria','Salmonella typhimurium',NULL,NULL,NULL,NULL,161,1321,5,NULL),(1003,'C','Bacteria','Serratia marcescens',NULL,NULL,NULL,NULL,162,1322,5,NULL),(1004,'C','Bacteria','Shigella fiexneri',NULL,NULL,NULL,NULL,163,1323,5,NULL),(1005,'C','Bacteria','Shigella sonnei',NULL,NULL,NULL,NULL,164,1324,5,NULL),(1006,'C','Bacteria','Staphylococcus aureus- Methicillin resistant (MRSA)',NULL,NULL,NULL,NULL,165,1325,5,NULL),(1007,'C','Bacteria','Staphylococcus aureus- Vancomycin Intermediate Resistant (VISA)',NULL,NULL,NULL,NULL,166,1326,5,NULL),(1008,'C','Bacteria','Staphylococcus aureus<sub> (1)</sub>',NULL,NULL,NULL,NULL,167,1327,5,NULL),(1009,'C','Bacteria','Staphylococcus epidermidis<sub> (2)</sub>',NULL,NULL,NULL,NULL,168,1328,5,NULL),(1010,'C','Bacteria','Streptococcus faecalis<sub> (1)</sub>',NULL,NULL,NULL,NULL,169,1329,5,NULL),(1011,'U',NULL,'Whirlpool and Foot Spa Use',NULL,NULL,NULL,NULL,170,1489,5,NULL),(1012,'C','Bacteria','(1)  ATCC and antibiotic-resistant strain',NULL,NULL,NULL,NULL,1,1491,6,NULL),(1013,'C','Bacteria','(2)  antibiotic-resistant strain only',NULL,NULL,NULL,NULL,2,1492,6,NULL),(1014,'C','Bacteria','Acinetobacter calcoaceticus',NULL,NULL,NULL,NULL,3,1493,6,NULL),(1015,'C','Bacteria','Bordetella bronchiseptica',NULL,NULL,NULL,NULL,NULL,1494,6,NULL),(1016,'C','Bacteria','Chlamydia psittaci',NULL,NULL,NULL,NULL,NULL,1495,6,NULL),(1017,'C','Bacteria','Enterobacter aerogenes',NULL,NULL,NULL,NULL,NULL,1496,6,NULL),(1018,'C','Bacteria','Enterobacter cloacae',NULL,NULL,NULL,NULL,NULL,1497,6,NULL),(1019,'C','Bacteria','Enterococcus faecalis- Vancomycin Resistant (VRE)',NULL,NULL,NULL,NULL,NULL,1498,6,NULL),(1020,'C','Bacteria','Escherichia coli<sub> (1)</sub>',NULL,NULL,NULL,NULL,NULL,1499,6,NULL),(1021,'C','Bacteria','Fusobacterium necrophorum',NULL,NULL,NULL,NULL,NULL,1500,6,NULL),(1022,'C','Bacteria','Kiebsiella pneumoniae<sub> (1)</sub>',NULL,NULL,NULL,NULL,NULL,1501,6,NULL),(1023,'C','Bacteria','Legionella pneumophilia',NULL,NULL,NULL,NULL,NULL,1502,6,NULL),(1024,'C','Bacteria','Listeria monocytogenes',NULL,NULL,NULL,NULL,NULL,1503,6,NULL),(1025,'C','Bacteria','Pasteurella multocida ',NULL,NULL,NULL,NULL,NULL,1504,6,NULL),(1026,'C','Bacteria','Proteus mirabilis',NULL,NULL,NULL,NULL,NULL,1505,6,NULL),(1027,'C','Bacteria','Proteus vulgaris',NULL,NULL,NULL,NULL,NULL,1506,6,NULL),(1028,'C','Bacteria','Pseudomonas aeruginosa<sub> (1)</sub>',NULL,NULL,NULL,NULL,NULL,1507,6,NULL),(1029,'C','Bacteria','Salmonella choleraesuis',NULL,NULL,NULL,NULL,NULL,1508,6,NULL),(1030,'C','Bacteria','Salmonella enteritidis',NULL,NULL,NULL,NULL,NULL,1509,6,NULL),(1031,'C','Bacteria','Salmonella typhi',NULL,NULL,NULL,NULL,NULL,1510,6,NULL),(1032,'C','Bacteria','Salmonella typhimurium',NULL,NULL,NULL,NULL,NULL,1511,6,NULL),(1033,'C','Bacteria','Serratia marcescens',NULL,NULL,NULL,NULL,NULL,1512,6,NULL),(1034,'C','Bacteria','Shigella fiexneri',NULL,NULL,NULL,NULL,NULL,1513,6,NULL),(1035,'C','Bacteria','Shigella sonnei',NULL,NULL,NULL,NULL,NULL,1514,6,NULL),(1036,'C','Bacteria','Staphylococcus aureus- Methicillin resistant (MRSA)',NULL,NULL,NULL,NULL,NULL,1515,6,NULL),(1037,'C','Bacteria','Staphylococcus aureus- Vancomycin Intermediate Resistant (VISA)',NULL,NULL,NULL,NULL,NULL,1516,6,NULL),(1038,'C','Bacteria','Staphylococcus aureus<sub> (1)</sub>',NULL,NULL,NULL,NULL,NULL,1517,6,NULL),(1039,'C','Bacteria','Staphylococcus epidermidis<sub> (2)</sub>',NULL,NULL,NULL,NULL,NULL,1518,6,NULL),(1040,'C','Bacteria','Streptococcus faecalis<sub> (1)</sub>',NULL,NULL,NULL,NULL,NULL,1519,6,NULL),(1041,'C','Fungi','Aspergillus niger',NULL,NULL,NULL,NULL,30,1520,6,NULL),(1042,'C','Fungi','Candida albicans',NULL,NULL,NULL,NULL,NULL,1521,6,NULL),(1043,'C','Fungi','Trichophyton mentagrophytes [Athlete\'s Foot Fungus]',NULL,NULL,NULL,NULL,NULL,1522,6,NULL),(1044,'C','Fungi','[a cause of Ringworm] [a cause of Ringworm of the foot]',NULL,NULL,NULL,NULL,33,1523,6,NULL),(1045,'C','Viruses','*Adenovirus Type 4',NULL,NULL,NULL,NULL,34,1524,6,NULL),(1046,'C','Viruses','*Avian polyomavirus',NULL,NULL,NULL,NULL,35,1525,6,NULL),(1047,'C','Viruses','*Canine distemper',NULL,NULL,NULL,NULL,36,1526,6,NULL),(1048,'C','Viruses','*Canine parvovirus- at 2 oz. per gallon',NULL,NULL,NULL,NULL,37,1527,6,NULL),(1049,'C','Viruses','*Feline leukemia',NULL,NULL,NULL,NULL,38,1528,6,NULL),(1050,'C','Viruses','*Feline picomavirus',NULL,NULL,NULL,NULL,39,1529,6,NULL),(1051,'C','Viruses','*HIV-1 (AIDS virus)',NULL,NULL,NULL,NULL,40,1530,6,NULL),(1052,'C','Viruses','*Hepatitis B Virus (HBV)',NULL,NULL,NULL,NULL,41,1531,6,NULL),(1053,'C','Viruses','*Hepatitis C Virus (HCV)',NULL,NULL,NULL,NULL,42,1532,6,NULL),(1054,'C','Viruses','*Herpes Simplex Type 1',NULL,NULL,NULL,NULL,43,1533,6,NULL),(1055,'C','Viruses','*Herpes Simplex Type 2',NULL,NULL,NULL,NULL,44,1534,6,NULL),(1056,'C','Viruses','*Human coronavirus ',NULL,NULL,NULL,NULL,45,1535,6,NULL),(1057,'C','Viruses','*Infectious bovine rhinotracheitis',NULL,NULL,NULL,NULL,46,1536,6,NULL),(1058,'C','Viruses','*Infectious bronchitis (Avian IBV)',NULL,NULL,NULL,NULL,47,1537,6,NULL),(1059,'C','Viruses','*Influenza A/ Hong Kong',NULL,NULL,NULL,NULL,48,1538,6,NULL),(1060,'C','Viruses','*Pseudorabies (PRV)',NULL,NULL,NULL,NULL,49,1539,6,NULL),(1061,'C','Viruses','*Rabies',NULL,NULL,NULL,NULL,50,1540,6,NULL),(1062,'C','Viruses','*Respiratory Syncytial Virus (RSV)',NULL,NULL,NULL,NULL,51,1541,6,NULL),(1063,'C','Viruses','*Rubella (German Measles)',NULL,NULL,NULL,NULL,52,1542,6,NULL),(1064,'C','Viruses','*Transmissible gastroenteritis virus (TGE)\Z',NULL,NULL,NULL,NULL,53,1543,6,NULL),(1065,'C','Viruses','*Vaccinia [Pox virus]',NULL,NULL,NULL,NULL,54,1544,6,NULL),(1066,'S',NULL,'Appliances',NULL,NULL,NULL,NULL,55,1545,6,NULL),(1067,'S',NULL,'Bathroom fixtures',NULL,NULL,NULL,NULL,56,1546,6,NULL),(1068,'S',NULL,'Bathtubs (Fiberglass)',NULL,NULL,NULL,NULL,57,1547,6,NULL),(1069,'S',NULL,'Cabinets',NULL,NULL,NULL,NULL,58,1548,6,NULL),(1070,'S',NULL,'Cages',NULL,NULL,NULL,NULL,59,1549,6,NULL),(1071,'S',NULL,'Chairs',NULL,NULL,NULL,NULL,60,1550,6,NULL),(1072,'S',NULL,'Coils and drain pans of air conditioning and refrigeration equipment and heat pumps',NULL,NULL,NULL,NULL,61,1551,6,NULL),(1073,'S',NULL,'Conductive flooring',NULL,NULL,NULL,NULL,62,1552,6,NULL),(1074,'S',NULL,'Counters (countertops)',NULL,NULL,NULL,NULL,NULL,1553,6,NULL),(1075,'S',NULL,'Countertop laminates',NULL,NULL,NULL,NULL,64,1554,6,NULL),(1076,'S',NULL,'Desks',NULL,NULL,NULL,NULL,65,1555,6,NULL),(1077,'S',NULL,'Doorknobs',NULL,NULL,NULL,NULL,66,1556,6,NULL),(1078,'S',NULL,'Floors',NULL,NULL,NULL,NULL,NULL,1557,6,NULL),(1079,'S',NULL,'Garbage cans',NULL,NULL,NULL,NULL,68,1558,6,NULL),(1080,'S',NULL,'Glazed ceramic',NULL,NULL,NULL,NULL,NULL,1559,6,NULL),(1081,'S',NULL,'Glazed enameled surfaces',NULL,NULL,NULL,NULL,NULL,1560,6,NULL),(1082,'S',NULL,'Highchairs',NULL,NULL,NULL,NULL,71,1561,6,NULL),(1083,'S',NULL,'Kennel runs',NULL,NULL,NULL,NULL,NULL,1562,6,NULL),(1084,'S',NULL,'Laminated surfaces',NULL,NULL,NULL,NULL,73,1563,6,NULL),(1085,'S',NULL,'Metal',NULL,NULL,NULL,NULL,74,1564,6,NULL),(1086,'S',NULL,'Microwave ovens',NULL,NULL,NULL,NULL,75,1565,6,NULL),(1087,'S',NULL,'Non-medical metal surfaces',NULL,NULL,NULL,NULL,76,1566,6,NULL),(1088,'S',NULL,'Non-medical stainless steel surfaces',NULL,NULL,NULL,NULL,NULL,1567,6,NULL),(1089,'S',NULL,'Other hard nonporous surfaces made of:',NULL,NULL,NULL,NULL,78,1568,6,NULL),(1090,'S',NULL,'Outdoor furniture',NULL,NULL,NULL,NULL,79,1569,6,NULL),(1091,'S',NULL,'Plastic (such as polystyrene or polypropylene)',NULL,NULL,NULL,NULL,NULL,1570,6,NULL),(1092,'S',NULL,'Refrigerated storage and display equipment',NULL,NULL,NULL,NULL,81,1571,6,NULL),(1093,'S',NULL,'Refrigerators',NULL,NULL,NULL,NULL,82,1572,6,NULL),(1094,'S',NULL,'Sealed granite',NULL,NULL,NULL,NULL,83,1573,6,NULL),(1095,'S',NULL,'Sealed limestone',NULL,NULL,NULL,NULL,84,1574,6,NULL),(1096,'S',NULL,'Sealed marble',NULL,NULL,NULL,NULL,85,1575,6,NULL),(1097,'S',NULL,'Sealed slate',NULL,NULL,NULL,NULL,86,1576,6,NULL),(1098,'S',NULL,'Sealed stone',NULL,NULL,NULL,NULL,87,1577,6,NULL),(1099,'S',NULL,'Sealed terra cotta',NULL,NULL,NULL,NULL,88,1578,6,NULL),(1100,'S',NULL,'Sealed terrazzo',NULL,NULL,NULL,NULL,89,1579,6,NULL),(1101,'S',NULL,'Stainless steel',NULL,NULL,NULL,NULL,90,1580,6,NULL),(1102,'S',NULL,'Tanning Beds',NULL,NULL,NULL,NULL,91,1581,6,NULL),(1103,'S',NULL,'Tanning Equipment',NULL,NULL,NULL,NULL,92,1582,6,NULL),(1104,'S',NULL,'Telephones',NULL,NULL,NULL,NULL,93,1583,6,NULL),(1105,'S',NULL,'Upholstery',NULL,NULL,NULL,NULL,94,1584,6,NULL),(1106,'S',NULL,'Walls',NULL,NULL,NULL,NULL,NULL,1585,6,NULL),(1107,'S',NULL,'Woodwork',NULL,NULL,NULL,NULL,96,1586,6,NULL),(1108,'T',NULL,'Algaecide',NULL,NULL,NULL,NULL,97,1587,6,NULL),(1109,'T',NULL,'Disinfectant',NULL,NULL,NULL,NULL,98,1588,6,NULL),(1110,'T',NULL,'Fungicide',NULL,NULL,NULL,NULL,99,1589,6,NULL),(1111,'T',NULL,'General Purpose Anti-microbial',NULL,NULL,NULL,NULL,100,1590,6,NULL),(1112,'T',NULL,'Sanitizer',NULL,NULL,NULL,NULL,101,1591,6,NULL),(1113,'T',NULL,'Tuberculocide',NULL,NULL,NULL,NULL,102,1592,6,NULL),(1114,'T',NULL,'Viruscide',NULL,NULL,NULL,NULL,103,1593,6,NULL),(1115,'U',NULL,'Airplanes',NULL,NULL,NULL,NULL,104,1594,6,NULL),(1116,'U',NULL,'Airports',NULL,NULL,NULL,NULL,105,1595,6,NULL),(1117,'U',NULL,'Animal Care','R',NULL,NULL,NULL,28,1596,6,NULL),(1118,'U',NULL,'Animal Laboratories',NULL,NULL,NULL,NULL,29,1597,6,NULL),(1119,'U',NULL,'Animal Life Science Laboratories',NULL,NULL,NULL,NULL,NULL,1598,6,NULL),(1120,'U',NULL,'Athletic Facilities',NULL,NULL,NULL,NULL,109,1599,6,NULL),(1121,'U',NULL,'Automotive Industy',NULL,NULL,NULL,NULL,110,1600,6,NULL),(1122,'U',NULL,'Barber Shops',NULL,NULL,NULL,NULL,111,1601,6,NULL),(1123,'U',NULL,'Bars',NULL,NULL,NULL,NULL,112,1602,6,NULL),(1124,'U',NULL,'Bathrooms',NULL,NULL,NULL,NULL,113,1603,6,NULL),(1125,'U',NULL,'Beverage Plants',NULL,NULL,NULL,NULL,114,1604,6,NULL),(1126,'U',NULL,'Boats',NULL,NULL,NULL,NULL,115,1605,6,NULL),(1127,'U',NULL,'Breeding and Grooming Establishments',NULL,NULL,NULL,NULL,116,1606,6,NULL),(1128,'U',NULL,'Breweries',NULL,NULL,NULL,NULL,117,1607,6,NULL),(1129,'U',NULL,'Buses',NULL,NULL,NULL,NULL,118,1608,6,NULL),(1130,'U',NULL,'Business and Office Buildings',NULL,NULL,NULL,NULL,119,1609,6,NULL),(1131,'U',NULL,'Cafeterias',NULL,NULL,NULL,NULL,120,1610,6,NULL),(1132,'U',NULL,'Camp Grounds',NULL,NULL,NULL,NULL,121,1611,6,NULL),(1133,'U',NULL,'Campers',NULL,NULL,NULL,NULL,122,1612,6,NULL),(1134,'U',NULL,'Carpeting',NULL,NULL,NULL,NULL,123,1613,6,NULL),(1135,'U',NULL,'Cars',NULL,NULL,NULL,NULL,124,1614,6,NULL),(1136,'U',NULL,'Citus Plants ',NULL,NULL,NULL,NULL,125,1615,6,NULL),(1137,'U',NULL,'Colleges',NULL,NULL,NULL,NULL,126,1616,6,NULL),(1138,'U',NULL,'Commercial Institutions',NULL,NULL,NULL,NULL,127,1617,6,NULL),(1139,'U',NULL,'Convenience Stores',NULL,NULL,NULL,NULL,128,1618,6,NULL),(1140,'U',NULL,'Correctional Facilities',NULL,NULL,NULL,NULL,129,1619,6,NULL),(1141,'U',NULL,'Dairy Farms',NULL,NULL,NULL,NULL,31,1620,6,NULL),(1142,'U',NULL,'Day Care Centers',NULL,NULL,NULL,NULL,131,1621,6,NULL),(1143,'U',NULL,'Dental Offices',NULL,NULL,NULL,NULL,132,1622,6,NULL),(1144,'U',NULL,'Emergency Vehicles',NULL,NULL,NULL,NULL,133,1623,6,NULL),(1145,'U',NULL,'Equine Farms',NULL,NULL,NULL,NULL,32,1624,6,NULL),(1146,'U',NULL,'Factories',NULL,NULL,NULL,NULL,135,1625,6,NULL),(1147,'U',NULL,'Farms',NULL,NULL,NULL,NULL,33,1626,6,NULL),(1148,'U',NULL,'Federally Inspected Meat and Poultry Plants',NULL,NULL,NULL,NULL,137,1627,6,NULL),(1149,'U',NULL,'Food Processing Plants',NULL,NULL,NULL,NULL,NULL,1628,6,NULL),(1150,'U',NULL,'Food Storage Areas',NULL,NULL,NULL,NULL,139,1629,6,NULL),(1151,'U',NULL,'Funeral Homes',NULL,NULL,NULL,NULL,140,1630,6,NULL),(1152,'U',NULL,'Health Care Facilities',NULL,NULL,NULL,NULL,141,1631,6,NULL),(1153,'U',NULL,'Hog Farms',NULL,NULL,NULL,NULL,35,1632,6,NULL),(1154,'U',NULL,'Homes (Households)',NULL,NULL,NULL,NULL,155,1633,6,NULL),(1155,'U',NULL,'Hospitals',NULL,NULL,NULL,NULL,144,1634,6,NULL),(1156,'U',NULL,'Hotels',NULL,NULL,NULL,NULL,145,1635,6,NULL),(1157,'U',NULL,'Industrial Institutions',NULL,NULL,NULL,NULL,146,1636,6,NULL),(1158,'U',NULL,'Institutional Facilities',NULL,NULL,NULL,NULL,147,1637,6,NULL),(1159,'U',NULL,'Institutional Kitchens',NULL,NULL,NULL,NULL,148,1638,6,NULL),(1160,'U',NULL,'Institutions',NULL,NULL,NULL,NULL,149,1639,6,NULL),(1161,'U',NULL,'Kennels',NULL,NULL,NULL,NULL,36,1640,6,NULL),(1162,'U',NULL,'Kitchens',NULL,NULL,NULL,NULL,151,1641,6,NULL),(1163,'U',NULL,'Laundry Industry',NULL,NULL,NULL,NULL,152,1642,6,NULL),(1164,'U',NULL,'Locker Rooms',NULL,NULL,NULL,NULL,NULL,1643,6,NULL),(1165,'U',NULL,'Medical Clinics',NULL,NULL,NULL,NULL,NULL,1644,6,NULL),(1166,'U',NULL,'Medical Offices',NULL,NULL,NULL,NULL,155,1645,6,NULL),(1167,'U',NULL,'Mobile Homes',NULL,NULL,NULL,NULL,156,1646,6,NULL),(1168,'U',NULL,'Morgues',NULL,NULL,NULL,NULL,NULL,1647,6,NULL),(1169,'U',NULL,'Mortuaries',NULL,NULL,NULL,NULL,158,1648,6,NULL),(1170,'U',NULL,'Motels',NULL,NULL,NULL,NULL,159,1649,6,NULL),(1171,'U',NULL,'Mushroom Farms',NULL,NULL,NULL,NULL,160,1650,6,NULL),(1172,'U',NULL,'Nurseries',NULL,NULL,NULL,NULL,161,1651,6,NULL),(1173,'U',NULL,'Nursing Homes',NULL,NULL,NULL,NULL,162,1652,6,NULL),(1174,'U',NULL,'Office Buildings',NULL,NULL,NULL,NULL,163,1653,6,NULL),(1175,'U',NULL,'Pet Animal Quarters',NULL,NULL,NULL,NULL,NULL,1654,6,NULL),(1176,'U',NULL,'Pet Shops',NULL,NULL,NULL,NULL,172,1655,6,NULL),(1177,'U',NULL,'Playground Equipment',NULL,NULL,NULL,NULL,166,1656,6,NULL),(1178,'U',NULL,'Poultry Farms',NULL,NULL,NULL,NULL,41,1657,6,NULL),(1179,'U',NULL,'Poultry Plants','R',NULL,NULL,NULL,42,1658,6,NULL),(1180,'U',NULL,'Prisons',NULL,NULL,NULL,NULL,169,1659,6,NULL),(1181,'U',NULL,'Protective Safety Gear',NULL,NULL,NULL,NULL,170,1660,6,NULL),(1182,'U',NULL,'Public Facilities',NULL,NULL,NULL,NULL,171,1661,6,NULL),(1183,'U',NULL,'Public Rest Rooms',NULL,NULL,NULL,NULL,172,1662,6,NULL),(1184,'U',NULL,'Recreational Vehicle Use',NULL,NULL,NULL,NULL,173,1663,6,NULL),(1185,'U',NULL,'Restaurants',NULL,NULL,NULL,NULL,174,1664,6,NULL),(1186,'U',NULL,'Salons (Beauty)',NULL,NULL,NULL,NULL,175,1665,6,NULL),(1187,'U',NULL,'Schools',NULL,NULL,NULL,NULL,43,1666,6,NULL),(1188,'U',NULL,'Ships',NULL,NULL,NULL,NULL,177,1667,6,NULL),(1189,'U',NULL,'Shower and Bath Areas',NULL,NULL,NULL,NULL,178,1668,6,NULL),(1190,'U',NULL,'Tack Shops',NULL,NULL,NULL,NULL,183,1669,6,NULL),(1191,'U',NULL,'Tanning Salons',NULL,NULL,NULL,NULL,180,1670,6,NULL),(1192,'U',NULL,'Taxis',NULL,NULL,NULL,NULL,181,1671,6,NULL),(1193,'U',NULL,'Trailers',NULL,NULL,NULL,NULL,182,1672,6,NULL),(1194,'U',NULL,'Trains',NULL,NULL,NULL,NULL,183,1673,6,NULL),(1195,'U',NULL,'Transportation Terminals',NULL,NULL,NULL,NULL,184,1674,6,NULL),(1196,'U',NULL,'Turkey Farms',NULL,NULL,NULL,NULL,44,1675,6,NULL),(1197,'U',NULL,'USDA Inspected Food Processing Facilities',NULL,NULL,NULL,NULL,186,1676,6,NULL),(1198,'U',NULL,'Verterinary Clinics',NULL,NULL,NULL,NULL,45,1677,6,NULL),(1199,'U',NULL,'Veterinary Practice','R',NULL,NULL,NULL,NULL,1678,6,NULL),(1200,'U',NULL,'Whirlpool and Foot Spa Use',NULL,NULL,NULL,NULL,189,1679,6,NULL),(1201,'U',NULL,'Zoos',NULL,NULL,NULL,NULL,NULL,1680,6,NULL),(1202,'C','Bacteria','(1)  ATCC and antibiotic-resistant strain',NULL,NULL,NULL,NULL,NULL,1681,NULL,1),(1203,'C','Bacteria','(2)  antibiotic-resistant strain only',NULL,NULL,NULL,NULL,NULL,1682,NULL,1),(1204,'C','Bacteria','Acinetobacter calcoaceticus',NULL,NULL,NULL,NULL,NULL,1683,NULL,1),(1205,'C','Bacteria','Bordetella bronchiseptica',NULL,NULL,NULL,NULL,NULL,1684,NULL,1),(1206,'C','Bacteria','Chlamydia psittaci',NULL,NULL,NULL,NULL,NULL,1685,NULL,1);
/*!40000 ALTER TABLE `s_usage` ENABLE KEYS */;
UNLOCK TABLES;

--
-- Table structure for table `s_usageordering`
--

DROP TABLE IF EXISTS `s_usageordering`;
/*!40101 SET @saved_cs_client     = @@character_set_client */;
/*!40101 SET character_set_client = utf8 */;
CREATE TABLE `s_usageordering` (
  `ID` int(11) NOT NULL,
  `AUTOSEQ` int(11) DEFAULT NULL,
  `AUTOSEQ02` int(11) DEFAULT NULL,
  `FK_ID_S_MARKETINGSTATEMENT` int(11) DEFAULT NULL,
  `FK_ID_S_DIRECTIONSFORUSESTATEMEN` int(11) DEFAULT NULL,
  `FK_ID_S_USAGE` int(11) NOT NULL,
  UNIQUE KEY `US_USAGEORDERING_ID_99780` (`ID`),
  UNIQUE KEY `US_USAGEORDERING_ID_628410` (`ID`),
  KEY `S_USAGEORDERINGFKIDSUSAGE10397` (`FK_ID_S_USAGE`),
  KEY `SUSAGEORDERINGFKIDSMARKET10400` (`FK_ID_S_MARKETINGSTATEMENT`),
  KEY `SUSAGEORDERINGFKOIDSDIREC10434` (`FK_ID_S_DIRECTIONSFORUSESTATEMEN`),
  KEY `SUSAGEORDERINGFKIDSMARKETIN63213` (`FK_ID_S_MARKETINGSTATEMENT`),
  KEY `SUSAGEORDERINGFKIDSDIRECTIO63272` (`FK_ID_S_DIRECTIONSFORUSESTATEMEN`),
  KEY `S_USAGEORDERING_FK_IDSUSAGE63282` (`FK_ID_S_USAGE`)
) ENGINE=InnoDB DEFAULT CHARSET=utf8;
/*!40101 SET character_set_client = @saved_cs_client */;

--
-- Dumping data for table `s_usageordering`
--

LOCK TABLES `s_usageordering` WRITE;
/*!40000 ALTER TABLE `s_usageordering` DISABLE KEYS */;
INSERT INTO `s_usageordering` VALUES (1,NULL,1,NULL,NULL,138),(2,NULL,2,NULL,NULL,125),(3,NULL,3,NULL,NULL,124),(4,NULL,4,NULL,NULL,123),(5,NULL,5,NULL,NULL,122),(6,NULL,6,NULL,NULL,121),(7,NULL,7,NULL,NULL,120),(8,NULL,8,NULL,NULL,119),(9,NULL,9,NULL,NULL,118),(10,NULL,10,NULL,NULL,117),(11,NULL,11,NULL,NULL,126),(12,NULL,12,NULL,NULL,127),(13,NULL,13,NULL,NULL,128),(14,NULL,14,NULL,NULL,137),(15,NULL,15,NULL,NULL,136),(16,NULL,16,NULL,NULL,135),(17,NULL,17,NULL,NULL,134),(18,NULL,18,NULL,NULL,133),(19,NULL,19,NULL,NULL,132),(20,NULL,20,NULL,NULL,131),(21,NULL,21,NULL,NULL,130),(22,NULL,22,NULL,NULL,129),(23,NULL,23,NULL,NULL,116),(24,NULL,24,NULL,NULL,115),(25,NULL,25,NULL,NULL,102),(26,NULL,26,NULL,NULL,101),(27,NULL,27,NULL,NULL,100),(28,NULL,28,NULL,NULL,99),(29,NULL,29,NULL,NULL,98),(30,NULL,30,NULL,NULL,97),(31,NULL,31,NULL,NULL,96),(32,NULL,32,NULL,NULL,95),(33,NULL,33,NULL,NULL,94),(34,NULL,34,NULL,NULL,103),(35,NULL,35,NULL,NULL,104),(36,NULL,36,NULL,NULL,105),(37,NULL,37,NULL,NULL,114),(38,NULL,38,NULL,NULL,113),(39,NULL,39,NULL,NULL,112),(40,NULL,40,NULL,NULL,111),(41,NULL,41,NULL,NULL,110),(42,NULL,42,NULL,NULL,109),(43,NULL,43,NULL,NULL,108),(44,NULL,44,NULL,NULL,107),(45,NULL,45,NULL,NULL,106),(46,NULL,46,NULL,NULL,93),(47,NULL,47,NULL,NULL,184),(48,NULL,48,NULL,NULL,171),(49,NULL,49,NULL,NULL,170),(50,NULL,50,NULL,NULL,169),(51,NULL,51,NULL,NULL,168),(52,NULL,52,NULL,NULL,167),(53,NULL,53,NULL,NULL,166),(54,NULL,54,NULL,NULL,165),(55,NULL,55,NULL,NULL,164),(56,NULL,56,NULL,NULL,163),(57,NULL,57,NULL,NULL,172),(58,NULL,58,NULL,NULL,173),(59,NULL,59,NULL,NULL,174),(60,NULL,60,NULL,NULL,183),(61,NULL,61,NULL,NULL,182),(62,NULL,62,NULL,NULL,181),(63,NULL,63,NULL,NULL,180),(64,NULL,64,NULL,NULL,179),(65,NULL,65,NULL,NULL,178),(66,NULL,66,NULL,NULL,177),(67,NULL,67,NULL,NULL,176),(68,NULL,68,NULL,NULL,175),(69,NULL,69,NULL,NULL,162),(70,NULL,70,NULL,NULL,161),(71,NULL,71,NULL,NULL,148),(72,NULL,72,NULL,NULL,147),(73,NULL,73,NULL,NULL,146),(74,NULL,74,NULL,NULL,145),(75,NULL,75,NULL,NULL,144),(76,NULL,76,NULL,NULL,143),(77,NULL,77,NULL,NULL,142),(78,NULL,78,NULL,NULL,141),(79,NULL,79,NULL,NULL,140),(80,NULL,80,NULL,NULL,149),(81,NULL,81,NULL,NULL,150),(82,NULL,82,NULL,NULL,151),(83,NULL,83,NULL,NULL,160),(84,NULL,84,NULL,NULL,159),(85,NULL,85,NULL,NULL,158),(86,NULL,86,NULL,NULL,157),(87,NULL,87,NULL,NULL,156),(88,NULL,88,NULL,NULL,155),(89,NULL,89,NULL,NULL,154),(90,NULL,90,NULL,NULL,153),(91,NULL,91,NULL,NULL,152),(92,NULL,92,NULL,NULL,139),(93,NULL,93,NULL,NULL,46),(94,NULL,94,NULL,NULL,33),(95,NULL,95,NULL,NULL,32),(96,NULL,96,NULL,NULL,31),(97,NULL,97,NULL,NULL,30),(98,NULL,98,NULL,NULL,29),(99,NULL,99,NULL,NULL,28),(100,NULL,100,NULL,NULL,27),(101,NULL,101,NULL,NULL,26),(102,NULL,102,NULL,NULL,25),(103,NULL,103,NULL,NULL,34),(104,NULL,104,NULL,NULL,35),(105,NULL,105,NULL,NULL,36),(106,NULL,106,NULL,NULL,45),(107,NULL,107,NULL,NULL,44),(108,NULL,108,NULL,NULL,43),(109,NULL,109,NULL,NULL,42),(110,NULL,110,NULL,NULL,41),(111,NULL,111,NULL,NULL,40),(112,NULL,112,NULL,NULL,39),(113,NULL,113,NULL,NULL,38),(114,NULL,114,NULL,NULL,37),(115,NULL,115,NULL,NULL,24),(116,NULL,116,NULL,NULL,23),(117,NULL,117,NULL,NULL,10),(118,NULL,118,NULL,NULL,9),(119,NULL,119,NULL,NULL,8),(120,NULL,120,NULL,NULL,7),(121,NULL,121,NULL,NULL,6),(122,NULL,122,NULL,NULL,5),(123,NULL,123,NULL,NULL,4),(124,NULL,124,NULL,NULL,3),(125,NULL,125,NULL,NULL,2),(126,NULL,126,NULL,NULL,11),(127,NULL,127,NULL,NULL,12),(128,NULL,128,NULL,NULL,13),(129,NULL,129,NULL,NULL,22),(130,NULL,130,NULL,NULL,21),(131,NULL,131,NULL,NULL,20),(132,NULL,132,NULL,NULL,19),(133,NULL,133,NULL,NULL,18),(134,NULL,134,NULL,NULL,17),(135,NULL,135,NULL,NULL,16),(136,NULL,136,NULL,NULL,15),(137,NULL,137,NULL,NULL,14),(138,NULL,138,NULL,NULL,1),(139,NULL,139,NULL,NULL,92),(140,NULL,140,NULL,NULL,79),(141,NULL,141,NULL,NULL,78),(142,NULL,142,NULL,NULL,77),(143,NULL,143,NULL,NULL,76),(144,NULL,144,NULL,NULL,75),(145,NULL,145,NULL,NULL,74),(146,NULL,146,NULL,NULL,73),(147,NULL,147,NULL,NULL,72),(148,NULL,148,NULL,NULL,71),(149,NULL,149,NULL,NULL,80),(150,NULL,150,NULL,NULL,81),(151,NULL,151,NULL,NULL,82),(152,NULL,152,NULL,NULL,91),(153,NULL,153,NULL,NULL,90),(154,NULL,154,NULL,NULL,89),(155,NULL,155,NULL,NULL,88),(156,NULL,156,NULL,NULL,87),(157,NULL,157,NULL,NULL,86),(158,NULL,158,NULL,NULL,85),(159,NULL,159,NULL,NULL,84),(160,NULL,160,NULL,NULL,83),(161,NULL,161,NULL,NULL,70),(162,NULL,162,NULL,NULL,69),(163,NULL,163,NULL,NULL,56),(164,NULL,164,NULL,NULL,55),(165,NULL,165,NULL,NULL,54),(166,NULL,166,NULL,NULL,53),(167,NULL,167,NULL,NULL,52),(168,NULL,168,NULL,NULL,51),(169,NULL,169,NULL,NULL,50),(170,NULL,170,NULL,NULL,49),(171,NULL,171,NULL,NULL,48),(172,NULL,172,NULL,NULL,57),(173,NULL,173,NULL,NULL,58),(174,NULL,174,NULL,NULL,59),(175,NULL,175,NULL,NULL,68),(176,NULL,176,NULL,NULL,67),(177,NULL,177,NULL,NULL,66),(178,NULL,178,NULL,NULL,65),(179,NULL,179,NULL,NULL,64),(180,NULL,180,NULL,NULL,63),(181,NULL,181,NULL,NULL,62),(182,NULL,182,NULL,NULL,61),(183,NULL,183,NULL,NULL,60),(184,NULL,184,NULL,NULL,47),(185,NULL,1,NULL,NULL,138),(186,NULL,2,NULL,NULL,125),(187,NULL,3,NULL,NULL,124),(188,NULL,4,NULL,NULL,123),(189,NULL,5,NULL,NULL,122),(190,NULL,6,NULL,NULL,121),(191,NULL,7,NULL,NULL,120),(192,NULL,8,NULL,NULL,119),(193,NULL,9,NULL,NULL,118),(194,NULL,10,NULL,NULL,8),(195,NULL,11,NULL,NULL,80),(196,NULL,12,NULL,NULL,170),(197,NULL,13,NULL,NULL,86),(198,NULL,14,NULL,NULL,69),(199,NULL,15,NULL,NULL,52),(200,NULL,16,NULL,NULL,57),(201,NULL,17,NULL,NULL,54),(202,NULL,18,NULL,NULL,63),(203,NULL,19,NULL,NULL,153),(204,NULL,20,NULL,NULL,131),(205,NULL,21,NULL,NULL,130),(206,NULL,22,NULL,NULL,129),(207,NULL,23,NULL,NULL,116),(208,NULL,24,NULL,NULL,115),(209,NULL,25,NULL,NULL,102),(210,NULL,26,NULL,NULL,101),(211,NULL,27,NULL,NULL,100),(212,NULL,28,NULL,NULL,99),(213,NULL,29,NULL,NULL,98),(214,NULL,30,NULL,NULL,97),(215,NULL,31,NULL,NULL,96),(216,NULL,32,NULL,NULL,95),(217,NULL,33,NULL,NULL,94),(218,NULL,34,NULL,NULL,103),(219,NULL,35,NULL,NULL,104),(220,NULL,36,NULL,NULL,105),(221,NULL,37,NULL,NULL,114),(222,NULL,38,NULL,NULL,113),(223,NULL,39,NULL,NULL,112),(224,NULL,40,NULL,NULL,111),(225,NULL,41,NULL,NULL,110),(226,NULL,42,NULL,NULL,109),(227,NULL,43,NULL,NULL,108),(228,NULL,44,NULL,NULL,107),(229,NULL,45,NULL,NULL,106),(230,NULL,46,NULL,NULL,163),(231,NULL,47,NULL,NULL,127),(232,NULL,48,NULL,NULL,126),(233,NULL,49,NULL,NULL,157),(234,NULL,50,NULL,NULL,128),(235,NULL,51,NULL,NULL,137),(236,NULL,52,NULL,NULL,136),(237,NULL,53,NULL,NULL,135),(238,NULL,54,NULL,NULL,74),(239,NULL,55,NULL,NULL,172),(240,NULL,56,NULL,NULL,173),(241,NULL,57,NULL,NULL,176),(242,NULL,58,NULL,NULL,93),(243,NULL,59,NULL,NULL,174),(244,NULL,60,NULL,NULL,183),(245,NULL,61,NULL,NULL,182),(246,NULL,62,NULL,NULL,181),(247,NULL,63,NULL,NULL,180),(248,NULL,64,NULL,NULL,179),(249,NULL,65,NULL,NULL,178),(250,NULL,66,NULL,NULL,177),(251,NULL,67,NULL,NULL,133),(252,NULL,68,NULL,NULL,175),(253,NULL,69,NULL,NULL,161),(254,NULL,70,NULL,NULL,148),(255,NULL,71,NULL,NULL,147),(256,NULL,72,NULL,NULL,146),(257,NULL,73,NULL,NULL,145),(258,NULL,74,NULL,NULL,162),(259,NULL,75,NULL,NULL,144),(260,NULL,76,NULL,NULL,143),(261,NULL,77,NULL,NULL,142),(262,NULL,78,NULL,NULL,141),(263,NULL,79,NULL,NULL,140),(264,NULL,80,NULL,NULL,149),(265,NULL,81,NULL,NULL,150),(266,NULL,82,NULL,NULL,151),(267,NULL,83,NULL,NULL,160),(268,NULL,84,NULL,NULL,184),(269,NULL,85,NULL,NULL,171),(270,NULL,86,NULL,NULL,168),(271,NULL,87,NULL,NULL,169),(272,NULL,88,NULL,NULL,90),(273,NULL,89,NULL,NULL,167),(274,NULL,90,NULL,NULL,166),(275,NULL,91,NULL,NULL,165),(276,NULL,92,NULL,NULL,164),(277,NULL,93,NULL,NULL,46),(278,NULL,94,NULL,NULL,33),(279,NULL,95,NULL,NULL,32),(280,NULL,96,NULL,NULL,31),(281,NULL,97,NULL,NULL,30),(282,NULL,98,NULL,NULL,29),(283,NULL,99,NULL,NULL,28),(284,NULL,100,NULL,NULL,27),(285,NULL,101,NULL,NULL,26),(286,NULL,102,NULL,NULL,25),(287,NULL,103,NULL,NULL,34),(288,NULL,104,NULL,NULL,35),(289,NULL,105,NULL,NULL,36),(290,NULL,106,NULL,NULL,45),(291,NULL,107,NULL,NULL,44),(292,NULL,108,NULL,NULL,43),(293,NULL,109,NULL,NULL,42),(294,NULL,110,NULL,NULL,41),(295,NULL,111,NULL,NULL,40),(296,NULL,112,NULL,NULL,23),(297,NULL,113,NULL,NULL,92),(298,NULL,114,NULL,NULL,139),(299,NULL,115,NULL,NULL,6),(300,NULL,116,NULL,NULL,79),(301,NULL,117,NULL,NULL,4),(302,NULL,118,NULL,NULL,3),(303,NULL,119,NULL,NULL,159),(304,NULL,120,NULL,NULL,11),(305,NULL,121,NULL,NULL,12),(306,NULL,122,NULL,NULL,19),(307,NULL,123,NULL,NULL,158),(308,NULL,124,NULL,NULL,13),(309,NULL,125,NULL,NULL,22),(310,NULL,126,NULL,NULL,18),(311,NULL,127,NULL,NULL,117),(312,NULL,128,NULL,NULL,21),(313,NULL,129,NULL,NULL,20),(314,NULL,130,NULL,NULL,17),(315,NULL,131,NULL,NULL,156),(316,NULL,132,NULL,NULL,5),(317,NULL,133,NULL,NULL,2),(318,NULL,134,NULL,NULL,14),(319,NULL,135,NULL,NULL,16),(320,NULL,136,NULL,NULL,155),(321,NULL,137,NULL,NULL,72),(322,NULL,138,NULL,NULL,71),(323,NULL,139,NULL,NULL,67),(324,NULL,140,NULL,NULL,15),(325,NULL,141,NULL,NULL,154),(326,NULL,142,NULL,NULL,39),(327,NULL,143,NULL,NULL,38),(328,NULL,144,NULL,NULL,24),(329,NULL,145,NULL,NULL,1),(330,NULL,146,NULL,NULL,152),(331,NULL,147,NULL,NULL,9),(332,NULL,148,NULL,NULL,88),(333,NULL,149,NULL,NULL,70),(334,NULL,150,NULL,NULL,75),(335,NULL,151,NULL,NULL,56),(336,NULL,152,NULL,NULL,55),(337,NULL,153,NULL,NULL,53),(338,NULL,154,NULL,NULL,37),(339,NULL,155,NULL,NULL,51),(340,NULL,156,NULL,NULL,50),(341,NULL,157,NULL,NULL,48),(342,NULL,158,NULL,NULL,73),(343,NULL,159,NULL,NULL,58),(344,NULL,160,NULL,NULL,59),(345,NULL,161,NULL,NULL,68),(346,NULL,162,NULL,NULL,134),(347,NULL,163,NULL,NULL,66),(348,NULL,164,NULL,NULL,65),(349,NULL,165,NULL,NULL,64),(350,NULL,166,NULL,NULL,10),(351,NULL,167,NULL,NULL,62),(352,NULL,168,NULL,NULL,83),(353,NULL,169,NULL,NULL,7),(354,NULL,170,NULL,NULL,49),(355,NULL,171,NULL,NULL,91),(356,NULL,172,NULL,NULL,61),(357,NULL,173,NULL,NULL,60),(358,NULL,174,NULL,NULL,47),(359,NULL,175,NULL,NULL,77),(360,NULL,176,NULL,NULL,132),(361,NULL,177,NULL,NULL,78),(362,NULL,178,NULL,NULL,81),(363,NULL,179,NULL,NULL,82),(364,NULL,180,NULL,NULL,89),(365,NULL,181,NULL,NULL,87),(366,NULL,182,NULL,NULL,76),(367,NULL,183,NULL,NULL,85),(368,NULL,184,NULL,NULL,84),(369,NULL,NULL,1,NULL,119),(370,NULL,NULL,1,NULL,97),(371,NULL,NULL,1,NULL,103),(372,NULL,NULL,1,NULL,115),(373,NULL,NULL,1,NULL,137),(374,NULL,NULL,1,NULL,123),(375,NULL,NULL,1,NULL,131),(376,NULL,NULL,1,NULL,94),(377,NULL,NULL,1,NULL,116),(378,NULL,NULL,1,NULL,128),(379,NULL,NULL,1,NULL,122),(380,NULL,NULL,1,NULL,136),(381,NULL,NULL,1,NULL,102),(382,NULL,NULL,1,NULL,114),(383,NULL,NULL,1,NULL,100),(384,NULL,NULL,1,NULL,134),(385,NULL,NULL,1,NULL,120),(386,NULL,NULL,1,NULL,105),(387,NULL,NULL,1,NULL,101),(388,NULL,NULL,1,NULL,135),(389,NULL,NULL,1,NULL,121),(390,NULL,NULL,1,NULL,104),(391,NULL,NULL,1,NULL,124),(392,NULL,NULL,1,NULL,117),(393,NULL,NULL,1,NULL,49),(394,NULL,NULL,1,NULL,62),(395,NULL,NULL,1,NULL,66),(396,NULL,NULL,1,NULL,58),(397,NULL,NULL,1,NULL,51),(398,NULL,NULL,1,NULL,56),(399,NULL,NULL,1,NULL,85),(400,NULL,NULL,1,NULL,89),(401,NULL,NULL,1,NULL,81),(402,NULL,NULL,1,NULL,47),(403,NULL,NULL,1,NULL,82),(404,NULL,NULL,1,NULL,88),(405,NULL,NULL,1,NULL,95),(406,NULL,NULL,1,NULL,129),(407,NULL,NULL,1,NULL,127),(408,NULL,NULL,1,NULL,125),(409,NULL,NULL,1,NULL,65),(410,NULL,NULL,1,NULL,59),(411,NULL,NULL,1,NULL,50),(412,NULL,NULL,1,NULL,55),(413,NULL,NULL,1,NULL,84),(414,NULL,NULL,1,NULL,60),(415,NULL,NULL,1,NULL,146),(416,NULL,NULL,1,NULL,174),(417,NULL,NULL,1,NULL,170),(418,NULL,NULL,1,NULL,112),(419,NULL,NULL,1,NULL,175),(420,NULL,NULL,1,NULL,173),(421,NULL,NULL,1,NULL,171),(422,NULL,NULL,1,NULL,113),(423,NULL,NULL,1,NULL,147),(424,NULL,NULL,1,NULL,176),(425,NULL,NULL,1,NULL,162),(426,NULL,NULL,1,NULL,111),(427,NULL,NULL,1,NULL,169),(428,NULL,NULL,1,NULL,180),(429,NULL,NULL,1,NULL,166),(430,NULL,NULL,1,NULL,108),(431,NULL,NULL,1,NULL,148),(432,NULL,NULL,1,NULL,182),(433,NULL,NULL,1,NULL,168),(434,NULL,NULL,1,NULL,110),(435,NULL,NULL,1,NULL,161),(436,NULL,NULL,1,NULL,183),(437,NULL,NULL,1,NULL,172),(438,NULL,NULL,1,NULL,184),(439,NULL,NULL,1,NULL,107),(440,NULL,NULL,1,NULL,96),(441,NULL,NULL,1,NULL,130),(442,NULL,NULL,1,NULL,126),(443,NULL,NULL,1,NULL,138),(444,NULL,NULL,1,NULL,98),(445,NULL,NULL,1,NULL,132),(446,NULL,NULL,1,NULL,118),(447,NULL,NULL,1,NULL,99),(448,NULL,NULL,1,NULL,165),(449,NULL,NULL,1,NULL,179),(450,NULL,NULL,1,NULL,145),(451,NULL,NULL,1,NULL,181),(452,NULL,NULL,1,NULL,177),(453,NULL,NULL,1,NULL,163),(454,NULL,NULL,1,NULL,93),(455,NULL,NULL,1,NULL,167),(456,NULL,NULL,1,NULL,178),(457,NULL,NULL,1,NULL,164),(458,NULL,NULL,1,NULL,106),(459,NULL,NULL,1,NULL,109),(460,NULL,NULL,1,NULL,133),(461,NULL,NULL,1,NULL,92),(462,NULL,NULL,1,NULL,44),(463,NULL,NULL,1,NULL,45),(464,NULL,NULL,1,NULL,36),(465,NULL,NULL,1,NULL,35),(466,NULL,NULL,1,NULL,34),(467,NULL,NULL,1,NULL,25),(468,NULL,NULL,1,NULL,26),(469,NULL,NULL,1,NULL,27),(470,NULL,NULL,1,NULL,28),(471,NULL,NULL,1,NULL,43),(472,NULL,NULL,1,NULL,42),(473,NULL,NULL,1,NULL,41),(474,NULL,NULL,1,NULL,37),(475,NULL,NULL,1,NULL,1),(476,NULL,NULL,1,NULL,14),(477,NULL,NULL,1,NULL,17),(478,NULL,NULL,1,NULL,18),(479,NULL,NULL,1,NULL,19),(480,NULL,NULL,1,NULL,15),(481,NULL,NULL,1,NULL,10),(482,NULL,NULL,1,NULL,40),(483,NULL,NULL,1,NULL,29),(484,NULL,NULL,1,NULL,30),(485,NULL,NULL,1,NULL,159),(486,NULL,NULL,1,NULL,160),(487,NULL,NULL,1,NULL,151),(488,NULL,NULL,1,NULL,150),(489,NULL,NULL,1,NULL,149),(490,NULL,NULL,1,NULL,140),(491,NULL,NULL,1,NULL,141),(492,NULL,NULL,1,NULL,142),(493,NULL,NULL,1,NULL,143),(494,NULL,NULL,1,NULL,158),(495,NULL,NULL,1,NULL,157),(496,NULL,NULL,1,NULL,156),(497,NULL,NULL,1,NULL,31),(498,NULL,NULL,1,NULL,32),(499,NULL,NULL,1,NULL,33),(500,NULL,NULL,1,NULL,46),(501,NULL,NULL,1,NULL,139),(502,NULL,NULL,1,NULL,152),(503,NULL,NULL,1,NULL,153),(504,NULL,NULL,1,NULL,154),(505,NULL,NULL,1,NULL,155),(506,NULL,NULL,1,NULL,144),(507,NULL,NULL,1,NULL,54),(508,NULL,NULL,1,NULL,48),(509,NULL,NULL,1,NULL,53),(510,NULL,NULL,1,NULL,70),(511,NULL,NULL,1,NULL,87),(512,NULL,NULL,1,NULL,91),(513,NULL,NULL,1,NULL,8),(514,NULL,NULL,1,NULL,23),(515,NULL,NULL,1,NULL,38),(516,NULL,NULL,1,NULL,71),(517,NULL,NULL,1,NULL,68),(518,NULL,NULL,1,NULL,64),(519,NULL,NULL,1,NULL,83),(520,NULL,NULL,1,NULL,63),(521,NULL,NULL,1,NULL,67),(522,NULL,NULL,1,NULL,57),(523,NULL,NULL,1,NULL,52),(524,NULL,NULL,1,NULL,69),(525,NULL,NULL,1,NULL,86),(526,NULL,NULL,1,NULL,90),(527,NULL,NULL,1,NULL,80),(528,NULL,NULL,1,NULL,61),(529,NULL,NULL,1,NULL,2),(530,NULL,NULL,1,NULL,20),(531,NULL,NULL,1,NULL,4),(532,NULL,NULL,1,NULL,7),(533,NULL,NULL,1,NULL,16),(534,NULL,NULL,1,NULL,73),(535,NULL,NULL,1,NULL,74),(536,NULL,NULL,1,NULL,75),(537,NULL,NULL,1,NULL,76),(538,NULL,NULL,1,NULL,77),(539,NULL,NULL,1,NULL,78),(540,NULL,NULL,1,NULL,11),(541,NULL,NULL,1,NULL,13),(542,NULL,NULL,1,NULL,21),(543,NULL,NULL,1,NULL,22),(544,NULL,NULL,1,NULL,12),(545,NULL,NULL,1,NULL,3),(546,NULL,NULL,1,NULL,6),(547,NULL,NULL,1,NULL,9),(548,NULL,NULL,1,NULL,24),(549,NULL,NULL,1,NULL,39),(550,NULL,NULL,1,NULL,72),(551,NULL,NULL,1,NULL,5),(552,NULL,NULL,1,NULL,79),(553,NULL,NULL,2,NULL,138),(554,NULL,NULL,2,NULL,93),(555,NULL,NULL,2,NULL,21),(556,NULL,NULL,2,NULL,103),(557,NULL,NULL,2,NULL,22),(558,NULL,NULL,2,NULL,65),(559,NULL,NULL,2,NULL,76),(560,NULL,NULL,2,NULL,115),(561,NULL,NULL,2,NULL,13),(562,NULL,NULL,2,NULL,100),(563,NULL,NULL,2,NULL,56),(564,NULL,NULL,2,NULL,108),(565,NULL,NULL,2,NULL,20),(566,NULL,NULL,2,NULL,52),(567,NULL,NULL,2,NULL,180),(568,NULL,NULL,2,NULL,44),(569,NULL,NULL,2,NULL,50),(570,NULL,NULL,2,NULL,177),(571,NULL,NULL,2,NULL,53),(572,NULL,NULL,2,NULL,166),(573,NULL,NULL,2,NULL,159),(574,NULL,NULL,2,NULL,163),(575,NULL,NULL,2,NULL,30),(576,NULL,NULL,2,NULL,137),(577,NULL,NULL,2,NULL,165),(578,NULL,NULL,2,NULL,107),(579,NULL,NULL,2,NULL,104),(580,NULL,NULL,2,NULL,102),(581,NULL,NULL,2,NULL,136),(582,NULL,NULL,2,NULL,122),(583,NULL,NULL,2,NULL,84),(584,NULL,NULL,2,NULL,85),(585,NULL,NULL,2,NULL,86),(586,NULL,NULL,2,NULL,179),(587,NULL,NULL,2,NULL,114),(588,NULL,NULL,2,NULL,144),(589,NULL,NULL,2,NULL,77),(590,NULL,NULL,2,NULL,134),(591,NULL,NULL,2,NULL,35),(592,NULL,NULL,2,NULL,123),(593,NULL,NULL,2,NULL,3),(594,NULL,NULL,2,NULL,4),(595,NULL,NULL,2,NULL,79),(596,NULL,NULL,2,NULL,142),(597,NULL,NULL,2,NULL,143),(598,NULL,NULL,2,NULL,28),(599,NULL,NULL,2,NULL,70),(600,NULL,NULL,2,NULL,66),(601,NULL,NULL,2,NULL,157),(602,NULL,NULL,2,NULL,38),(603,NULL,NULL,2,NULL,175),(604,NULL,NULL,2,NULL,67),(605,NULL,NULL,2,NULL,32),(606,NULL,NULL,2,NULL,58),(607,NULL,NULL,2,NULL,173),(608,NULL,NULL,2,NULL,68),(609,NULL,NULL,2,NULL,113),(610,NULL,NULL,2,NULL,121),(611,NULL,NULL,2,NULL,31),(612,NULL,NULL,2,NULL,132),(613,NULL,NULL,2,NULL,16),(614,NULL,NULL,2,NULL,101),(615,NULL,NULL,2,NULL,87),(616,NULL,NULL,2,NULL,118),(617,NULL,NULL,2,NULL,45),(618,NULL,NULL,2,NULL,135),(619,NULL,NULL,2,NULL,91),(620,NULL,NULL,2,NULL,23),(621,NULL,NULL,2,NULL,178),(622,NULL,NULL,2,NULL,57),(623,NULL,NULL,2,NULL,59),(624,NULL,NULL,2,NULL,17),(625,NULL,NULL,2,NULL,120),(626,NULL,NULL,2,NULL,33),(627,NULL,NULL,2,NULL,55),(628,NULL,NULL,2,NULL,19),(629,NULL,NULL,2,NULL,51),(630,NULL,NULL,2,NULL,105),(631,NULL,NULL,2,NULL,69),(632,NULL,NULL,2,NULL,74),(633,NULL,NULL,2,NULL,98),(634,NULL,NULL,2,NULL,75),(635,NULL,NULL,2,NULL,2),(636,NULL,NULL,2,NULL,171),(637,NULL,NULL,2,NULL,71),(638,NULL,NULL,2,NULL,164),(639,NULL,NULL,2,NULL,48),(640,NULL,NULL,2,NULL,5),(641,NULL,NULL,2,NULL,158),(642,NULL,NULL,2,NULL,72),(643,NULL,NULL,2,NULL,106),(644,NULL,NULL,2,NULL,18),(645,NULL,NULL,2,NULL,12),(646,NULL,NULL,2,NULL,170),(647,NULL,NULL,2,NULL,124),(648,NULL,NULL,2,NULL,125),(649,NULL,NULL,2,NULL,156),(650,NULL,NULL,2,NULL,161),(651,NULL,NULL,2,NULL,183),(652,NULL,NULL,2,NULL,169),(653,NULL,NULL,2,NULL,34),(654,NULL,NULL,2,NULL,96),(655,NULL,NULL,2,NULL,130),(656,NULL,NULL,2,NULL,15),(657,NULL,NULL,2,NULL,73),(658,NULL,NULL,2,NULL,39),(659,NULL,NULL,2,NULL,145),(660,NULL,NULL,2,NULL,97),(661,NULL,NULL,2,NULL,131),(662,NULL,NULL,2,NULL,117),(663,NULL,NULL,2,NULL,152),(664,NULL,NULL,2,NULL,47),(665,NULL,NULL,2,NULL,60),(666,NULL,NULL,2,NULL,61),(667,NULL,NULL,2,NULL,42),(668,NULL,NULL,2,NULL,126),(669,NULL,NULL,2,NULL,160),(670,NULL,NULL,2,NULL,172),(671,NULL,NULL,2,NULL,184),(672,NULL,NULL,2,NULL,46),(673,NULL,NULL,2,NULL,99),(674,NULL,NULL,2,NULL,133),(675,NULL,NULL,2,NULL,119),(676,NULL,NULL,2,NULL,8),(677,NULL,NULL,2,NULL,62),(678,NULL,NULL,2,NULL,63),(679,NULL,NULL,2,NULL,176),(680,NULL,NULL,2,NULL,141),(681,NULL,NULL,2,NULL,155),(682,NULL,NULL,2,NULL,49),(683,NULL,NULL,2,NULL,54),(684,NULL,NULL,2,NULL,83),(685,NULL,NULL,2,NULL,41),(686,NULL,NULL,2,NULL,24),(687,NULL,NULL,2,NULL,37),(688,NULL,NULL,2,NULL,14),(689,NULL,NULL,2,NULL,43),(690,NULL,NULL,2,NULL,29),(691,NULL,NULL,2,NULL,64),(692,NULL,NULL,2,NULL,11),(693,NULL,NULL,2,NULL,147),(694,NULL,NULL,2,NULL,88),(695,NULL,NULL,2,NULL,89),(696,NULL,NULL,2,NULL,90),(697,NULL,NULL,2,NULL,154),(698,NULL,NULL,2,NULL,40),(699,NULL,NULL,2,NULL,9),(700,NULL,NULL,2,NULL,10),(701,NULL,NULL,2,NULL,1),(702,NULL,NULL,2,NULL,127),(703,NULL,NULL,2,NULL,129),(704,NULL,NULL,2,NULL,95),(705,NULL,NULL,2,NULL,78),(706,NULL,NULL,2,NULL,140),(707,NULL,NULL,2,NULL,25),(708,NULL,NULL,2,NULL,139),(709,NULL,NULL,2,NULL,151),(710,NULL,NULL,2,NULL,148),(711,NULL,NULL,2,NULL,182),(712,NULL,NULL,2,NULL,168),(713,NULL,NULL,2,NULL,110),(714,NULL,NULL,2,NULL,111),(715,NULL,NULL,2,NULL,112),(716,NULL,NULL,2,NULL,150),(717,NULL,NULL,2,NULL,6),(718,NULL,NULL,2,NULL,7),(719,NULL,NULL,2,NULL,92),(720,NULL,NULL,2,NULL,146),(721,NULL,NULL,2,NULL,27),(722,NULL,NULL,2,NULL,153),(723,NULL,NULL,2,NULL,149),(724,NULL,NULL,2,NULL,162),(725,NULL,NULL,2,NULL,80),(726,NULL,NULL,2,NULL,81),(727,NULL,NULL,2,NULL,82),(728,NULL,NULL,2,NULL,36),(729,NULL,NULL,2,NULL,104),(730,NULL,NULL,2,NULL,181),(731,NULL,NULL,2,NULL,167),(732,NULL,NULL,2,NULL,109),(733,NULL,NULL,2,NULL,94),(734,NULL,NULL,2,NULL,116),(735,NULL,NULL,2,NULL,128),(736,NULL,NULL,2,NULL,26),(737,NULL,NULL,2,NULL,174),(738,NULL,NULL,3,NULL,72),(739,NULL,NULL,3,NULL,9),(740,NULL,NULL,3,NULL,73),(741,NULL,NULL,3,NULL,111),(742,NULL,NULL,3,NULL,29),(743,NULL,NULL,3,NULL,131),(744,NULL,NULL,3,NULL,15),(745,NULL,NULL,3,NULL,95),(746,NULL,NULL,3,NULL,23),(747,NULL,NULL,3,NULL,117),(748,NULL,NULL,3,NULL,44),(749,NULL,NULL,3,NULL,169),(750,NULL,NULL,3,NULL,149),(751,NULL,NULL,3,NULL,172),(752,NULL,NULL,3,NULL,48),(753,NULL,NULL,3,NULL,6),(754,NULL,NULL,3,NULL,67),(755,NULL,NULL,3,NULL,184),(756,NULL,NULL,3,NULL,20),(757,NULL,NULL,3,NULL,183),(758,NULL,NULL,3,NULL,68),(759,NULL,NULL,3,NULL,41),(760,NULL,NULL,3,NULL,148),(761,NULL,NULL,3,NULL,139),(762,NULL,NULL,3,NULL,50),(763,NULL,NULL,3,NULL,58),(764,NULL,NULL,3,NULL,133),(765,NULL,NULL,3,NULL,119),(766,NULL,NULL,3,NULL,71),(767,NULL,NULL,3,NULL,39),(768,NULL,NULL,3,NULL,63),(769,NULL,NULL,3,NULL,70),(770,NULL,NULL,3,NULL,82),(771,NULL,NULL,3,NULL,106),(772,NULL,NULL,3,NULL,164),(773,NULL,NULL,3,NULL,101),(774,NULL,NULL,3,NULL,60),(775,NULL,NULL,3,NULL,11),(776,NULL,NULL,3,NULL,146),(777,NULL,NULL,3,NULL,181),(778,NULL,NULL,3,NULL,136),(779,NULL,NULL,3,NULL,160),(780,NULL,NULL,3,NULL,7),(781,NULL,NULL,3,NULL,92),(782,NULL,NULL,3,NULL,104),(783,NULL,NULL,3,NULL,5),(784,NULL,NULL,3,NULL,170),(785,NULL,NULL,3,NULL,10),(786,NULL,NULL,3,NULL,167),(787,NULL,NULL,3,NULL,83),(788,NULL,NULL,3,NULL,21),(789,NULL,NULL,3,NULL,127),(790,NULL,NULL,3,NULL,1),(791,NULL,NULL,3,NULL,109),(792,NULL,NULL,3,NULL,104),(793,NULL,NULL,3,NULL,76),(794,NULL,NULL,3,NULL,129),(795,NULL,NULL,3,NULL,54),(796,NULL,NULL,3,NULL,143),(797,NULL,NULL,3,NULL,90),(798,NULL,NULL,3,NULL,144),(799,NULL,NULL,3,NULL,147),(800,NULL,NULL,3,NULL,112),(801,NULL,NULL,3,NULL,43),(802,NULL,NULL,3,NULL,35),(803,NULL,NULL,3,NULL,27),(804,NULL,NULL,3,NULL,34),(805,NULL,NULL,3,NULL,28),(806,NULL,NULL,3,NULL,125),(807,NULL,NULL,3,NULL,59),(808,NULL,NULL,3,NULL,158),(809,NULL,NULL,3,NULL,120),(810,NULL,NULL,3,NULL,78),(811,NULL,NULL,3,NULL,26),(812,NULL,NULL,3,NULL,46),(813,NULL,NULL,3,NULL,122),(814,NULL,NULL,3,NULL,2),(815,NULL,NULL,3,NULL,62),(816,NULL,NULL,3,NULL,64),(817,NULL,NULL,3,NULL,61),(818,NULL,NULL,3,NULL,174),(819,NULL,NULL,3,NULL,134),(820,NULL,NULL,3,NULL,55),(821,NULL,NULL,3,NULL,180),(822,NULL,NULL,3,NULL,18),(823,NULL,NULL,3,NULL,177),(824,NULL,NULL,3,NULL,100),(825,NULL,NULL,3,NULL,51),(826,NULL,NULL,3,NULL,3),(827,NULL,NULL,3,NULL,89),(828,NULL,NULL,3,NULL,32),(829,NULL,NULL,3,NULL,40),(830,NULL,NULL,3,NULL,75),(831,NULL,NULL,3,NULL,25),(832,NULL,NULL,3,NULL,182),(833,NULL,NULL,3,NULL,168),(834,NULL,NULL,3,NULL,110),(835,NULL,NULL,3,NULL,175),(836,NULL,NULL,3,NULL,115),(837,NULL,NULL,3,NULL,137),(838,NULL,NULL,3,NULL,123),(839,NULL,NULL,3,NULL,96),(840,NULL,NULL,3,NULL,56),(841,NULL,NULL,3,NULL,36),(842,NULL,NULL,3,NULL,16),(843,NULL,NULL,3,NULL,74),(844,NULL,NULL,3,NULL,130),(845,NULL,NULL,3,NULL,126),(846,NULL,NULL,3,NULL,138),(847,NULL,NULL,3,NULL,97),(848,NULL,NULL,3,NULL,85),(849,NULL,NULL,3,NULL,86),(850,NULL,NULL,3,NULL,87),(851,NULL,NULL,3,NULL,47),(852,NULL,NULL,3,NULL,37),(853,NULL,NULL,3,NULL,69),(854,NULL,NULL,3,NULL,105),(855,NULL,NULL,3,NULL,42),(856,NULL,NULL,3,NULL,24),(857,NULL,NULL,3,NULL,132),(858,NULL,NULL,3,NULL,118),(859,NULL,NULL,3,NULL,114),(860,NULL,NULL,3,NULL,178),(861,NULL,NULL,3,NULL,81),(862,NULL,NULL,3,NULL,80),(863,NULL,NULL,3,NULL,65),(864,NULL,NULL,3,NULL,107),(865,NULL,NULL,3,NULL,165),(866,NULL,NULL,3,NULL,33),(867,NULL,NULL,3,NULL,179),(868,NULL,NULL,3,NULL,4),(869,NULL,NULL,3,NULL,79),(870,NULL,NULL,3,NULL,8),(871,NULL,NULL,3,NULL,49),(872,NULL,NULL,3,NULL,30),(873,NULL,NULL,3,NULL,156),(874,NULL,NULL,3,NULL,142),(875,NULL,NULL,3,NULL,162),(876,NULL,NULL,3,NULL,99),(877,NULL,NULL,3,NULL,17),(878,NULL,NULL,3,NULL,124),(879,NULL,NULL,3,NULL,88),(880,NULL,NULL,3,NULL,153),(881,NULL,NULL,3,NULL,52),(882,NULL,NULL,3,NULL,53),(883,NULL,NULL,3,NULL,22),(884,NULL,NULL,3,NULL,155),(885,NULL,NULL,3,NULL,14),(886,NULL,NULL,3,NULL,161),(887,NULL,NULL,3,NULL,128),(888,NULL,NULL,3,NULL,116),(889,NULL,NULL,3,NULL,176),(890,NULL,NULL,3,NULL,45),(891,NULL,NULL,3,NULL,31),(892,NULL,NULL,3,NULL,152),(893,NULL,NULL,3,NULL,150),(894,NULL,NULL,3,NULL,38),(895,NULL,NULL,3,NULL,66),(896,NULL,NULL,3,NULL,173),(897,NULL,NULL,3,NULL,171),(898,NULL,NULL,3,NULL,113),(899,NULL,NULL,3,NULL,157),(900,NULL,NULL,3,NULL,166),(901,NULL,NULL,3,NULL,19),(902,NULL,NULL,3,NULL,12),(903,NULL,NULL,3,NULL,141),(904,NULL,NULL,3,NULL,154),(905,NULL,NULL,3,NULL,140),(906,NULL,NULL,3,NULL,103),(907,NULL,NULL,3,NULL,102),(908,NULL,NULL,3,NULL,163),(909,NULL,NULL,3,NULL,93),(910,NULL,NULL,3,NULL,77),(911,NULL,NULL,3,NULL,13),(912,NULL,NULL,3,NULL,98),(913,NULL,NULL,3,NULL,108),(914,NULL,NULL,3,NULL,94),(915,NULL,NULL,3,NULL,159),(916,NULL,NULL,3,NULL,135),(917,NULL,NULL,3,NULL,121),(918,NULL,NULL,3,NULL,84),(919,NULL,NULL,3,NULL,151),(920,NULL,NULL,3,NULL,57),(921,NULL,NULL,3,NULL,91),(922,NULL,NULL,3,NULL,145),(962,NULL,NULL,NULL,4,253),(963,NULL,NULL,NULL,4,265),(964,NULL,NULL,NULL,4,272),(965,NULL,NULL,NULL,4,267),(966,NULL,NULL,NULL,4,255),(967,NULL,NULL,NULL,4,248),(968,NULL,NULL,NULL,4,243),(969,NULL,NULL,NULL,4,280),(970,NULL,NULL,NULL,4,274),(971,NULL,NULL,NULL,4,269),(972,NULL,NULL,NULL,4,257),(973,NULL,NULL,NULL,4,276),(974,NULL,NULL,NULL,4,259),(975,NULL,NULL,NULL,4,250),(976,NULL,NULL,NULL,4,245),(977,NULL,NULL,NULL,4,240),(978,NULL,NULL,NULL,4,273),(979,NULL,NULL,NULL,4,268),(980,NULL,NULL,NULL,4,254),(981,NULL,NULL,NULL,4,275),(982,NULL,NULL,NULL,4,256),(983,NULL,NULL,NULL,4,249),(984,NULL,NULL,NULL,4,244),(985,NULL,NULL,NULL,4,239),(986,NULL,NULL,NULL,4,277),(987,NULL,NULL,NULL,4,263),(988,NULL,NULL,NULL,4,251),(989,NULL,NULL,NULL,4,246),(990,NULL,NULL,NULL,4,241),(991,NULL,NULL,NULL,4,258),(992,NULL,NULL,NULL,4,270),(993,NULL,NULL,NULL,4,278),(994,NULL,NULL,NULL,4,271),(995,NULL,NULL,NULL,4,264),(996,NULL,NULL,NULL,4,262),(997,NULL,NULL,NULL,4,266),(998,NULL,NULL,NULL,4,252),(999,NULL,NULL,NULL,4,247),(1000,NULL,NULL,NULL,4,242),(1004,NULL,NULL,NULL,5,293),(1005,NULL,NULL,NULL,5,337),(1006,NULL,NULL,NULL,5,362),(1014,NULL,NULL,NULL,8,374),(1015,NULL,NULL,NULL,8,334),(1016,NULL,NULL,NULL,8,349),(1017,NULL,NULL,NULL,8,290),(1018,NULL,NULL,NULL,8,291),(1019,NULL,NULL,NULL,8,372),(1020,NULL,NULL,NULL,8,352),(1048,1,NULL,NULL,NULL,251),(1049,2,NULL,NULL,NULL,253),(1050,3,NULL,NULL,NULL,264),(1051,4,NULL,NULL,NULL,260),(1052,5,NULL,NULL,NULL,261),(1053,6,NULL,NULL,NULL,279),(1054,7,NULL,NULL,NULL,292),(1055,8,NULL,NULL,NULL,293),(1056,9,NULL,NULL,NULL,297),(1057,10,NULL,NULL,NULL,300),(1058,11,NULL,NULL,NULL,310),(1059,12,NULL,NULL,NULL,318),(1060,13,NULL,NULL,NULL,320),(1061,14,NULL,NULL,NULL,326),(1062,15,NULL,NULL,NULL,327),(1063,16,NULL,NULL,NULL,334),(1064,17,NULL,NULL,NULL,343),(1065,18,NULL,NULL,NULL,349),(1066,19,NULL,NULL,NULL,360),(1067,20,NULL,NULL,NULL,362),(1068,21,NULL,NULL,NULL,363),(1069,22,NULL,NULL,NULL,369),(1070,23,NULL,NULL,NULL,374),(1071,24,NULL,NULL,NULL,314),(1072,25,NULL,NULL,NULL,321),(1073,26,NULL,NULL,NULL,351),(1074,27,NULL,NULL,NULL,371),(1086,1,NULL,NULL,NULL,289),(1087,2,NULL,NULL,NULL,292),(1088,3,NULL,NULL,NULL,300),(1089,4,NULL,NULL,NULL,310),(1090,5,NULL,NULL,NULL,318),(1091,6,NULL,NULL,NULL,329),(1092,7,NULL,NULL,NULL,334),(1093,8,NULL,NULL,NULL,343),(1094,9,NULL,NULL,NULL,360),(1095,10,NULL,NULL,NULL,363),(1096,11,NULL,NULL,NULL,371),(1126,1,NULL,NULL,NULL,185),(1127,2,NULL,NULL,NULL,186),(1128,3,NULL,NULL,NULL,187),(1129,4,NULL,NULL,NULL,188),(1130,5,NULL,NULL,NULL,189),(1131,6,NULL,NULL,NULL,190),(1132,7,NULL,NULL,NULL,191),(1133,8,NULL,NULL,NULL,192),(1134,9,NULL,NULL,NULL,193),(1135,10,NULL,NULL,NULL,194),(1136,11,NULL,NULL,NULL,195),(1137,12,NULL,NULL,NULL,196),(1138,13,NULL,NULL,NULL,197),(1139,14,NULL,NULL,NULL,198),(1140,15,NULL,NULL,NULL,199),(1141,16,NULL,NULL,NULL,200),(1142,17,NULL,NULL,NULL,201),(1143,18,NULL,NULL,NULL,202),(1144,19,NULL,NULL,NULL,203),(1145,20,NULL,NULL,NULL,204),(1146,21,NULL,NULL,NULL,205),(1147,22,NULL,NULL,NULL,206),(1148,23,NULL,NULL,NULL,207),(1149,24,NULL,NULL,NULL,208),(1150,25,NULL,NULL,NULL,209),(1151,26,NULL,NULL,NULL,210),(1152,27,NULL,NULL,NULL,211),(1153,28,NULL,NULL,NULL,212),(1154,29,NULL,NULL,NULL,213),(1176,1,NULL,NULL,NULL,218),(1177,2,NULL,NULL,NULL,219),(1178,3,NULL,NULL,NULL,220),(1179,4,NULL,NULL,NULL,221),(1180,5,NULL,NULL,NULL,222),(1181,6,NULL,NULL,NULL,223),(1182,7,NULL,NULL,NULL,224),(1183,8,NULL,NULL,NULL,225),(1184,9,NULL,NULL,NULL,226),(1185,10,NULL,NULL,NULL,227),(1186,11,NULL,NULL,NULL,228),(1187,12,NULL,NULL,NULL,229),(1188,13,NULL,NULL,NULL,230),(1189,14,NULL,NULL,NULL,231),(1190,15,NULL,NULL,NULL,232),(1191,16,NULL,NULL,NULL,233),(1192,17,NULL,NULL,NULL,234),(1193,18,NULL,NULL,NULL,235),(1194,19,NULL,NULL,NULL,236),(1195,20,NULL,NULL,NULL,237),(1196,21,NULL,NULL,NULL,238),(1197,NULL,1,NULL,NULL,253),(1198,NULL,2,NULL,NULL,265),(1199,NULL,3,NULL,NULL,272),(1200,NULL,4,NULL,NULL,267),(1201,NULL,5,NULL,NULL,255),(1202,NULL,6,NULL,NULL,248),(1203,NULL,7,NULL,NULL,243),(1204,NULL,8,NULL,NULL,280),(1205,NULL,9,NULL,NULL,274),(1206,NULL,10,NULL,NULL,269),(1207,NULL,11,NULL,NULL,257),(1208,NULL,12,NULL,NULL,276),(1209,NULL,13,NULL,NULL,259),(1210,NULL,14,NULL,NULL,250),(1211,NULL,15,NULL,NULL,245),(1212,NULL,16,NULL,NULL,240),(1213,NULL,17,NULL,NULL,273),(1214,NULL,18,NULL,NULL,268),(1215,NULL,19,NULL,NULL,254),(1216,NULL,20,NULL,NULL,275),(1217,NULL,21,NULL,NULL,256),(1218,NULL,22,NULL,NULL,249),(1219,NULL,23,NULL,NULL,244),(1220,NULL,24,NULL,NULL,239),(1221,NULL,25,NULL,NULL,277),(1222,NULL,26,NULL,NULL,263),(1223,NULL,27,NULL,NULL,251),(1224,NULL,28,NULL,NULL,246),(1225,NULL,29,NULL,NULL,241),(1226,NULL,30,NULL,NULL,258),(1227,NULL,31,NULL,NULL,270),(1228,NULL,32,NULL,NULL,278),(1229,NULL,33,NULL,NULL,271),(1230,NULL,34,NULL,NULL,264),(1231,NULL,35,NULL,NULL,262),(1232,NULL,36,NULL,NULL,266),(1233,NULL,37,NULL,NULL,252),(1234,NULL,38,NULL,NULL,247),(1235,NULL,39,NULL,NULL,242),(1236,NULL,1,NULL,NULL,293),(1237,NULL,2,NULL,NULL,337),(1238,NULL,3,NULL,NULL,362),(1239,NULL,1,NULL,NULL,374),(1240,NULL,2,NULL,NULL,334),(1241,NULL,3,NULL,NULL,349),(1242,NULL,4,NULL,NULL,290),(1243,NULL,5,NULL,NULL,291),(1244,NULL,6,NULL,NULL,372),(1245,NULL,7,NULL,NULL,352),(1246,NULL,NULL,5,NULL,251),(1247,NULL,NULL,5,NULL,253),(1248,NULL,NULL,5,NULL,264),(1249,NULL,NULL,5,NULL,260),(1250,NULL,NULL,5,NULL,261),(1251,NULL,NULL,5,NULL,279),(1252,NULL,NULL,5,NULL,292),(1253,NULL,NULL,5,NULL,293),(1254,NULL,NULL,5,NULL,297),(1255,NULL,NULL,5,NULL,300),(1256,NULL,NULL,5,NULL,310),(1257,NULL,NULL,5,NULL,318),(1258,NULL,NULL,5,NULL,320),(1259,NULL,NULL,5,NULL,326),(1260,NULL,NULL,5,NULL,327),(1261,NULL,NULL,5,NULL,334),(1262,NULL,NULL,5,NULL,343),(1263,NULL,NULL,5,NULL,349),(1264,NULL,NULL,5,NULL,360),(1265,NULL,NULL,5,NULL,362),(1266,NULL,NULL,5,NULL,363),(1267,NULL,NULL,5,NULL,369),(1268,NULL,NULL,5,NULL,374),(1269,NULL,NULL,5,NULL,314),(1270,NULL,NULL,5,NULL,321),(1271,NULL,NULL,5,NULL,351),(1272,NULL,NULL,5,NULL,371),(1273,NULL,NULL,8,NULL,289),(1274,NULL,NULL,8,NULL,292),(1275,NULL,NULL,8,NULL,300),(1276,NULL,NULL,8,NULL,310),(1277,NULL,NULL,8,NULL,318),(1278,NULL,NULL,8,NULL,329),(1279,NULL,NULL,8,NULL,334),(1280,NULL,NULL,8,NULL,343),(1281,NULL,NULL,8,NULL,360),(1282,NULL,NULL,8,NULL,363),(1283,NULL,NULL,8,NULL,371),(1284,NULL,NULL,9,NULL,185),(1285,NULL,NULL,9,NULL,186),(1286,NULL,NULL,9,NULL,187),(1287,NULL,NULL,9,NULL,188),(1288,NULL,NULL,9,NULL,189),(1289,NULL,NULL,9,NULL,190),(1290,NULL,NULL,9,NULL,191),(1291,NULL,NULL,9,NULL,192),(1292,NULL,NULL,9,NULL,193),(1293,NULL,NULL,9,NULL,194),(1294,NULL,NULL,9,NULL,195),(1295,NULL,NULL,9,NULL,196),(1296,NULL,NULL,9,NULL,197),(1297,NULL,NULL,9,NULL,198),(1298,NULL,NULL,9,NULL,199),(1299,NULL,NULL,9,NULL,200),(1300,NULL,NULL,9,NULL,201),(1301,NULL,NULL,9,NULL,202),(1302,NULL,NULL,9,NULL,203),(1303,NULL,NULL,9,NULL,204),(1304,NULL,NULL,9,NULL,205),(1305,NULL,NULL,9,NULL,206),(1306,NULL,NULL,9,NULL,207),(1307,NULL,NULL,9,NULL,208),(1308,NULL,NULL,9,NULL,209),(1309,NULL,NULL,9,NULL,210),(1310,NULL,NULL,9,NULL,211),(1311,NULL,NULL,9,NULL,212),(1312,NULL,NULL,9,NULL,213),(1313,NULL,NULL,11,NULL,218),(1314,NULL,NULL,11,NULL,219),(1315,NULL,NULL,11,NULL,220),(1316,NULL,NULL,11,NULL,221),(1317,NULL,NULL,11,NULL,222),(1318,NULL,NULL,11,NULL,223),(1319,NULL,NULL,11,NULL,224),(1320,NULL,NULL,11,NULL,225),(1321,NULL,NULL,11,NULL,226),(1322,NULL,NULL,11,NULL,227),(1323,NULL,NULL,11,NULL,228),(1324,NULL,NULL,11,NULL,229),(1325,NULL,NULL,11,NULL,230),(1326,NULL,NULL,11,NULL,231),(1327,NULL,NULL,11,NULL,232),(1328,NULL,NULL,11,NULL,233),(1329,NULL,NULL,11,NULL,234),(1330,NULL,NULL,11,NULL,235),(1331,NULL,NULL,11,NULL,236),(1332,NULL,NULL,11,NULL,237),(1333,NULL,NULL,11,NULL,238),(2824,NULL,NULL,37,NULL,565),(2825,NULL,NULL,37,NULL,566),(2826,NULL,NULL,37,NULL,567),(2827,NULL,NULL,37,NULL,568),(2828,NULL,NULL,37,NULL,569),(2829,NULL,NULL,37,NULL,570),(2830,NULL,NULL,37,NULL,571),(2831,NULL,NULL,37,NULL,572),(2832,NULL,NULL,37,NULL,573),(2833,NULL,NULL,37,NULL,574),(2834,NULL,NULL,37,NULL,575),(2835,NULL,NULL,37,NULL,576),(2836,NULL,NULL,37,NULL,577),(2837,NULL,NULL,37,NULL,578),(2838,NULL,NULL,37,NULL,579),(2839,NULL,NULL,37,NULL,580),(2840,NULL,NULL,37,NULL,581),(2841,NULL,NULL,37,NULL,582),(2842,NULL,NULL,37,NULL,583),(2843,NULL,NULL,37,NULL,584),(2844,NULL,NULL,37,NULL,585),(2845,NULL,NULL,37,NULL,586),(2846,NULL,NULL,37,NULL,587),(2847,NULL,NULL,37,NULL,588),(2848,NULL,NULL,37,NULL,589),(2849,NULL,NULL,37,NULL,590),(2850,NULL,NULL,37,NULL,591),(2851,NULL,NULL,37,NULL,592),(2852,NULL,NULL,37,NULL,593),(3220,NULL,NULL,68,NULL,813),(3221,NULL,NULL,68,NULL,821),(3222,NULL,NULL,68,NULL,817),(3223,NULL,NULL,68,NULL,823),(3224,NULL,NULL,68,NULL,824),(3225,NULL,NULL,68,NULL,826),(3226,NULL,NULL,68,NULL,830),(3227,NULL,NULL,68,NULL,831),(3228,NULL,NULL,68,NULL,832),(3229,NULL,NULL,68,NULL,834),(3230,NULL,NULL,68,NULL,844),(3231,NULL,NULL,68,NULL,845),(3232,NULL,NULL,68,NULL,849),(3233,NULL,NULL,68,NULL,860),(3234,NULL,NULL,68,NULL,861),(3235,NULL,NULL,68,NULL,863),(3236,NULL,NULL,68,NULL,867),(3237,NULL,NULL,68,NULL,883),(3238,NULL,NULL,68,NULL,884),(3239,NULL,NULL,68,NULL,888),(3240,NULL,NULL,68,NULL,890),(3241,NULL,NULL,68,NULL,895),(3242,NULL,NULL,68,NULL,896),(3243,NULL,NULL,68,NULL,898),(3244,NULL,NULL,68,NULL,904),(3245,NULL,NULL,68,NULL,905),(3246,NULL,NULL,68,NULL,912),(3247,NULL,NULL,68,NULL,918),(3248,NULL,NULL,68,NULL,919),(3249,NULL,NULL,68,NULL,921),(3250,NULL,NULL,68,NULL,922),(3251,NULL,NULL,68,NULL,926),(3252,NULL,NULL,68,NULL,933),(3253,NULL,NULL,68,NULL,939),(3254,NULL,NULL,68,NULL,941),(3255,NULL,NULL,68,NULL,942),(3256,NULL,NULL,68,NULL,944),(3257,NULL,NULL,71,NULL,978),(3258,NULL,NULL,71,NULL,979),(3259,NULL,NULL,71,NULL,980),(3260,NULL,NULL,71,NULL,981),(3261,NULL,NULL,71,NULL,982),(3262,NULL,NULL,71,NULL,983),(3263,NULL,NULL,71,NULL,984),(3264,NULL,NULL,71,NULL,985),(3265,NULL,NULL,71,NULL,986),(3266,NULL,NULL,71,NULL,987),(3267,NULL,NULL,71,NULL,988),(3268,NULL,NULL,71,NULL,989),(3269,NULL,NULL,71,NULL,990),(3270,NULL,NULL,71,NULL,991),(3271,NULL,NULL,71,NULL,992),(3272,NULL,NULL,71,NULL,993),(3273,NULL,NULL,71,NULL,994),(3274,NULL,NULL,71,NULL,995),(3275,NULL,NULL,71,NULL,996),(3276,NULL,NULL,71,NULL,997),(3277,NULL,NULL,71,NULL,998),(3278,NULL,NULL,71,NULL,999),(3279,NULL,NULL,71,NULL,1000),(3280,NULL,NULL,71,NULL,1001),(3281,NULL,NULL,71,NULL,1002),(3282,NULL,NULL,71,NULL,1003),(3283,NULL,NULL,71,NULL,1004),(3284,NULL,NULL,71,NULL,1005),(3285,NULL,NULL,71,NULL,1006),(3286,NULL,NULL,71,NULL,1007),(3287,NULL,NULL,71,NULL,1008),(3288,NULL,NULL,71,NULL,1009),(3289,NULL,NULL,71,NULL,1010),(3402,NULL,NULL,81,NULL,1074),(3403,NULL,NULL,81,NULL,1078),(3404,NULL,NULL,81,NULL,1080),(3405,NULL,NULL,81,NULL,1081),(3406,NULL,NULL,81,NULL,1083),(3407,NULL,NULL,81,NULL,1088),(3408,NULL,NULL,81,NULL,1091),(3409,NULL,NULL,81,NULL,1106),(3410,NULL,NULL,81,NULL,1117),(3411,NULL,NULL,81,NULL,1118),(3412,NULL,NULL,81,NULL,1119),(3413,NULL,NULL,81,NULL,1141),(3414,NULL,NULL,81,NULL,1145),(3415,NULL,NULL,81,NULL,1147),(3416,NULL,NULL,81,NULL,1149),(3417,NULL,NULL,81,NULL,1153),(3418,NULL,NULL,81,NULL,1161),(3419,NULL,NULL,81,NULL,1164),(3420,NULL,NULL,81,NULL,1165),(3421,NULL,NULL,81,NULL,1168),(3422,NULL,NULL,81,NULL,1175),(3423,NULL,NULL,81,NULL,1178),(3424,NULL,NULL,81,NULL,1179),(3425,NULL,NULL,81,NULL,1187),(3426,NULL,NULL,81,NULL,1196),(3427,NULL,NULL,81,NULL,1198),(3428,NULL,NULL,81,NULL,1199),(3429,NULL,NULL,81,NULL,1201),(3430,NULL,NULL,85,NULL,1015),(3431,NULL,NULL,85,NULL,1016),(3432,NULL,NULL,85,NULL,1017),(3433,NULL,NULL,85,NULL,1018),(3434,NULL,NULL,85,NULL,1019),(3435,NULL,NULL,85,NULL,1020),(3436,NULL,NULL,85,NULL,1021),(3437,NULL,NULL,85,NULL,1022),(3438,NULL,NULL,85,NULL,1023),(3439,NULL,NULL,85,NULL,1024),(3440,NULL,NULL,85,NULL,1025),(3441,NULL,NULL,85,NULL,1026),(3442,NULL,NULL,85,NULL,1027),(3443,NULL,NULL,85,NULL,1028),(3444,NULL,NULL,85,NULL,1029),(3445,NULL,NULL,85,NULL,1030),(3446,NULL,NULL,85,NULL,1031),(3447,NULL,NULL,85,NULL,1032),(3448,NULL,NULL,85,NULL,1033),(3449,NULL,NULL,85,NULL,1034),(3450,NULL,NULL,85,NULL,1035),(3451,NULL,NULL,85,NULL,1036),(3452,NULL,NULL,85,NULL,1037),(3453,NULL,NULL,85,NULL,1038),(3454,NULL,NULL,85,NULL,1039),(3455,NULL,NULL,85,NULL,1040),(3456,NULL,NULL,86,NULL,1042),(3457,NULL,NULL,86,NULL,1043),(3458,NULL,NULL,82,NULL,1117),(3459,NULL,NULL,82,NULL,1118),(3460,NULL,NULL,82,NULL,1141),(3461,NULL,NULL,82,NULL,1145),(3462,NULL,NULL,82,NULL,1147),(3463,NULL,NULL,82,NULL,1153),(3464,NULL,NULL,82,NULL,1154),(3465,NULL,NULL,82,NULL,1161),(3466,NULL,NULL,82,NULL,1176),(3467,NULL,NULL,82,NULL,1178),(3468,NULL,NULL,82,NULL,1179),(3469,NULL,NULL,82,NULL,1187),(3470,NULL,NULL,82,NULL,1190),(3471,NULL,NULL,82,NULL,1196),(3472,NULL,NULL,82,NULL,1198),(3473,1,NULL,140,NULL,1202),(3474,2,NULL,140,NULL,1203),(3475,3,NULL,140,NULL,1204),(3476,4,NULL,140,NULL,1205);
/*!40000 ALTER TABLE `s_usageordering` ENABLE KEYS */;
UNLOCK TABLES;

--
-- Table structure for table `s_usagetype`
--

DROP TABLE IF EXISTS `s_usagetype`;
/*!40101 SET @saved_cs_client     = @@character_set_client */;
/*!40101 SET character_set_client = utf8 */;
CREATE TABLE `s_usagetype` (
  `ID` int(11) NOT NULL,
  `USAGETYPE` varchar(1) NOT NULL,
  `FK_ID_SUBREGLABELCONTENT` int(11) NOT NULL,
  UNIQUE KEY `US_USAGETYPE_ID_411450` (`ID`),
  UNIQUE KEY `US_USAGETYPE_ID_628440` (`ID`),
  KEY `SUSAGETYPEFKIDSUBREGLABEL41608` (`FK_ID_SUBREGLABELCONTENT`),
  KEY `SUSAGETYPEFKIDSUBREGLABELCO63320` (`FK_ID_SUBREGLABELCONTENT`)
) ENGINE=InnoDB DEFAULT CHARSET=utf8;
/*!40101 SET character_set_client = @saved_cs_client */;

--
-- Dumping data for table `s_usagetype`
--

LOCK TABLES `s_usagetype` WRITE;
/*!40000 ALTER TABLE `s_usagetype` DISABLE KEYS */;
INSERT INTO `s_usagetype` VALUES (1,'C',6);
/*!40000 ALTER TABLE `s_usagetype` ENABLE KEYS */;
UNLOCK TABLES;

--
-- Table structure for table `spld_directionsforusesection`
--

DROP TABLE IF EXISTS `spld_directionsforusesection`;
/*!40101 SET @saved_cs_client     = @@character_set_client */;
/*!40101 SET character_set_client = utf8 */;
CREATE TABLE `spld_directionsforusesection` (
  `ID` int(11) NOT NULL,
  `NAME` text,
  `TITLE` varchar(254) DEFAULT NULL,
  `SUBTITLE` varchar(254) DEFAULT NULL,
  `BOLDITALIC` varchar(1) DEFAULT NULL,
  `GENERALUSE` varchar(1) DEFAULT NULL,
  `STATEMENTLISTTYPE` varchar(254) DEFAULT NULL,
  `NUMBEREACHSTATEMENT` varchar(1) DEFAULT NULL,
  `REVIEWERNOTE` longtext,
  `NOTEBOLDITALIC` varchar(1) DEFAULT NULL,
  `SELECTED` varchar(1) DEFAULT NULL,
  `CONTINUATIONBREAKFLAG` varchar(254) DEFAULT NULL,
  `AUTOSEQ` int(11) DEFAULT NULL,
  `AUTOSEQ02` int(11) DEFAULT NULL,
  `FK_ID_SPLD_SECTION` int(11) DEFAULT NULL,
  `FK_ID_SUBREGPHYSICALLABELDEF` int(11) NOT NULL,
  `FK_ID_S_DIRECTIONSFORUSESECTION` int(11) DEFAULT NULL,
  UNIQUE KEY `USPLDDIRECTIONSFORUSESECTI9981` (`ID`),
  UNIQUE KEY `USPLDDIRECTIONSFORUSESECTIO62848` (`ID`),
  KEY `SPLDDIRECTIONSFORUSESECTI10331` (`FK_ID_SPLD_SECTION`),
  KEY `SPLDDIRECTIONSFORUSESECTI10343` (`FK_ID_SUBREGPHYSICALLABELDEF`),
  KEY `SPLDDIRECTIONSFORUSESECTI10410` (`FK_ID_S_DIRECTIONSFORUSESECTION`),
  KEY `SPLDDIRECTIONSFORUSESECTION63222` (`FK_ID_SPLD_SECTION`),
  KEY `SPLDDIRECTIONSFORUSESECTION63234` (`FK_ID_SUBREGPHYSICALLABELDEF`),
  KEY `SPLDDIRECTIONSFORUSESECTION63284` (`FK_ID_S_DIRECTIONSFORUSESECTION`)
) ENGINE=InnoDB DEFAULT CHARSET=utf8;
/*!40101 SET character_set_client = @saved_cs_client */;

--
-- Dumping data for table `spld_directionsforusesection`
--

LOCK TABLES `spld_directionsforusesection` WRITE;
/*!40000 ALTER TABLE `spld_directionsforusesection` DISABLE KEYS */;
INSERT INTO `spld_directionsforusesection` VALUES (11,'Recommended',NULL,NULL,NULL,NULL,NULL,NULL,NULL,NULL,NULL,NULL,NULL,1,NULL,3,17),(12,'Disinfecting','DISINFECTION / Cleaning / Deodorizing Directions:',NULL,NULL,NULL,NULL,NULL,NULL,NULL,NULL,NULL,NULL,2,NULL,3,18),(13,'Toilet Bowls','TOILET BOWLS [ / URINALS]',NULL,NULL,NULL,NULL,NULL,NULL,NULL,NULL,NULL,NULL,3,NULL,3,19),(14,'Mildewstatic','MILDEWSTATIC INSTRUCTIONS:',NULL,NULL,NULL,NULL,NULL,NULL,NULL,NULL,NULL,NULL,4,NULL,3,20),(15,'Special Instructions','SPECIAL INSTRUCTIONS FOR CLEANING AND DECONTAMINATION AGAINST HIV-1 (AIDS VIRUS) OR HBV OR HCV ON SURFACES / OBJECTS SOILED WITH BLOOD / BODY FLUIDS:',NULL,NULL,NULL,NULL,NULL,NULL,NULL,NULL,NULL,NULL,5,NULL,3,21),(16,'Salon','SALON (BARBER) INSTRUMENTS AND TOOLS DISINFECTION (BACTERICIDE) / VIRUCIDE / FUNGICIDE DIRECTIONS:',NULL,NULL,NULL,NULL,NULL,NULL,NULL,NULL,NULL,NULL,6,NULL,3,22),(17,'Disinfection','DISINFECTION OF HARD, NON-POROUS SURFACES IN FOOTBATHS',NULL,NULL,NULL,NULL,NULL,NULL,NULL,NULL,NULL,NULL,7,NULL,3,23),(18,'Cleansing','CLEANSING OF BODY SURFACES AND BODY ORIFICES OF HUMAN REMAINS:',NULL,NULL,NULL,NULL,NULL,NULL,NULL,NULL,NULL,NULL,8,NULL,3,24),(42,'One Gallon Directions of Use',NULL,NULL,NULL,NULL,NULL,NULL,NULL,NULL,NULL,NULL,NULL,1,NULL,4,25),(304,'Five Gallon Directions of Use',NULL,NULL,NULL,NULL,NULL,NULL,NULL,NULL,NULL,NULL,NULL,1,NULL,5,26);
/*!40000 ALTER TABLE `spld_directionsforusesection` ENABLE KEYS */;
UNLOCK TABLES;

--
-- Table structure for table `spld_directionsforusestatement`
--

DROP TABLE IF EXISTS `spld_directionsforusestatement`;
/*!40101 SET @saved_cs_client     = @@character_set_client */;
/*!40101 SET character_set_client = utf8 */;
CREATE TABLE `spld_directionsforusestatement` (
  `ID` int(11) NOT NULL,
  `TITLE` varchar(254) DEFAULT NULL,
  `z_TEXT` longtext,
  `NOTFORUSETEXT` longtext,
  `NOTFORUSETYPE` varchar(2) NOT NULL,
  `REVIEWERNOTE` longtext,
  `BOLDITALIC` varchar(1) DEFAULT NULL,
  `SELECTED` varchar(1) DEFAULT NULL,
  `CONTINUATIONBREAKFLAG` varchar(254) DEFAULT NULL,
  `CONTINUATIONTEXT` longtext,
  `CONTINUATIONLEADINGTEXT` longtext,
  `AUTOSEQ` int(11) DEFAULT NULL,
  `FK_ID_SPLDDIRECTIONSFORUSESECTIO` int(11) NOT NULL,
  `FK_ID_S_DIRECTIONSFORUSESTATEMEN` int(11) DEFAULT NULL,
  UNIQUE KEY `USPLDDIRECTIONSFORUSESTATE9994` (`ID`),
  UNIQUE KEY `USPLDDIRECTIONSFORUSESTATEM62862` (`ID`),
  KEY `SPLDDIRECTIONSFORUSESTATE10354` (`FK_ID_SPLDDIRECTIONSFORUSESECTIO`),
  KEY `SPLDDIRECTIONSFORUSESTATE10379` (`FK_ID_S_DIRECTIONSFORUSESTATEMEN`),
  KEY `SPLDDIRECTIONSFORUSESTATEME63245` (`FK_ID_SPLDDIRECTIONSFORUSESECTIO`),
  KEY `SPLDDIRECTIONSFORUSESTATEME63270` (`FK_ID_S_DIRECTIONSFORUSESTATEMEN`)
) ENGINE=InnoDB DEFAULT CHARSET=utf8;
/*!40101 SET character_set_client = @saved_cs_client */;

--
-- Dumping data for table `spld_directionsforusestatement`
--

LOCK TABLES `spld_directionsforusestatement` WRITE;
/*!40000 ALTER TABLE `spld_directionsforusestatement` DISABLE KEYS */;
INSERT INTO `spld_directionsforusestatement` VALUES (39,NULL,'This product is not to be used as a terminal sterilant / high level disinfectant on any surface or instrument that (1) is introduced directly into the human body, either into or in contact with the bloodstream or normally sterile areas of the body, or (2) contacts intact mucous membranes but which does not ordinarily penetrate the blood barrier or otherwise enter normally sterile areas of the body. This product may be used to',NULL,'NA',NULL,NULL,NULL,NULL,NULL,NULL,NULL,11,45),(40,NULL,'Remove heavy soil deposits from surface. Then thoroughly wet surface with a use-solution of ½ oz. of the concentrate per gallon of water. (Use 2 oz per gallon of water to kill Adenovirus Type 7). The use-solution can be applied with a cloth, mop, sponge, or coarse spray, or soaking. For sprayer applications, use a coarse spray device. Spray 6-8 inches from the surface, rub with a brush, cloth or sponge. Do not breathe spray. Let solution remain on surface for a minimum of 10 minutes. Rinse or allow to air dry. Rinsing of floors is not necessary unless they are to be waxed or polished.\r\n\r\nFood contact surfaces must be thoroughly rinsed with potable water. This product must not be used to clean the following food contact surfaces: utensils, glassware and dishes.',NULL,'NA',NULL,NULL,NULL,NULL,NULL,NULL,NULL,12,46),(41,NULL,'Swab bowl with brush to remove heavy soil prior to cleaning or disinfecting. Clean by applying use-solution around the bowl and up under the rim. Stubborn stains may require brushing. To disinfect, first preclean to remove heavy soil, then remove or expel over the inner trap the residual bowl water. Pour in 3 oz. of the usesolution. Swab the bowl completely using a scrub brush or mop, making sure to get under rim. Let stand for 10 minutes or overnight, then flush',NULL,'NA',NULL,NULL,NULL,NULL,NULL,NULL,NULL,13,47),(42,NULL,'Will effectively control the growth of mold and mildew plus the odors caused by them when applied to hard, non-porous surfaces such as walls, floors, and table tops. Apply solution (2 ounces per gallon of water) with a cloth, mop, sponge or coarse spray making sure to wet all surfaces completely. Let air dry. Repeat application weekly or when growth reappears.',NULL,'NA',NULL,NULL,NULL,NULL,NULL,NULL,NULL,14,48),(43,NULL,'Personal Protection: Disposable protective gloves, gowns, face masks, or eye coverings as appropriate must be worn during all cleaning of blood / body fluids and during decontamination procedures. Cleaning Procedures: Blood / body fluids must be thoroughly cleaned from surfaces / objects before application of disinfectant. Contact Time: HIV-1 (AIDS virus) is inactivated after a contact time of 4 minutes at 25#C (77ºF) (room temperature). HBV and HCV are inactivated after a 10 minute contact time. Use a 10-minute contact time for all other viruses, fungi, and bacteria listed. Disposal of Infectious Materials: Blood / body fluids should be autoclaved and disposed of according to federal, state, and local regulations for infectious waste disposal',NULL,'NA',NULL,NULL,NULL,'M','temperature). HBV and HCV are inactivated after a 10 minute contact time. Use a 10-minute contact time for all other viruses, fungi, and bacteria listed. Disposal of Infectious Materials: Blood / body fluids should be autoclaved and disposed of according to federal, state, and local regulations for infectious waste disposal','Personal Protection: Disposable protective gloves, gowns, face masks, or eye coverings as appropriate must be worn during all cleaning of blood / body fluids and during decontamination procedures. Cleaning Procedures: Blood / body fluids must be thoroughly cleaned from surfaces / objects before application of disinfectant. Contact Time: HIV-1 (AIDS virus) is inactivated after a contact time of 4 minutes at 25#C (77ºF) (room ',NULL,15,49),(44,NULL,'Mix ½ oz of Formulation HWS-256 per gallon of water (or equivalent dilution) to disinfect hard, nonporous instruments and tools. (Use 2 oz per gallon of water to kill Adenovirus Type 7.) Completely immerse combs, brushes, rollers, razors, scissors, blades, manicure and other salon instruments and tools for 10 minutes. For heavily soiled instruments and tools, a preliminary cleaning is required. Rinse thoroughly and dry before use. Prepare a fresh solution daily or more often if the solution becomes visibly diluted, cloudy or soiled. Note: Plastics may remain immersed until ready to use. Stainless steel shears and instruments must be removed after 10 minutes, rinsed, dried and kept in a clean, non-contaminated receptacle. Prolonged soaking may cause damage to metal instruments',NULL,'NA',NULL,NULL,NULL,NULL,NULL,NULL,NULL,16,50),(45,NULL,'To remove body oils, dead tissue, soil and all other buildups or organic matter on inanimate surfaces after using the footbath, drain the water and thoroughly clean all hard, non-porous surfaces with soap or detergent, then rinse with water. Saturate surfaces with a use solution of ½ oz. per gallon of water (or equivalent use dilution) to exposed surfaces with a cloth, mop, sponge or sprayer. (Use 2 oz per gallon of water to kill Adenovirus Type 7). For spray applications, use a coarse spray device. Do not breathe spray. Brush or swab thoroughly and allow solution to stand for 10 minutes. After the unit has been thoroughly disinfected, rinse all surfaces with fresh water. Do not use equipment until treatment has been absorbed, set or dried',NULL,'NA',NULL,NULL,NULL,NULL,NULL,NULL,NULL,17,51),(46,NULL,'This product removes body secretions, soil, and blood, along with their accompanying malodor, from the surfaces and orifices of human remains. Using a sponge or washcloth, bathe the entire body with a use-solution of ½ oz per gallon of water. (Use 2 oz per gallon of water to kill Adenovirus Type 7.) A soft hand brush may be employed on surfaces other than the face. Prepare a fresh solution for each (cadaver) remains or when solution becomes visibly dirty or diluted\r\nCarpets: ½ oz. per gallon of shampoo solution eliminates odors associated with urine, vomit, smoke, and mildew. Reapply after cleaning for freshening effects. Allow to dry.',NULL,'NA',NULL,NULL,NULL,NULL,NULL,NULL,NULL,18,52),(231,'Recommended','This product is not to be used as a terminal sterilant / high level disinfectant on any surface or instrument that (1) is introduced directly into the human body, either into or in contact with the bloodstream or normally sterile areas of the body, or (2) contacts intact mucous membranes but which does not ordinarily penetrate the blood barrier or otherwise enter normally sterile areas of the body. This product may be used to preclean or decontaminate critical or semi-critical devices prior to sterilization or high-level disinfection.',NULL,'NA',NULL,NULL,NULL,NULL,NULL,NULL,1,42,NULL),(232,'DISINFECTION / Cleaning / Deodorizing Directions:','Remove heavy soil deposits from surface. Then thoroughly wet surface with a use-solution of 1/2 oz. of the concentrate per gallon of water. (Use 2 oz per gallon of water to kill Adenovirus Type 7). The use-solution can be applied with a cloth, mop, sponge, or coarse spray, or soaking. For sprayer applications, use a coarse spray device. Spray 6-8 inches from the surface, rub with a brush, cloth or sponge. Do not breathe spray. Let solution remain on surface for a minimum of 10 minutes. Rinse or allow to air dry. Rinsing of floors is not necessary unless they are to be waxed or polished.',NULL,'NA',NULL,NULL,NULL,NULL,NULL,NULL,2,42,NULL),(233,'TOILET BOWLS [ / URINALS]','Swab bowl with brush to remove heavy soil prior to cleaning or disinfecting. Clean by applying use-solution around the bowl and up under the rim. Stubborn stains may require brushing. To disinfect, first preclean to remove heavy soil, then remove or expel over the inner trap the residual bowl water. Pour in 3 oz. of the usesolution. Swab the bowl completely using a scrub brush or mop, making sure to get under rim. Let stand for 10 minutes or overnight, then flush.',NULL,'NA',NULL,NULL,NULL,NULL,NULL,NULL,3,42,NULL),(234,'MILDEWSTATIC INSTRUCTIONS:','Will effectively control the growth of mold and mildew plus the odors caused by them when applied to hard, non-porous surfaces such as walls, floors, and table tops. Apply solution (2 ounces per gallon of water) with a cloth, mop, sponge or coarse spray making sure to wet all surfaces completely. Let air dry. Repeat application weekly or when growth reappears.',NULL,'NA',NULL,NULL,NULL,NULL,NULL,NULL,4,42,NULL),(235,'SPECIAL INSTRUCTIONS FOR CLEANING AND DECONTAMINATION AGAINST HIV-1 (AIDS VIRUS) OR HBV OR HCV ON SURFACES / OBJECTS SOILED WITH BLOOD / BODY FLUIDS:','Personal Protection: Disposable protective gloves, gowns, face masks, or eye coverings as appropriate must be worn during all cleaning of blood / body fluids and during decontamination procedures. Cleaning Procedures: Blood / body fluids must be thoroughly cleaned from surfaces / objects before application of disinfectant. Contact Time: HIV-1 (AIDS virus) is inactivated after a contact time of 4 minutes at 25#C (77degF) (room temperature). HBV and HCV are inactivated after a 10 minute contact time. Use a 10-minute contact time for all other viruses, fungi, and bacteria listed. Disposal of Infectious Materials: Blood / body fluids should be autoclaved and disposed of according to federal, state, and local regulations for infectious waste disposal.',NULL,'NA',NULL,NULL,NULL,'M','to federal, state, and local regulations for infectious waste disposal.','Personal Protection: Disposable protective gloves, gowns, face masks, or eye coverings as appropriate must be worn during all cleaning of blood / body fluids and during decontamination procedures. Cleaning Procedures: Blood / body fluids must be thoroughly cleaned from surfaces / objects before application of disinfectant. Contact Time: HIV-1 (AIDS virus) is inactivated after a contact time of 4 minutes at 25#C (77degF) (room temperature). HBV and HCV are inactivated after a 10 minute contact time. Use a 10-minute contact time for all other viruses, fungi, and bacteria listed. Disposal of Infectious Materials: Blood / body fluids should be autoclaved and disposed of according ',5,42,NULL),(236,'SALON (BARBER) INSTRUMENTS AND TOOLS DISINFECTION (BACTERICIDE) / VIRUCIDE / FUNGICIDE DIRECTIONS:','Mix 1/2 oz. of Formulation HWS-256 per gallon of water (or equivalent dilution) to disinfect hard, nonporous instruments and tools. (Use 2 oz per gallon of water to kill Adenovirus Type 7.) Completely immerse combs, brushes, rollers, razors, scissors, blades, manicure and other salon instruments and tools for 10 minutes. For heavily soiled instruments and tools, a preliminary cleaning is required. Rinse thoroughly and dry before use. Prepare a fresh solution daily or more often if the solution becomes visibly diluted, cloudy or soiled. Note: Plastics may remain immersed until ready to use. Stainless steel shears and instruments must be removed after 10 minutes, rinsed, dried and kept in a clean, non-contaminated receptacle. Prolonged soaking may cause damage to metal instruments.',NULL,'NA',NULL,NULL,NULL,NULL,NULL,NULL,6,42,NULL),(237,'DISINFECTION OF HARD, NON-POROUS SURFACES IN FOOTBATHS:','To remove body oils, dead tissue, soil and all other buildups or organic matter on inanimate surfaces after using the footbath, drain the water and thoroughly clean all hard, non-porous surfaces with soap or detergent, then rinse with water. Saturate surfaces with a use solution of 1/2 oz. per gallon of water (or equivalent use dilution) to exposed surfaces with a cloth, mop, sponge or sprayer. (Use 2 oz per gallon of water to kill Adenovirus Type 7). For spray applications, use a coarse spray device. Do not breathe spray. Brush or swab thoroughly and allow solution to stand for 10 minutes. After the unit has been thoroughly disinfected, rinse all surfaces with fresh water. Do not use equipment until treatment has been absorbed, set or dried.',NULL,'NA',NULL,NULL,NULL,NULL,NULL,NULL,7,42,NULL),(238,'CLEANSING OF BODY SURFACES AND BODY ORIFICES OF HUMAN REMAINS:','This product removes body secretions, soil, and blood, along with their accompanying malodor, from the surfaces and orifices of human remains. Using a sponge or washcloth, bathe the entire body with a use-solution of 1/2 oz. per gallon of water. (Use 2 oz per gallon of water to kill Adenovirus Type 7.) A soft hand brush may be employed on surfaces other than the face. Prepare a fresh solution for each (cadaver) remains or when solution becomes visibly dirty or diluted\r\nCarpets: 1/2 oz. per gallon of shampoo solution eliminates odors associated with urine, vomit, smoke, and mildew. Reapply after cleaning for freshening effects. Allow to dry.',NULL,'NA',NULL,NULL,NULL,'','','',8,42,NULL),(2066,NULL,'It is a violation of Federal Law to use this product in a manner inconsistent with its labeling.',NULL,'NA',NULL,NULL,NULL,NULL,NULL,NULL,1,304,NULL),(2067,'DIRECTIONS FOR DISINFECTlNG: (Bactericidal, Fungicidal, Virucidal)','For use on hard, non-porous surfaces in animal care facilities such as floors, walls, metal surfaces, stainless steel surfaces, glazed porcelain, and plastic surfaces. Remove gross filth and heavy soil deposits then thoroughly wet surfaces. Use 2 ounces per gallon of water (8 ounces per gallon against canine parvovirus and Porcine parvovirus) for a minimum contact time of 10 minutes in a single application. Can be applied with a cloth, mop, or sponge, as well as by coarse spray or soaking. The use solution is prepared fresh for each use then discarded. Rinsing is not necessary unless floors are to be waxed or polished. This product is not for use on medical device surfaces.',NULL,'NA',NULL,NULL,NULL,NULL,NULL,NULL,2,304,NULL),(2068,'FUNGICIDAL DIRECTIONS:','For use in areas such as locker rooms, dressing rooms, shower and bath areas and exercise facilities follow disinfection directions.',NULL,'NA',NULL,NULL,NULL,NULL,NULL,NULL,3,304,NULL),(2069,'MILDEWSTATIC INSTRUCTIONS:','Will effectively control the growth of mold and mildew plus the odors caused by them when applied to hard, non-porous surfaces such as walls, floors, and table tops. Apply solution (2 ounces per gallon of water) with a cloth, mop, sponge or coarse spray making sure to wet all surfaces completely. Let air dry. Repeat application weekly or when growth reappears.',NULL,'NA',NULL,NULL,NULL,NULL,NULL,NULL,4,304,NULL),(2070,'VETERINARY CLINICS / ANIMAL CARE / ANIMAL LIFE SCIENCE LABORATORIES / ZOOS / PET SHOP / KENNELS / BREEDING AND GROOMING ESTABLISHMENTS / EQUINE FARMS DISINFECTION DIRECTIONS:','For disinfecting the following hard nonporous surfaces: equipment not used for animal food or water, utensils, instruments, cages, kennels, stables, catteries, etc. Remove all animals and feeds from premises, animal transportation vehicles, crates, etc. Remove all litter, droppings and manure from floors, walls and surfaces of facilities occupied or traversed by animals. Thoroughly clean all surfaces with soap or detergent and rinse with water. Saturate surfaces with a solution of 2 oz of KennelSol per gallon of water (or equivalent dilution) (8 ounces per gallon against Canine parvovirus or Porcine parvovirus), using a cloth, mop, sponge, spray, or soaking for a period of 10 minutes. Ventilate buildings and other closed spaces. Do not house animals or employ equipment until treatment has been absorbed, set or dried.',NULL,'NA',NULL,NULL,NULL,NULL,NULL,NULL,5,304,NULL),(2071,'*FOR CANINE PARVOVIRUS (AND PORCINE PARVOVIRUS) ACTIVITY:','KennelSol is effective against Canine Parvovirus (and Porcine parvovirus) at 8 oz. per gallon. Follow Veterinary Practice / Animal Care / Animal Laboratory / Zoos / Pet Shop / Kennels Disinfection Directions.',NULL,'NA',NULL,NULL,NULL,NULL,NULL,NULL,6,304,NULL),(2072,'**SPECIAL INSTRUCTIONS FOR INACTIVATING AVIAN INFLUENZA:','Remove all poultry and feeds from premises, trucks, coops, and crates. Remove all litter and droppings from floors, walls, and surfaces of facilities occupied or traversed by poultry. Empty all troughs, racks, and other feeding and watering appliances. Thoroughly clean all surfaces with soap or detergent and rinse with water. Saturate surfaces with the disinfecting solution (2 oz per gallon of water) (660 ppm active quat) (equivalent use dilution) for a period of 10 minutes. Immerse all halters, ropes and other types of equipment sed in handling and restraining animals as well as forks, shovels, and scrapers used in removing litter and manure. Ventilate buildings, coops, and other closed spaces. Do not house poultry or employ equipment until treatment has been absorbed, set, or dried. Thoroughly scrub treated feed racks, troughs, automatic feeders, fountains, and waterers with soap or detergent, and rinse with potable water before reuse.',NULL,'NA',NULL,NULL,NULL,NULL,NULL,NULL,7,304,NULL);
/*!40000 ALTER TABLE `spld_directionsforusestatement` ENABLE KEYS */;
UNLOCK TABLES;

--
-- Table structure for table `spld_generalsection`
--

DROP TABLE IF EXISTS `spld_generalsection`;
/*!40101 SET @saved_cs_client     = @@character_set_client */;
/*!40101 SET character_set_client = utf8 */;
CREATE TABLE `spld_generalsection` (
  `ID` int(11) NOT NULL,
  `CONTAINERVOLUME` varchar(254) DEFAULT NULL,
  `TITLE` varchar(254) DEFAULT NULL,
  `SUBTITLE` varchar(254) DEFAULT NULL,
  `BOLDITALIC` varchar(1) DEFAULT NULL,
  `SECTIONTYPE` varchar(1) DEFAULT NULL,
  `REVIEWERNOTE` longtext,
  `NOTEBOLDITALIC` varchar(1) DEFAULT NULL,
  `CONTACTNOTE` longtext,
  `NOTETOPHYSICIAN` longtext,
  `SELECTED` varchar(1) DEFAULT NULL,
  `CONTINUATIONBREAKFLAG` varchar(254) DEFAULT NULL,
  `AUTOSEQ` int(11) DEFAULT NULL,
  `AUTOSEQ02` int(11) DEFAULT NULL,
  `FK_ID_SPLD_SECTION` int(11) DEFAULT NULL,
  `FK_ID_SUBREGPHYSICALLABELDEF` int(11) NOT NULL,
  `FK_ID_S_GENERALSECTION` int(11) DEFAULT NULL,
  UNIQUE KEY `USPLD_GENERALSECTION_ID_100050` (`ID`),
  UNIQUE KEY `USPLD_GENERALSECTION_ID_628750` (`ID`),
  KEY `SPLDGENERALSECTIONFKIDSPL10332` (`FK_ID_SPLD_SECTION`),
  KEY `SPLDGENERALSECTIONFKIDSUB10339` (`FK_ID_SUBREGPHYSICALLABELDEF`),
  KEY `SPLDGENERALSECTIONFKIDSGE10371` (`FK_ID_S_GENERALSECTION`),
  KEY `SPLDGENERALSECTIONFKIDSPLDS63223` (`FK_ID_SPLD_SECTION`),
  KEY `SPLDGENERALSECTIONFKIDSUBRE63230` (`FK_ID_SUBREGPHYSICALLABELDEF`),
  KEY `SPLDGENERALSECTIONFKIDSGENE63262` (`FK_ID_S_GENERALSECTION`)
) ENGINE=InnoDB DEFAULT CHARSET=utf8;
/*!40101 SET character_set_client = @saved_cs_client */;

--
-- Dumping data for table `spld_generalsection`
--

LOCK TABLES `spld_generalsection` WRITE;
/*!40000 ALTER TABLE `spld_generalsection` DISABLE KEYS */;
INSERT INTO `spld_generalsection` VALUES (7,NULL,'PRECAUTIONARY STATEMENTS','HAZARDS TO HUMANS AND DOMESTIC ANIMALS','R','P',NULL,NULL,NULL,NULL,NULL,NULL,NULL,1,NULL,3,10),(8,NULL,'FIRST AID',NULL,'R','F',NULL,NULL,'<p>Call a poison control center or doctor for treatment advice.</p>\r\n<p>Have the product container or label with you when calling a poison control center or doctor or going for treatment.</p>','<p><strong>NOTE TO PHYSICIAN: </strong>Probable mucosal damage may contraindicate the use of gastric lavage. Measures against circulatory shock, respiratory depression and convulsion may be needed.</p>',NULL,NULL,NULL,2,NULL,3,11),(9,NULL,'ENVIRONMENTAL HAZARDS',NULL,'R','E','(Note to reviewer: If container size is 5 gallons or greater, the following Environmental Hazards statements will be used:)',NULL,NULL,NULL,NULL,NULL,NULL,3,NULL,3,12),(79,NULL,'PRECAUTIONARY STATEMENTS','HAZARDS TO HUMANS AND DOMESTIC ANIMALS','R','P',NULL,NULL,NULL,NULL,NULL,NULL,NULL,1,NULL,4,25),(80,NULL,'FIRST AID',NULL,'R','F',NULL,NULL,'Call a poison control center or doctor for treatment advice.\r\nHave the product container or label with you when calling a poison control center or doctor or going for treatment.','<p><strong>NOTE TO PHYSICIAN: </strong>Probable mucosal damage may contraindicate the use of gastric lavage. Measures against circulatory shock, respiratory depression and convulsion may be needed.</p>',NULL,NULL,NULL,2,NULL,4,26),(81,NULL,'ENVIRONMENTAL HAZARDS',NULL,'R','E','(Note to reviewer: If container size is 5 gallons or greater, the following Environmental Hazards statements will be used:)',NULL,NULL,NULL,NULL,NULL,NULL,3,NULL,4,27),(97,NULL,'PRECAUTIONARY STATEMENTS','HAZARDS TO HUMANS AND DOMESTIC ANIMALS','R','P',NULL,NULL,NULL,NULL,NULL,NULL,NULL,1,NULL,5,43),(98,NULL,NULL,NULL,'R','F',NULL,NULL,'Call a poison control center or doctor for treatment advice.\r\nHave the product container or label with you when calling a poison control center or doctor or going for treatment.','<p><strong>NOTE TO PHYSICIAN: </strong>Probable mucosal damage may contraindicate the use of gastric lavage. Measures against circulatory shock, respiratory depression and convulsion may be needed.</p>',NULL,NULL,NULL,2,NULL,5,44),(99,NULL,'ENVIRONMENTAL HAZARDS',NULL,'R','E','(Note to reviewer: If container size is 5 gallons or greater, the following Environmental Hazards statements will be used:)',NULL,NULL,NULL,NULL,NULL,NULL,3,NULL,5,45);
/*!40000 ALTER TABLE `spld_generalsection` ENABLE KEYS */;
UNLOCK TABLES;

--
-- Table structure for table `spld_generalstatement`
--

DROP TABLE IF EXISTS `spld_generalstatement`;
/*!40101 SET @saved_cs_client     = @@character_set_client */;
/*!40101 SET character_set_client = utf8 */;
CREATE TABLE `spld_generalstatement` (
  `ID` int(11) NOT NULL,
  `TITLE` varchar(254) DEFAULT NULL,
  `z_TEXT` longtext,
  `BOLDITALIC` varchar(1) DEFAULT NULL,
  `SELECTED` varchar(1) DEFAULT NULL,
  `CONTINUATIONBREAKFLAG` varchar(254) DEFAULT NULL,
  `CONTINUATIONTEXT` longtext,
  `CONTINUATIONLEADINGTEXT` longtext,
  `AUTOSEQ` int(11) DEFAULT NULL,
  `FK_ID_SPLD_GENERALSECTION` int(11) NOT NULL,
  `FK_ID_S_GENERALSTATEMENT` int(11) DEFAULT NULL,
  UNIQUE KEY `USPLD_GENERALSTATEMENT_ID10019` (`ID`),
  UNIQUE KEY `USPLD_GENERALSTATEMENT_ID_628890` (`ID`),
  KEY `SPLDGENERALSTATEMENTFKIDS10351` (`FK_ID_SPLD_GENERALSECTION`),
  KEY `SPLDGENERALSTATEMENTFKIDS10367` (`FK_ID_S_GENERALSTATEMENT`),
  KEY `SPLDGENERALSTATEMENTFKIDSPL63242` (`FK_ID_SPLD_GENERALSECTION`),
  KEY `SPLDGENERALSTATEMENTFKIDSGE63258` (`FK_ID_S_GENERALSTATEMENT`)
) ENGINE=InnoDB DEFAULT CHARSET=utf8;
/*!40101 SET character_set_client = @saved_cs_client */;

--
-- Dumping data for table `spld_generalstatement`
--

LOCK TABLES `spld_generalstatement` WRITE;
/*!40000 ALTER TABLE `spld_generalstatement` DISABLE KEYS */;
INSERT INTO `spld_generalstatement` VALUES (13,NULL,'DANGER. CORROSIVE. Causes irreversible eye damage and skin burns. Harmful if swallowed. Do not get in eyes, on skin, or on clothing. Wear protective eyewear (goggles, face shield or safety glasses), protective clothing and protective gloves (rubber or chemical resistant). Harmful if inhaled. Wash thoroughly with soap and water after handling. Remove contaminated clothing and wash clothing before reuse.','R',NULL,NULL,NULL,NULL,NULL,7,19),(14,NULL,'If on skin or clothing\n   - Take off contaminated clothing.\n   - Rinse skin immediately with plenty of water for 15-20 minutes.',NULL,NULL,NULL,NULL,NULL,1,8,20),(15,NULL,'If swallowed\n   - Call a poison control center or doctor immediately for treatment advice.\n   - Have person sip a glass of water if able to swallow.\n   - Do not induce vomiting unless told to do so by the poison control center or doctor.\n   - Do not give anything by mouth to an unconscious person.',NULL,NULL,NULL,NULL,NULL,2,8,21),(16,NULL,'If inhaled\n   - Move person to fresh air.\n   - If person is not breathing, call 911 or an ambulance, then give artificial respiration, preferably by mouth-to-mouth, if possible.',NULL,NULL,NULL,NULL,NULL,3,8,22),(17,NULL,'If in eyes\r\n   - Hold eye open and rinse slowly and gently with water for 15-20 minutes.\r\n   - Remove contact lenses, if present, after the first 5 minutes, then continue rinsing eye.',NULL,NULL,NULL,NULL,NULL,4,8,23),(18,NULL,'Do not discharge effluent containing this product into lakes, streams, ponds, estuaries, oceans, or other waters unless in accordance with the requirements of a National Pollutant Discharge Elimination System (NPDES) permit and the permitting authority has been notified in writing prior to discharge. Do not discharge effluent containing this product to sewer systems without previously notifying the local sewage treatment plant authority. For guidance contact your State Water Board or Regional Office of the EPA.','R',NULL,NULL,NULL,NULL,NULL,9,24),(157,NULL,'DANGER. CORROSIVE. Causes irreversible eye damage and skin burns. Harmful if swallowed. Do not get in eyes, on skin, or on clothing. Wear protective eyewear (goggles, face shield or safety glasses), protective clothing and protective gloves (rubber or chemical resistant). Harmful if inhaled. Wash thoroughly with soap and water after handling. Remove contaminated clothing and wash clothing before reuse.','R',NULL,NULL,NULL,NULL,NULL,79,49),(158,NULL,'If on skin or clothing\r\n   - Take off contaminated clothing.\r\n   - Rinse skin immediately with plenty of water for 15-20 minutes.',NULL,NULL,NULL,NULL,NULL,1,80,50),(159,NULL,'If swallowed\r\n   - Call a poison control center or doctor immediately for treatment advice.\r\n   - Have person sip a glass of water if able to swallow.\r\n   - Do not induce vomiting unless told to do so by the poison control center or doctor.\r\n   - Do not give anything by mouth to an unconscious person.',NULL,NULL,NULL,NULL,NULL,2,80,51),(160,NULL,'If inhaled\r\n   - Move person to fresh air.\r\n   - If person is not breathing, call 911 or an ambulance, then give artificial respiration, preferably by mouth-to-mouth, if possible.',NULL,NULL,NULL,NULL,NULL,3,80,52),(161,NULL,'If in eyes\r\n   - Hold eye open and rinse slowly and gently with water for 15-20 minutes.\r\n   - Remove contact lenses, if present, after the first 5 minutes, then continue rinsing eye.',NULL,NULL,NULL,NULL,NULL,4,80,53),(162,NULL,'Do not discharge effluent containing this product into lakes, streams, ponds, estuaries, oceans, or other waters unless in accordance with the requirements of a National Pollutant Discharge Elimination System (NPDES) permit and the permitting authority has been notified in writing prior to discharge. Do not discharge effluent containing this product to sewer systems without previously notifying the local sewage treatment plant authority. For guidance contact your State Water Board or Regional Office of the EPA.','R',NULL,NULL,NULL,NULL,NULL,81,54),(193,NULL,'DANGER. CORROSIVE. Causes irreversible eye damage and skin burns. Harmful if swallowed. Do not get in eyes, on skin, or on clothing. Wear protective eyewear (goggles, face shield or safety glasses), protective clothing and protective gloves (rubber or chemical resistant). Harmful if inhaled. Wash thoroughly with soap and water after handling. Remove contaminated clothing and wash clothing before reuse.','R',NULL,'M','contaminated clothing and wash clothing before reuse.','DANGER. CORROSIVE. Causes irreversible eye damage and skin burns. Harmful if swallowed. Do not get in eyes, on skin, or on clothing. Wear protective eyewear (goggles, face shield or safety glasses), protective clothing and protective gloves (rubber or chemical resistant). Harmful if inhaled. Wash thoroughly with soap and water after handling. Remove ',NULL,97,85),(194,'If in eyes:','Hold eye open and rinse slowly and gently with water for 15  20 minutes. Remove contact lenses, if present, after the first 5 minutes, then continue rinsing eye.',NULL,NULL,NULL,NULL,NULL,1,98,86),(195,'If on skin or clothing:','Take off contaminated clothing. Rinse skin immediately with plenty of water for 15  20 minutes.',NULL,NULL,NULL,NULL,NULL,2,98,87),(196,'If swallowed:','Call a poison control center or doctor immediately for treatment advice. Have person sip a glass of water if able to swallow. Do not induce vomiting unless told to do so by the poison control center or doctor. Do not give anything by mouth to an unconscious person.',NULL,NULL,NULL,NULL,NULL,3,98,88),(197,'If inhaled:','Move person to fresh air. If person is not breathing, call 911 or an ambulance, then give artificial respiration, preferably by mouth-to-mouth, if possible. Call a poison control center or doctor for treatment advice. Have the product container or label with you when calling a poison control center or doctor or going for treatment. NOTE TO PHYSICIAN: Probable mucosal damage may contraindicate the use of gastric lavage. Measures against circulatory shock, respiratory depression and convulsion may be needed.ove contact lenses, if present, after the first 5 minutes, then continue rinsing eye.',NULL,NULL,'M','damage may contraindicate the use of gastric lavage. Measures against circulatory shock, respiratory depression and convulsion may be needed.ove contact lenses, if present, after the first 5 minutes, then continue rinsing eye.','Move person to fresh air. If person is not breathing, call 911 or an ambulance, then give artificial respiration, preferably by mouth-to-mouth, if possible. Call a poison control center or doctor for treatment advice. Have the product container or label with you when calling a poison control center or doctor or going for treatment. NOTE TO PHYSICIAN: Probable mucosal ',4,98,89),(198,NULL,'Do not discharge effluent containing this product into lakes, streams, ponds, estuaries, oceans, or other waters unless in accordance with the requirements of a National Pollutant Discharge Elimination System (NPDES) permit and the permitting authority has been notified in writing prior to discharge. Do not discharge effluent containing this product to sewer systems without previously notifying the local sewage treatment plant authority. For guidance contact your State Water Board or Regional Office of the EPA.','R',NULL,NULL,NULL,NULL,NULL,99,90);
/*!40000 ALTER TABLE `spld_generalstatement` ENABLE KEYS */;
UNLOCK TABLES;

--
-- Table structure for table `spld_humanhazardsection`
--

DROP TABLE IF EXISTS `spld_humanhazardsection`;
/*!40101 SET @saved_cs_client     = @@character_set_client */;
/*!40101 SET character_set_client = utf8 */;
CREATE TABLE `spld_humanhazardsection` (
  `ID` int(11) NOT NULL,
  `EPA_SIGNALWORD` varchar(32) DEFAULT NULL,
  `EPA_CHILDHAZARDWARNING` varchar(1) DEFAULT NULL,
  `PRECAUTIONARYSTATEMENT` longtext,
  `BOLDITALIC` varchar(1) DEFAULT NULL,
  `LOCATION1` varchar(254) DEFAULT NULL,
  `LOCATION2` varchar(254) DEFAULT NULL,
  `LOCATION3` varchar(254) DEFAULT NULL,
  `LOCATION4` varchar(254) DEFAULT NULL,
  `LOCATION5` varchar(254) DEFAULT NULL,
  `SELECTED` varchar(1) DEFAULT NULL,
  `AUTOSEQ` int(11) DEFAULT NULL,
  `FK_ID_SUBREGPHYSICALLABELDEF` int(11) NOT NULL,
  `FK_ID_S_HUMANHAZARDSECTION` int(11) DEFAULT NULL,
  UNIQUE KEY `USPLDHUMANHAZARDSECTIONID10027` (`ID`),
  UNIQUE KEY `USPLD_HUMANHAZARDSECTION_ID62899` (`ID`),
  KEY `SPLDHUMANHAZARDSECTIONFKI10340` (`FK_ID_SUBREGPHYSICALLABELDEF`),
  KEY `SPLDHUMANHAZARDSECTIONFKI10414` (`FK_ID_S_HUMANHAZARDSECTION`),
  KEY `SPLDHUMANHAZARDSECTIONFKIDS63231` (`FK_ID_SUBREGPHYSICALLABELDEF`),
  KEY `SPLDHUMANHAZARDSECTIONFKIDS63288` (`FK_ID_S_HUMANHAZARDSECTION`)
) ENGINE=InnoDB DEFAULT CHARSET=utf8;
/*!40101 SET character_set_client = @saved_cs_client */;

--
-- Dumping data for table `spld_humanhazardsection`
--

LOCK TABLES `spld_humanhazardsection` WRITE;
/*!40000 ALTER TABLE `spld_humanhazardsection` DISABLE KEYS */;
INSERT INTO `spld_humanhazardsection` VALUES (3,'DANGER','U','See {{Precautionary Position}} Panel for Precautionary Statements and First Aid','R','right','left','side','back',NULL,NULL,1,3,4),(27,'DANGER','U','See {{Precautionary Position}} Panel for Precautionary Statements and First Aid','R','right','left','side','back',NULL,NULL,1,4,5),(33,'DANGER','U','See {{Precautionary Position}} Panel for Precautionary Statements and First Aid','R','right','left','side','back',NULL,NULL,1,5,6);
/*!40000 ALTER TABLE `spld_humanhazardsection` ENABLE KEYS */;
UNLOCK TABLES;

--
-- Table structure for table `spld_ingredientssection`
--

DROP TABLE IF EXISTS `spld_ingredientssection`;
/*!40101 SET @saved_cs_client     = @@character_set_client */;
/*!40101 SET character_set_client = utf8 */;
CREATE TABLE `spld_ingredientssection` (
  `ID` int(11) NOT NULL,
  `ACTIVETITLE` varchar(254) DEFAULT NULL,
  `ACTIVEBOLDITALIC` varchar(1) DEFAULT NULL,
  `ARSENICPRECAUTIONARYTEXT` varchar(254) DEFAULT NULL,
  `INERTTITLE` varchar(254) DEFAULT NULL,
  `INERTBOLDITALIC` varchar(1) DEFAULT NULL,
  `REVIEWERNOTE` longtext,
  `GENERALINACTIVEPERCENT` double DEFAULT NULL,
  `SELECTED` varchar(1) DEFAULT NULL,
  `AUTOSEQ` int(11) DEFAULT NULL,
  `AUTOSEQ02` int(11) DEFAULT NULL,
  `FK_ID_SPLD_SECTION` int(11) DEFAULT NULL,
  `FK_ID_SUBREGPHYSICALLABELDEF` int(11) NOT NULL,
  `FK_ID_S_INGREDIENTSSECTION` int(11) DEFAULT NULL,
  UNIQUE KEY `USPLDINGREDIENTSSECTIONID10040` (`ID`),
  UNIQUE KEY `USPLD_INGREDIENTSSECTION_ID62912` (`ID`),
  KEY `SPLDINGREDIENTSSECTIONFKI10329` (`FK_ID_SPLD_SECTION`),
  KEY `SPLDINGREDIENTSSECTIONFKI10341` (`FK_ID_SUBREGPHYSICALLABELDEF`),
  KEY `SPLDINGREDIENTSSECTIONFKI10444` (`FK_ID_S_INGREDIENTSSECTION`),
  KEY `SPLDINGREDIENTSSECTIONFKIDS63220` (`FK_ID_SPLD_SECTION`),
  KEY `SPLDINGREDIENTSSECTIONFKIDS63232` (`FK_ID_SUBREGPHYSICALLABELDEF`),
  KEY `SPLDINGREDIENTSSECTIONFKIDS63310` (`FK_ID_S_INGREDIENTSSECTION`)
) ENGINE=InnoDB DEFAULT CHARSET=utf8;
/*!40101 SET character_set_client = @saved_cs_client */;

--
-- Dumping data for table `spld_ingredientssection`
--

LOCK TABLES `spld_ingredientssection` WRITE;
/*!40000 ALTER TABLE `spld_ingredientssection` DISABLE KEYS */;
INSERT INTO `spld_ingredientssection` VALUES (3,'Active Ingredients:','R',NULL,'Inert Ingredients:',NULL,NULL,83.1,NULL,NULL,1,NULL,3,4),(27,'Active Ingredients:','R',NULL,'Inert Ingredients:',NULL,NULL,83.1,NULL,NULL,1,NULL,4,9),(33,'Active Ingredients:','R',NULL,'Inert Ingredients:',NULL,NULL,95.775,NULL,NULL,1,NULL,5,15);
/*!40000 ALTER TABLE `spld_ingredientssection` ENABLE KEYS */;
UNLOCK TABLES;

--
-- Table structure for table `spld_ingredientsstatement`
--

DROP TABLE IF EXISTS `spld_ingredientsstatement`;
/*!40101 SET @saved_cs_client     = @@character_set_client */;
/*!40101 SET character_set_client = utf8 */;
CREATE TABLE `spld_ingredientsstatement` (
  `ID` int(11) NOT NULL,
  `CHEMICALNAME` varchar(254) NOT NULL,
  `COMMONNAME` varchar(254) DEFAULT NULL,
  `BOLDITALIC` varchar(1) DEFAULT NULL,
  `ACTIVE` varchar(1) NOT NULL,
  `PROMPT` varchar(254) DEFAULT NULL,
  `z_PERCENT` double DEFAULT NULL,
  `SELECTED` varchar(1) DEFAULT NULL,
  `AUTOSEQ` int(11) DEFAULT NULL,
  `FK_ID_SPLD_INGREDIENTSSECTION` int(11) NOT NULL,
  `FK_ID_S_INGREDIENTSSTATEMENT` int(11) DEFAULT NULL,
  UNIQUE KEY `USPLDINGREDIENTSSTATEMENT10051` (`ID`),
  UNIQUE KEY `USPLDINGREDIENTSSTATEMENTID62923` (`ID`),
  KEY `SPLDINGREDIENTSSTATEMENTF10352` (`FK_ID_SPLD_INGREDIENTSSECTION`),
  KEY `SPLDINGREDIENTSSTATEMENTF10447` (`FK_ID_S_INGREDIENTSSTATEMENT`),
  KEY `SPLDINGREDIENTSSTATEMENTFKI63243` (`FK_ID_SPLD_INGREDIENTSSECTION`),
  KEY `SPLDINGREDIENTSSTATEMENTFKI63313` (`FK_ID_S_INGREDIENTSSTATEMENT`)
) ENGINE=InnoDB DEFAULT CHARSET=utf8;
/*!40101 SET character_set_client = @saved_cs_client */;

--
-- Dumping data for table `spld_ingredientsstatement`
--

LOCK TABLES `spld_ingredientsstatement` WRITE;
/*!40000 ALTER TABLE `spld_ingredientsstatement` DISABLE KEYS */;
INSERT INTO `spld_ingredientsstatement` VALUES (5,'Didecyl dimethyl ammonium chloride n-Alkyll',NULL,'R','A',NULL,10.14,NULL,1,3,7),(6,'dimethyl benzyl ammonium chloride (C<sub>14</sub> 50%, C<sub>12</sub> 40%, C<sub>16</sub> 10%)',NULL,'R','A',NULL,6.76,NULL,2,3,8),(53,'Didecyl dimethyl ammonium chloride n-Alkyll',NULL,'R','A',NULL,10.14,NULL,1,27,17),(54,'dimethyl benzyl ammonium chloride (C<sub>14</sub> 50%, C<sub>12</sub> 40%, C<sub>16</sub> 10%)',NULL,'R','A',NULL,6.76,NULL,2,27,18),(65,'Didecyl dimethyl ammonium chloride',NULL,'R','A',NULL,2.535,NULL,1,33,29),(66,'n-Alkyll (C<sub>14</sub> 50%, C<sub>12</sub> 40%, C<sub>16</sub> 10%) dimethyl benzyl ammonium chloride',NULL,'R','A',NULL,1.69,NULL,2,33,30);
/*!40000 ALTER TABLE `spld_ingredientsstatement` ENABLE KEYS */;
UNLOCK TABLES;

--
-- Table structure for table `spld_lld`
--

DROP TABLE IF EXISTS `spld_lld`;
/*!40101 SET @saved_cs_client     = @@character_set_client */;
/*!40101 SET character_set_client = utf8 */;
CREATE TABLE `spld_lld` (
  `ID` int(11) NOT NULL,
  `TAG` varchar(64) DEFAULT NULL,
  `NAME` varchar(128) DEFAULT NULL,
  `CSS_FILENAME` varchar(254) DEFAULT NULL,
  `BACKGROUNDCOLOR` varchar(254) DEFAULT NULL,
  `HAZARDPANEL` int(11) DEFAULT NULL,
  `CONTINUATIONPREVIOUSPAGETEXT` longtext,
  `CONTNEXTPAGETEXTMARKETING` longtext,
  `CONTNEXTPAGETEXTDIRFORUSE` longtext,
  `DEFAULTTEXTFONTFAMILY` tinytext,
  `DEFAULTTEXTFONTSIZE` tinytext,
  `DEFAULTFONTCOLOR` tinytext,
  `DEFAULTTITLEMARGINTOP` double DEFAULT NULL,
  `DEFAULTTITLEMARGINBOTTOM` double DEFAULT NULL,
  `DEFAULTTEXTMARGINTOP` double DEFAULT NULL,
  `DEFAULTTEXTMARGINBOTTOM` double DEFAULT NULL,
  `DEPTH` int(11) DEFAULT NULL,
  `FK_ID_SUBREGPHYSICALLABELDEF` int(11) NOT NULL,
  UNIQUE KEY `USPLD_LLD_ID_100610` (`ID`),
  UNIQUE KEY `USPLD_LLD_ID_629330` (`ID`),
  KEY `SPLDLLDFKIDSUBREGPHYSICAL10350` (`FK_ID_SUBREGPHYSICALLABELDEF`),
  KEY `SPLDLLDFKIDSUBREGPHYSICALLA63241` (`FK_ID_SUBREGPHYSICALLABELDEF`)
) ENGINE=InnoDB DEFAULT CHARSET=utf8;
/*!40101 SET character_set_client = @saved_cs_client */;

--
-- Dumping data for table `spld_lld`
--

LOCK TABLES `spld_lld` WRITE;
/*!40000 ALTER TABLE `spld_lld` DISABLE KEYS */;
INSERT INTO `spld_lld` VALUES (5,NULL,'4 Panel - 3 and 1',NULL,NULL,NULL,'** Continued on Side Panel','** Continued from Previous Page','** Continued from Previous Page',NULL,NULL,NULL,NULL,NULL,NULL,NULL,NULL,3),(8,NULL,'4 Panel Side by Side',NULL,NULL,NULL,'** Continued on Side Panel','** Continued from Previous Page','** Continued from Previous Page',NULL,NULL,NULL,NULL,NULL,NULL,NULL,NULL,4),(10,'label','Four Panel Across',NULL,NULL,NULL,'','','** Continued from Previous Page',NULL,NULL,NULL,NULL,NULL,NULL,NULL,0,5);
/*!40000 ALTER TABLE `spld_lld` ENABLE KEYS */;
UNLOCK TABLES;

--
-- Table structure for table `spld_marketingsection`
--

DROP TABLE IF EXISTS `spld_marketingsection`;
/*!40101 SET @saved_cs_client     = @@character_set_client */;
/*!40101 SET character_set_client = utf8 */;
CREATE TABLE `spld_marketingsection` (
  `ID` int(11) NOT NULL,
  `NAME` text,
  `TITLE` varchar(254) DEFAULT NULL,
  `SUBTITLE` varchar(254) DEFAULT NULL,
  `BOLDITALIC` varchar(1) DEFAULT NULL,
  `REVIEWERNOTE` longtext,
  `NOTEBOLDITALIC` varchar(1) DEFAULT NULL,
  `SELECTED` varchar(1) DEFAULT NULL,
  `CONTINUATIONBREAKFLAG` varchar(254) DEFAULT NULL,
  `AUTOSEQ` int(11) DEFAULT NULL,
  `AUTOSEQ02` int(11) DEFAULT NULL,
  `FK_ID_S_MARKETINGSECTION` int(11) DEFAULT NULL,
  `FK_ID_SPLD_SECTION` int(11) DEFAULT NULL,
  `FK_ID_SUBREGPHYSICALLABELDEF` int(11) NOT NULL,
  UNIQUE KEY `USPLD_MARKETINGSECTION_ID10071` (`ID`),
  UNIQUE KEY `USPLD_MARKETINGSECTION_ID_629520` (`ID`),
  KEY `SPLDMARKETINGSECTIONFKIDS10333` (`FK_ID_SPLD_SECTION`),
  KEY `SPLDMARKETINGSECTIONFKIDS10345` (`FK_ID_SUBREGPHYSICALLABELDEF`),
  KEY `SPLDMARKETINGSECTIONFKIDS10420` (`FK_ID_S_MARKETINGSECTION`),
  KEY `SPLDMARKETINGSECTIONFKIDSMA63211` (`FK_ID_S_MARKETINGSECTION`),
  KEY `SPLDMARKETINGSECTIONFKIDSPL63224` (`FK_ID_SPLD_SECTION`),
  KEY `SPLDMARKETINGSECTIONFKIDSUB63236` (`FK_ID_SUBREGPHYSICALLABELDEF`)
) ENGINE=InnoDB DEFAULT CHARSET=utf8;
/*!40101 SET character_set_client = @saved_cs_client */;

--
-- Dumping data for table `spld_marketingsection`
--

LOCK TABLES `spld_marketingsection` WRITE;
/*!40000 ALTER TABLE `spld_marketingsection` DISABLE KEYS */;
INSERT INTO `spld_marketingsection` VALUES (8,'Recommended Use',NULL,NULL,NULL,NULL,NULL,NULL,NULL,NULL,1,35,NULL,3),(9,'Areas of Use','AREAS OF USE',NULL,NULL,NULL,NULL,NULL,NULL,NULL,2,36,NULL,3),(10,'Bactericidal Claims',NULL,NULL,NULL,NULL,NULL,NULL,NULL,NULL,3,37,NULL,3),(82,'Recommended Use',NULL,NULL,NULL,NULL,NULL,NULL,NULL,NULL,1,68,NULL,4),(83,'Areas of Use','AREAS OF USE',NULL,NULL,NULL,NULL,NULL,NULL,NULL,2,69,NULL,4),(84,'Germicidal Detergent',NULL,NULL,NULL,NULL,NULL,NULL,NULL,NULL,3,70,NULL,4),(85,'Bactericidal Claims',NULL,NULL,NULL,NULL,NULL,NULL,NULL,NULL,4,71,NULL,4),(2174,'Germicidal Detergent',NULL,NULL,NULL,NULL,NULL,NULL,NULL,NULL,1,80,NULL,5),(2175,'For Use Areas / Surfaces',NULL,NULL,NULL,NULL,NULL,NULL,NULL,NULL,2,81,NULL,5),(2176,'For Use Areas Only','For use in:',NULL,NULL,NULL,NULL,NULL,NULL,NULL,3,82,NULL,5),(2177,'Multi-Purpose Detergent',NULL,NULL,NULL,NULL,NULL,NULL,NULL,NULL,4,83,NULL,5),(2178,'Recommended Use','Recommeded for use in:',NULL,NULL,NULL,NULL,NULL,NULL,NULL,5,84,NULL,5),(2179,'Bactericidal Claims',NULL,NULL,NULL,NULL,NULL,NULL,NULL,NULL,6,85,NULL,5),(2180,'Fungicidal',NULL,NULL,NULL,NULL,NULL,NULL,NULL,NULL,7,86,NULL,5),(2181,'Virucidal',NULL,NULL,NULL,NULL,NULL,NULL,NULL,NULL,8,87,NULL,5);
/*!40000 ALTER TABLE `spld_marketingsection` ENABLE KEYS */;
UNLOCK TABLES;

--
-- Table structure for table `spld_marketingstatement`
--

DROP TABLE IF EXISTS `spld_marketingstatement`;
/*!40101 SET @saved_cs_client     = @@character_set_client */;
/*!40101 SET character_set_client = utf8 */;
CREATE TABLE `spld_marketingstatement` (
  `ID` int(11) NOT NULL,
  `TITLE` varchar(254) DEFAULT NULL,
  `z_TEXT` longtext,
  `BOLDITALIC` varchar(1) DEFAULT NULL,
  `SELECTED` varchar(1) DEFAULT NULL,
  `CONTINUATIONBREAKFLAG` varchar(254) DEFAULT NULL,
  `CONTINUATIONLEADINGTEXT` longtext,
  `CONTINUATIONTEXT` longtext,
  `AUTOSEQ` int(11) DEFAULT NULL,
  `FK_ID_S_MARKETINGSTATEMENT` int(11) DEFAULT NULL,
  `FK_ID_SPLD_MARKETINGSECTION` int(11) NOT NULL,
  UNIQUE KEY `USPLDMARKETINGSTATEMENTID10081` (`ID`),
  UNIQUE KEY `USPLD_MARKETINGSTATEMENT_ID62963` (`ID`),
  KEY `SPLDMARKETINGSTATEMENTFKI10328` (`FK_ID_S_MARKETINGSTATEMENT`),
  KEY `SPLDMARKETINGSTATEMENTFKI10336` (`FK_ID_SPLD_MARKETINGSECTION`),
  KEY `SPLDMARKETINGSTATEMENTFKIDS63218` (`FK_ID_S_MARKETINGSTATEMENT`),
  KEY `SPLDMARKETINGSTATEMENTFKIDS63227` (`FK_ID_SPLD_MARKETINGSECTION`)
) ENGINE=InnoDB DEFAULT CHARSET=utf8;
/*!40101 SET character_set_client = @saved_cs_client */;

--
-- Dumping data for table `spld_marketingstatement`
--

LOCK TABLES `spld_marketingstatement` WRITE;
/*!40000 ALTER TABLE `spld_marketingstatement` DISABLE KEYS */;
INSERT INTO `spld_marketingstatement` VALUES (25,NULL,'Recommended for use in kennels, pet shops, veterinary clinics, animal life science laboratories, breeding establishments, grooming establishments, schools, colleges, federally inspected meat and poultry plants, equine farms, tack shops, zoos, poultry farms, turkey farms, dairy farms, hog farms, and households. Disinfects, cleans, and deodorizes the following hard nonporous inanimate surfaces: floors, walls, nonmedical metal surfaces, non-medical stainless steel surfaces, glazed porcelain, plastic surfaces (such as polypropylene, polystyrene, etc.). Recommeded for use in: Federally inspected meat and poultry plants as a disinfectant agent for use in all departments. Food products and packaging materials must be removed from the room or carefully protected. Use product in accordance with its label. All surfaces must be thoroughly rinsed with potable water.',NULL,NULL,NULL,NULL,NULL,NULL,94,8),(26,NULL,'For use on Highchairs, Sealed terra cotta, Tanning Equipment, Plastic (such as polystyrene or polypropylene), Upholstery, Floors, Refrigerators, Conductive flooring, Refrigerated storage and display equipment, Glazed enameled surfaces, Garbage cans, Bathtubs (Fiberglass), Counters (countertops), Doorknobs, Stainless steel, Coils and drain pans of air conditioning and refri, Microwave ovens, Laminated surfaces, Tanning Beds, Other hard nonporous surfaces made of:, Sealed granite, Telephones, Desks, Outdoor furniture, Woodwork, Cabinets, Chairs, Sealed terrazzo, Bathroom fixtures, Countertop laminates, Metal, Appliances, Sealed limestone, Kennel runs, Sealed slate, Glazed ceramic and Cages.',NULL,NULL,NULL,NULL,NULL,NULL,95,9),(27,NULL,NULL,NULL,NULL,NULL,NULL,NULL,NULL,96,10),(111,NULL,'Recommended for use in {{Area Of Use}}. Disinfects, cleans, and deodorizes the following hard nonporous inanimate surfaces: {{Surface}}. Recommended for use in: Federally inspected meat and poultry plants as a disinfectant agent for use in all departments. Food products and packaging materials must be removed from the room or carefully protected. Use product in accordance with its label. All surfaces must be thoroughly rinsed with potable water.',NULL,NULL,NULL,NULL,NULL,NULL,124,82),(112,NULL,'For use on Highchairs, Sealed terra cotta, Tanning Equipment, Plastic (such as polystyrene or polypropylene), Upholstery, Floors, Refrigerators, Conductive flooring, Refrigerated storage and display equipment, Glazed enameled surfaces, Garbage cans, Bathtubs (Fiberglass), Counters (countertops), Doorknobs, Stainless steel, Coils and drain pans of air conditioning and refri, Microwave ovens, Laminated surfaces, Tanning Beds, Other hard nonporous surfaces made of:, Sealed granite, Telephones, Desks, Outdoor furniture, Woodwork, Cabinets, Chairs, Sealed terrazzo, Bathroom fixtures, Countertop laminates, Metal, Appliances, Sealed limestone, Kennel runs, Sealed slate, Glazed ceramic and Cages.',NULL,NULL,NULL,NULL,NULL,NULL,125,83),(113,NULL,'Germicidal Detergent and Deordorant',NULL,NULL,NULL,NULL,NULL,NULL,126,84),(2202,NULL,'Germicidal Detergent and Deordorant',NULL,NULL,NULL,NULL,NULL,NULL,NULL,2174),(2203,NULL,'For use in: {{Area Of Use}}. Disinfects, cleans, and deodorizes the following hard nonporous\r\ninanimate surfaces: {{Surface}}, etc.).',NULL,NULL,NULL,NULL,NULL,NULL,NULL,2175),(2204,NULL,'For use in {{Area Of Use}}.',NULL,NULL,NULL,NULL,NULL,NULL,NULL,2176),(2205,NULL,'A multi-purpose germicidal detergent and deodorant effective in hard waters up to 400 ppm hard water (calculated as CaCO<sub>3</sub>) plus 5 % organic serum. Disinfects, cleans, and deodorizes in one labor saving step.',NULL,NULL,NULL,NULL,NULL,NULL,NULL,2177),(2206,NULL,'Federally inspected meat and poultry plants as a disinfectant agent for use in all departments. Food products and packaging materials must be removed from the room or carefully protected. Use product in accordance with its label. All surfaces must be thoroughly rinsed with potable water.',NULL,NULL,NULL,NULL,NULL,NULL,NULL,2178),(2207,NULL,'Bactericidal against the following pathogenic bacteria according to the AOAC Use-Dilution Test method, current edition, modified in the presence of 400 ppm synthetic hard water (calculated as CaCO<sub>3</sub>) plus 5% organic serum:',NULL,NULL,NULL,NULL,NULL,NULL,NULL,2179),(2208,NULL,'Fungicidal against {{Claims}} albicans according to the AOAC fungicidal test, modified in the presense of 400 ppm hard water (calculated as CaCO<sub>3</sub>) plus 5% organic serum.',NULL,NULL,NULL,NULL,NULL,NULL,NULL,2180),(2209,NULL,'Virucidal against {{Claims}} according to the virucidal qualification, modified in the presence of 400 ppm hard water (calculated as CaCO3) plus 5 % organic serum.',NULL,NULL,NULL,NULL,NULL,NULL,NULL,2181);
/*!40000 ALTER TABLE `spld_marketingstatement` ENABLE KEYS */;
UNLOCK TABLES;

--
-- Table structure for table `spld_section`
--

DROP TABLE IF EXISTS `spld_section`;
/*!40101 SET @saved_cs_client     = @@character_set_client */;
/*!40101 SET character_set_client = utf8 */;
CREATE TABLE `spld_section` (
  `ID` int(11) NOT NULL,
  `TSECTIONTYPE` varchar(20) DEFAULT NULL,
  `TITLEOVERRIDE` varchar(254) DEFAULT NULL,
  `TITLEPOSITION` varchar(5) DEFAULT NULL,
  `TITLEBOLDITALIC` varchar(1) DEFAULT NULL,
  `TITLECLASS` varchar(254) DEFAULT NULL,
  `SUBTITLEOVERRIDE` varchar(254) DEFAULT NULL,
  `SUBTITLEPOSITION` varchar(5) DEFAULT NULL,
  `SUBTITLEBOLDITALIC` varchar(1) DEFAULT NULL,
  `SUBTITLECLASS` varchar(254) DEFAULT NULL,
  `STATEMENTFORMAT` varchar(5) DEFAULT NULL,
  `USAGESEPARATORCHARACTERS` varchar(254) DEFAULT NULL,
  `USAGETYPE` varchar(1) DEFAULT NULL,
  `STATEMENTCLASS` varchar(254) DEFAULT NULL,
  `KERNINGUNITS` varchar(10) DEFAULT NULL,
  `KERNINGWIDTH` double DEFAULT NULL,
  `WORDSPACINGUNITS` varchar(10) DEFAULT NULL,
  `WORDSPACINGWIDTH` double DEFAULT NULL,
  `LEADINGUNITS` varchar(10) DEFAULT NULL,
  `LEADINGHEIGHT` double DEFAULT NULL,
  UNIQUE KEY `USPLD_SECTION_ID_100890` (`ID`),
  UNIQUE KEY `USPLD_SECTION_ID_629730` (`ID`)
) ENGINE=InnoDB DEFAULT CHARSET=utf8;
/*!40101 SET character_set_client = @saved_cs_client */;

--
-- Dumping data for table `spld_section`
--

LOCK TABLES `spld_section` WRITE;
/*!40000 ALTER TABLE `spld_section` DISABLE KEYS */;
/*!40000 ALTER TABLE `spld_section` ENABLE KEYS */;
UNLOCK TABLES;

--
-- Table structure for table `spld_storagedisposalsection`
--

DROP TABLE IF EXISTS `spld_storagedisposalsection`;
/*!40101 SET @saved_cs_client     = @@character_set_client */;
/*!40101 SET character_set_client = utf8 */;
CREATE TABLE `spld_storagedisposalsection` (
  `ID` int(11) NOT NULL,
  `CONTAINERVOLUME` varchar(3) DEFAULT NULL,
  `SDSECTIONTYPE` varchar(20) DEFAULT NULL,
  `TITLE` varchar(254) DEFAULT NULL,
  `SUBTITLE` varchar(254) DEFAULT NULL,
  `BOLDITALIC` varchar(1) DEFAULT NULL,
  `NUMBEREACHSTATEMENT` varchar(1) DEFAULT NULL,
  `REVIEWERNOTE` longtext,
  `NOTEBOLDITALIC` varchar(1) DEFAULT NULL,
  `SELECTED` varchar(1) DEFAULT NULL,
  `CONTINUATIONBREAKFLAG` varchar(254) DEFAULT NULL,
  `AUTOSEQ` int(11) DEFAULT NULL,
  `AUTOSEQ02` int(11) DEFAULT NULL,
  `FK_ID_SPLD_SECTION` int(11) DEFAULT NULL,
  `FK_ID_SUBREGPHYSICALLABELDEF` int(11) NOT NULL,
  `FK_ID_S_STORAGEDISPOSALSECTION` int(11) DEFAULT NULL,
  UNIQUE KEY `USPLDSTORAGEDISPOSALSECTI10111` (`ID`),
  UNIQUE KEY `USPLDSTORAGEDISPOSALSECTION62995` (`ID`),
  KEY `SPLDSTORAGEDISPOSALSECTIO10330` (`FK_ID_SPLD_SECTION`),
  KEY `SPLDSTORAGEDISPOSALSECTIO10342` (`FK_ID_SUBREGPHYSICALLABELDEF`),
  KEY `SPLDSTORAGEDISPOSALSECTIO10389` (`FK_ID_S_STORAGEDISPOSALSECTION`),
  KEY `SPLDSTORAGEDISPOSALSECTIONF63221` (`FK_ID_SPLD_SECTION`),
  KEY `SPLDSTORAGEDISPOSALSECTIONF63233` (`FK_ID_SUBREGPHYSICALLABELDEF`),
  KEY `SPLDSTORAGEDISPOSALSECTIONF63278` (`FK_ID_S_STORAGEDISPOSALSECTION`)
) ENGINE=InnoDB DEFAULT CHARSET=utf8;
/*!40101 SET character_set_client = @saved_cs_client */;

--
-- Dumping data for table `spld_storagedisposalsection`
--

LOCK TABLES `spld_storagedisposalsection` WRITE;
/*!40000 ALTER TABLE `spld_storagedisposalsection` DISABLE KEYS */;
INSERT INTO `spld_storagedisposalsection` VALUES (5,'1','StorageDisposal1','STORAGE AND DISPOSAL',NULL,'R',NULL,'<p style=\"margin-bottom: 0in;\" align=\"JUSTIFY\"><font face=\"Arial, sans-serif\"><font style=\"font-size: 8pt;\" size=\"1\">(</font></font><font face=\"Arial, sans-serif\"><font style=\"font-size: 8pt;\" size=\"1\"><em>Note to reviewer: If the container size is one gallon or less, the following Storage and Disposal directions will be used:)</em></font></font></p>',NULL,NULL,NULL,NULL,1,NULL,3,7),(6,'5','StorageDisposal1','STORAGE AND DISPOSAL',NULL,'R',NULL,'<p>Note to reviewer: If the container size is greater than one gallon, the following Storage and Disposal directions will be used:)</p>',NULL,NULL,NULL,NULL,2,NULL,3,8),(53,'1','StorageDisposal1','STORAGE AND DISPOSAL',NULL,'R',NULL,NULL,NULL,NULL,NULL,NULL,1,NULL,4,17),(54,'5','StorageDisposal1','STORAGE AND DISPOSAL',NULL,'R',NULL,'<p>Note to reviewer: If the container size is greater than one gallon, the following Storage and Disposal directions will be used:)</p>',NULL,NULL,NULL,NULL,2,NULL,4,18),(60,'5','StorageDisposal1','STORAGE AND DISPOSAL',NULL,'R',NULL,'<p>Note to reviewer: If the container size is greater than one gallon, the following Storage and Disposal directions will be used:)</p>',NULL,NULL,NULL,NULL,1,NULL,5,24);
/*!40000 ALTER TABLE `spld_storagedisposalsection` ENABLE KEYS */;
UNLOCK TABLES;

--
-- Table structure for table `spld_storagedisposalstatement`
--

DROP TABLE IF EXISTS `spld_storagedisposalstatement`;
/*!40101 SET @saved_cs_client     = @@character_set_client */;
/*!40101 SET character_set_client = utf8 */;
CREATE TABLE `spld_storagedisposalstatement` (
  `ID` int(11) NOT NULL,
  `TITLE` varchar(254) DEFAULT NULL,
  `z_ORDER` int(11) DEFAULT NULL,
  `BOLDITALIC` varchar(1) DEFAULT NULL,
  `z_TEXT` longtext,
  `NOTFORUSETEXT` longtext,
  `NOTFORUSETYPE` varchar(2) NOT NULL,
  `REVIEWERNOTE` longtext,
  `SELECTED` varchar(1) DEFAULT NULL,
  `CONTINUATIONBREAKFLAG` varchar(254) DEFAULT NULL,
  `CONTINUATIONLEADINGTEXT` longtext,
  `CONTINUATIONTEXT` longtext,
  `AUTOSEQ` int(11) DEFAULT NULL,
  `FK_ID_SPLD_STORAGEDISPOSALSECTIO` int(11) NOT NULL,
  `FK_ID_S_STORAGEDISPOSALSTATEMENT` int(11) DEFAULT NULL,
  UNIQUE KEY `USPLDSTORAGEDISPOSALSTATE10124` (`ID`),
  UNIQUE KEY `USPLDSTORAGEDISPOSALSTATEME63008` (`ID`),
  KEY `SPLDSTORAGEDISPOSALSTATEM10353` (`FK_ID_SPLD_STORAGEDISPOSALSECTIO`),
  KEY `SPLDSTORAGEDISPOSALSTATEM10375` (`FK_ID_S_STORAGEDISPOSALSTATEMENT`),
  KEY `SPLDSTORAGEDISPOSALSTATEMEN63244` (`FK_ID_SPLD_STORAGEDISPOSALSECTIO`),
  KEY `SPLDSTORAGEDISPOSALSTATEMEN63266` (`FK_ID_S_STORAGEDISPOSALSTATEMENT`)
) ENGINE=InnoDB DEFAULT CHARSET=utf8;
/*!40101 SET character_set_client = @saved_cs_client */;

--
-- Dumping data for table `spld_storagedisposalstatement`
--

LOCK TABLES `spld_storagedisposalstatement` WRITE;
/*!40000 ALTER TABLE `spld_storagedisposalstatement` DISABLE KEYS */;
INSERT INTO `spld_storagedisposalstatement` VALUES (11,NULL,NULL,'R','Store in original container in areas inaccessible to children. Do not reuse empty container. (Wrap and) Discard in trash or recycle.',NULL,'NA',NULL,NULL,NULL,NULL,NULL,NULL,5,16),(12,NULL,NULL,'R','Do not contaminate water, food, or feed by storage or disposal. </font>',NULL,'NA',NULL,NULL,NULL,NULL,NULL,1,6,17),(13,'Pesticide Storage',NULL,'R','Store in original container in areas inaccessible to children. Open dumping is prohibited. Do not reuse empty container.</font>',NULL,'NA',NULL,NULL,NULL,NULL,NULL,2,6,18),(14,'Pesticide Disposal',NULL,'R','Pesticide wastes are acutely hazardous. Improper disposal of excess pesticide, spray mixture, or rinsate is a violation of Federal law. If these wastes cannot be disposed of by use according to label instructions, contact your State Pesticide or Environmental Control Agency, or the Hazardous Waste representative at the nearest EPA Regional Office for guidance.',NULL,'NA',NULL,NULL,NULL,NULL,NULL,3,6,19),(15,'Container Disposal',NULL,'R','(Plastic containers:) Triple rinse (or equivalent). Then offer for recycling or reconditioning, or puncture and dispose of in a sanitary landfill, or incinerate, or if allowed by state and local authorities, burn. If burned, stay out of smoke.\r\n(Fiber Drums With Liner:) Completely empty liner by shaking and tapping sides and bottom to loosen clinging particles. Empty residue into application equipment. Then dispose of liner in a sanitary landfill or by incineration if allowed by state and local authorities. If drum is contaminated and cannot by reused, dispose of in the same manner.\r\n(Metal Container:) Triple rinse (or equivalent). Then offer for recycling or reconditioning or puncture and dispose of in a sanitary landfill, or dispose of by other procedures approved by state and local authorities.\r\n(For Bag-in-Box Containers:) Completely empty bag into application equipment. Dispose of empty bag in a sanitary landfill or by incineration, or if allowed by state and local authorities by burning or dispose of by other procedures approved by state and local authorities. If burned, stay out of smoke.\r\n',NULL,'NA',NULL,NULL,NULL,NULL,NULL,4,6,20),(131,NULL,NULL,'R','Store in original container in areas inaccessible to children. Do not reuse empty container. (Wrap and) Discard in trash or recycle.',NULL,'NA',NULL,NULL,NULL,NULL,NULL,NULL,53,41),(132,NULL,NULL,'R','Do not contaminate water, food, or feed by storage or disposal.',NULL,'NA',NULL,NULL,NULL,NULL,NULL,1,54,42),(133,'Pesticide Storage',NULL,'R','Store in original container in areas inaccessible to children. Open dumping is prohibited. Do not reuse empty container.',NULL,'NA',NULL,NULL,NULL,NULL,NULL,2,54,43),(134,'Pesticide Disposal',NULL,'R','Pesticide wastes are acutely hazardous. Improper disposal of excess pesticide, spray mixture, or rinsate is a violation of Federal law. If these wastes cannot be disposed of by use according to label instructions, contact your State Pesticide or Environmental Control Agency, or the Hazardous Waste representative at the nearest EPA Regional Office for guidance.',NULL,'NA',NULL,NULL,NULL,NULL,NULL,3,54,44),(135,'Container Disposal',NULL,'R','(Plastic containers:) Triple rinse (or equivalent). Then offer for recycling or reconditioning, or puncture and dispose of in a sanitary landfill, or incinerate, or if allowed by state and local authorities, burn. If burned, stay out of smoke.\r\n(Fiber Drums With Liner:) Completely empty liner by shaking and tapping sides and bottom to loosen clinging particles. Empty residue into application equipment. Then dispose of liner in a sanitary landfill or by incineration if allowed by state and local authorities. If drum is contaminated and cannot by reused, dispose of in the same manner.\r\n(Metal Container:) Triple rinse (or equivalent). Then offer for recycling or reconditioning or puncture and dispose of in a sanitary landfill, or dispose of by other procedures approved by state and local authorities.\r\n(For Bag-in-Box Containers:) Completely empty bag into application equipment. Dispose of empty bag in a sanitary landfill or by incineration, or if allowed by state and local authorities by burning or dispose of by other procedures approved by state and local authorities. If burned, stay out of smoke.\r\n',NULL,'NA',NULL,NULL,NULL,NULL,NULL,4,54,45),(161,'Storage and Disposal',NULL,'R','(containers for household/residential use) Store in original container in areas inaccessible to children. Nonrefillable container. Do not reuse or refill this container. Offer for recycling if available.',NULL,'NA',NULL,NULL,NULL,NULL,NULL,1,60,71),(162,'Storage and Disposal',NULL,'R','(containers for commercial, industrial, and institutional use) Do not contaminate water, food, or feed by storage or disposal.',NULL,'NA',NULL,NULL,NULL,NULL,NULL,2,60,72),(163,'Pesticide Disposal',NULL,'R','Store in original container in areas inaccessible to children. Open dumping is prohibited. Do not reuse empty container.',NULL,'NA',NULL,NULL,NULL,NULL,NULL,3,60,73),(164,'Pesticide Disposal',NULL,'R','Pesticide wastes are acutely hazardous. Improper disposal of excess pesticide, spray mixture or rinsate is a violation of Federal Law. If these wastes cannot be disposed of by use according to label instruction, contact your local State Pesticide or Environmental Control Agency, or the Hazardous Waste representative at the nearest EPA Regional Office for guidance.',NULL,'NA',NULL,NULL,'M','Pesticide wastes are acutely hazardous. Improper disposal of excess pesticide, spray mixture or rinsate is a violation of Federal Law. If these wastes cannot be disposed of by use according to label instruction, contact your local State Pesticide or Environmental ','Control Agency, or the Hazardous Waste representative at the nearest EPA Regional Office for guidance.',4,60,74),(165,'Container Handling',NULL,'R','(Plastic containers:) Nonrefillable container. Do not reuse or refill this container. Triple rinse container (or equivalent) promptly after emptying. Triple rinse as follows: Fill container 1/4 full with water. Tip container on side and roll it back and forth, ensuring at least one complete revolution for 30 seconds. Stand container on its end and tip it back and forth several times. Turn the container over its other end and tip it back and forth several times. Follow Pesticide Disposal instructions for rinsate disposal. Repeat two more times.',NULL,'NA',NULL,NULL,NULL,NULL,NULL,5,60,75);
/*!40000 ALTER TABLE `spld_storagedisposalstatement` ENABLE KEYS */;
UNLOCK TABLES;

--
-- Table structure for table `spld_usage`
--

DROP TABLE IF EXISTS `spld_usage`;
/*!40101 SET @saved_cs_client     = @@character_set_client */;
/*!40101 SET character_set_client = utf8 */;
CREATE TABLE `spld_usage` (
  `ID` int(11) NOT NULL,
  `USAGETYPE` varchar(1) NOT NULL,
  `CLAIMSCLASSIFICATION` varchar(16) DEFAULT NULL,
  `NAME` varchar(254) NOT NULL,
  `BOLDITALIC` varchar(1) DEFAULT NULL,
  `REVIEWERNOTE` varchar(254) DEFAULT NULL,
  `NOTEBOLDITALIC` varchar(1) DEFAULT NULL,
  `SELECTED` varchar(1) DEFAULT NULL,
  `AUTOSEQ` int(11) DEFAULT NULL,
  `FK_ID_SUBREGPHYSICALLABELDEF` int(11) DEFAULT NULL,
  `FK_ID_S_USAGE` int(11) DEFAULT NULL,
  `FK_ID_SPLD_USAGETYPE` int(11) DEFAULT NULL,
  UNIQUE KEY `USPLD_USAGE_ID_101370` (`ID`),
  UNIQUE KEY `USPLD_USAGE_ID_630220` (`ID`),
  KEY `SPLDUSAGEFKIDSUBREGPHYSIC10346` (`FK_ID_SUBREGPHYSICALLABELDEF`),
  KEY `SPLD_USAGE_FK_ID_S_USAGE_10349` (`FK_ID_S_USAGE`),
  KEY `SPLDUSAGEFKIDSPLDUSAGETYP41594` (`FK_ID_SPLD_USAGETYPE`),
  KEY `SPLDUSAGEFKIDSUBREGPHYSICAL63237` (`FK_ID_SUBREGPHYSICALLABELDEF`),
  KEY `SPLD_USAGE_FK_ID_S_USAGE_632400` (`FK_ID_S_USAGE`),
  KEY `SPLD_USAGEFKIDSPLDUSAGETYPE63306` (`FK_ID_SPLD_USAGETYPE`)
) ENGINE=InnoDB DEFAULT CHARSET=utf8;
/*!40101 SET character_set_client = @saved_cs_client */;

--
-- Dumping data for table `spld_usage`
--

LOCK TABLES `spld_usage` WRITE;
/*!40000 ALTER TABLE `spld_usage` DISABLE KEYS */;
INSERT INTO `spld_usage` VALUES (375,'C','Bacteria','(1)  ATCC & antibiotic-resistant strain',NULL,NULL,NULL,NULL,NULL,3,NULL,NULL),(376,'C','Bacteria','(2)  antibiotic-resistant strain only',NULL,NULL,NULL,NULL,NULL,3,NULL,NULL),(377,'C','Bacteria','Acinetobacter calcoaceticus',NULL,NULL,NULL,NULL,NULL,3,NULL,NULL),(378,'C','Bacteria','Bordetella bronchiseptica',NULL,NULL,NULL,NULL,NULL,3,NULL,NULL),(379,'C','Bacteria','Chlamydia psittaci',NULL,NULL,NULL,NULL,NULL,3,NULL,NULL),(380,'C','Bacteria','Enterobacter aerogenes',NULL,NULL,NULL,NULL,NULL,3,NULL,NULL),(381,'C','Bacteria','Enterobacter cloacae',NULL,NULL,NULL,NULL,NULL,3,NULL,NULL),(382,'C','Bacteria','Enterococcus faecalis- Vancomycin Resistant (VRE)',NULL,NULL,NULL,NULL,NULL,3,NULL,NULL),(383,'C','Bacteria','Escherichia coli<sub> (1)</sub>',NULL,NULL,NULL,NULL,NULL,3,NULL,NULL),(384,'C','Bacteria','Fusobacterium necrophorum',NULL,NULL,NULL,NULL,NULL,3,NULL,NULL),(385,'C','Bacteria','Kiebsiella pneumoniae<sub> (1)</sub>',NULL,NULL,NULL,NULL,NULL,3,NULL,NULL),(386,'C','Bacteria','Legionella pneumophilia',NULL,NULL,NULL,NULL,NULL,3,NULL,NULL),(387,'C','Bacteria','Listeria monocytogenes',NULL,NULL,NULL,NULL,NULL,3,NULL,NULL),(388,'C','Bacteria','Pasteurella multocida ',NULL,NULL,NULL,NULL,NULL,3,NULL,NULL),(389,'C','Bacteria','Proteus mirabilis',NULL,NULL,NULL,NULL,NULL,3,NULL,NULL),(390,'C','Bacteria','Proteus vulgaris',NULL,NULL,NULL,NULL,NULL,3,NULL,NULL),(391,'C','Bacteria','Pseudomonas aeruginosa<sub> (1)</sub>',NULL,NULL,NULL,NULL,NULL,3,NULL,NULL),(392,'C','Bacteria','Salmonella choleraesuis',NULL,NULL,NULL,NULL,NULL,3,NULL,NULL),(393,'C','Bacteria','Salmonella enteritidis',NULL,NULL,NULL,NULL,NULL,3,NULL,NULL),(394,'C','Bacteria','Salmonella typhi',NULL,NULL,NULL,NULL,NULL,3,NULL,NULL),(395,'C','Bacteria','Salmonella typhimurium',NULL,NULL,NULL,NULL,NULL,3,NULL,NULL),(396,'C','Bacteria','Serratia marcescens',NULL,NULL,NULL,NULL,NULL,3,NULL,NULL),(397,'C','Bacteria','Shigella fiexneri',NULL,NULL,NULL,NULL,NULL,3,NULL,NULL),(398,'C','Bacteria','Shigella sonnei',NULL,NULL,NULL,NULL,NULL,3,NULL,NULL),(399,'C','Bacteria','Staphylococcus aureus- Methicillin resistant (MRSA)',NULL,NULL,NULL,NULL,NULL,3,NULL,NULL),(400,'C','Bacteria','Staphylococcus aureus- Vancomycin Intermediate Resistant (VISA)',NULL,NULL,NULL,NULL,NULL,3,NULL,NULL),(401,'C','Bacteria','Staphylococcus aureus<sub> (1)</sub>',NULL,NULL,NULL,NULL,NULL,3,NULL,NULL),(402,'C','Bacteria','Staphylococcus epidermidis<sub> (2)</sub>',NULL,NULL,NULL,NULL,NULL,3,NULL,NULL),(403,'C','Bacteria','Streptococcus faecalis<sub> (1)</sub>',NULL,NULL,NULL,NULL,NULL,3,NULL,NULL),(404,'C','Fungi','Aspergillus niger',NULL,NULL,NULL,NULL,30,3,NULL,NULL),(405,'C','Fungi','Candida albicans',NULL,NULL,NULL,NULL,31,3,NULL,NULL),(406,'C','Fungi','Trichophyton mentagrophytes [Athlete\'s Foot Fungus]',NULL,NULL,NULL,NULL,32,3,NULL,NULL),(407,'C','Fungi','[a cause of Ringworm] [a cause of Ringworm of the foot]',NULL,NULL,NULL,NULL,33,3,NULL,NULL),(408,'C','Viruses','*Adenovirus Type 4',NULL,NULL,NULL,NULL,34,3,NULL,NULL),(409,'C','Viruses','*Avian polyomavirus',NULL,NULL,NULL,NULL,35,3,NULL,NULL),(410,'C','Viruses','*Canine distemper',NULL,NULL,NULL,NULL,36,3,NULL,NULL),(411,'C','Viruses','*Canine parvovirus- at 2 oz. per gallon',NULL,NULL,NULL,NULL,37,3,NULL,NULL),(412,'C','Viruses','*Feline leukemia',NULL,NULL,NULL,NULL,38,3,NULL,NULL),(413,'C','Viruses','*Feline picomavirus',NULL,NULL,NULL,NULL,39,3,NULL,NULL),(414,'C','Viruses','*HIV-1 (AIDS virus)',NULL,NULL,NULL,NULL,40,3,NULL,NULL),(415,'C','Viruses','*Hepatitis B Virus (HBV)',NULL,NULL,NULL,NULL,41,3,NULL,NULL),(416,'C','Viruses','*Hepatitis C Virus (HCV)',NULL,NULL,NULL,NULL,42,3,NULL,NULL),(417,'C','Viruses','*Herpes Simplex Type 1',NULL,NULL,NULL,NULL,43,3,NULL,NULL),(418,'C','Viruses','*Herpes Simplex Type 2',NULL,NULL,NULL,NULL,44,3,NULL,NULL),(419,'C','Viruses','*Human coronavirus ',NULL,NULL,NULL,NULL,45,3,NULL,NULL),(420,'C','Viruses','*Infectious bovine rhinotracheitis',NULL,NULL,NULL,NULL,46,3,NULL,NULL),(421,'C','Viruses','*Infectious bronchitis (Avian IBV)',NULL,NULL,NULL,NULL,47,3,NULL,NULL),(422,'C','Viruses','*Influenza A/ Hong Kong',NULL,NULL,NULL,NULL,48,3,NULL,NULL),(423,'C','Viruses','*Pseudorabies (PRV)',NULL,NULL,NULL,NULL,49,3,NULL,NULL),(424,'C','Viruses','*Rabies',NULL,NULL,NULL,NULL,50,3,NULL,NULL),(425,'C','Viruses','*Respiratory Syncytial Virus (RSV)',NULL,NULL,NULL,NULL,51,3,NULL,NULL),(426,'C','Viruses','*Rubella (German Measles)',NULL,NULL,NULL,NULL,52,3,NULL,NULL),(427,'C','Viruses','*Transmissible gastroenteritis virus (TGE)\Z',NULL,NULL,NULL,NULL,53,3,NULL,NULL),(428,'C','Viruses','*Vaccinia [Pox virus]',NULL,NULL,NULL,NULL,54,3,NULL,NULL),(429,'S',NULL,'Appliances',NULL,NULL,NULL,NULL,55,3,NULL,NULL),(430,'S',NULL,'Bathroom fixtures',NULL,NULL,NULL,NULL,56,3,NULL,NULL),(431,'S',NULL,'Bathtubs (Fiberglass)',NULL,NULL,NULL,NULL,57,3,NULL,NULL),(432,'S',NULL,'Cabinets',NULL,NULL,NULL,NULL,58,3,NULL,NULL),(433,'S',NULL,'Cages',NULL,NULL,NULL,NULL,59,3,NULL,NULL),(434,'S',NULL,'Chairs',NULL,NULL,NULL,NULL,60,3,NULL,NULL),(435,'S',NULL,'Coils and drain pans of air conditioning and refrigeration equipment and heat pumps',NULL,NULL,NULL,NULL,61,3,NULL,NULL),(436,'S',NULL,'Conductive flooring',NULL,NULL,NULL,NULL,62,3,NULL,NULL),(437,'S',NULL,'Counters (countertops)',NULL,NULL,NULL,NULL,63,3,NULL,NULL),(438,'S',NULL,'Countertop laminates',NULL,NULL,NULL,NULL,64,3,NULL,NULL),(439,'S',NULL,'Desks',NULL,NULL,NULL,NULL,65,3,NULL,NULL),(440,'S',NULL,'Doorknobs',NULL,NULL,NULL,NULL,66,3,NULL,NULL),(441,'S',NULL,'Floors',NULL,NULL,NULL,NULL,67,3,NULL,NULL),(442,'S',NULL,'Garbage cans',NULL,NULL,NULL,NULL,68,3,NULL,NULL),(443,'S',NULL,'Glazed ceramic',NULL,NULL,NULL,NULL,69,3,NULL,NULL),(444,'S',NULL,'Glazed enameled surfaces',NULL,NULL,NULL,NULL,70,3,NULL,NULL),(445,'S',NULL,'Highchairs',NULL,NULL,NULL,NULL,71,3,NULL,NULL),(446,'S',NULL,'Kennel runs',NULL,NULL,NULL,NULL,72,3,NULL,NULL),(447,'S',NULL,'Laminated surfaces',NULL,NULL,NULL,NULL,73,3,NULL,NULL),(448,'S',NULL,'Metal',NULL,NULL,NULL,NULL,74,3,NULL,NULL),(449,'S',NULL,'Microwave ovens',NULL,NULL,NULL,NULL,75,3,NULL,NULL),(450,'S',NULL,'Non-medical metal surfaces',NULL,NULL,NULL,NULL,76,3,NULL,NULL),(451,'S',NULL,'Non-medical stainless steel surfaces',NULL,NULL,NULL,NULL,77,3,NULL,NULL),(452,'S',NULL,'Other hard nonporous surfaces made of:',NULL,NULL,NULL,NULL,78,3,NULL,NULL),(453,'S',NULL,'Outdoor furniture',NULL,NULL,NULL,NULL,79,3,NULL,NULL),(454,'S',NULL,'Plastic (such as polystyrene or polypropylene)',NULL,NULL,NULL,NULL,80,3,NULL,NULL),(455,'S',NULL,'Refrigerated storage and display equipment',NULL,NULL,NULL,NULL,81,3,NULL,NULL),(456,'S',NULL,'Refrigerators',NULL,NULL,NULL,NULL,82,3,NULL,NULL),(457,'S',NULL,'Sealed granite',NULL,NULL,NULL,NULL,83,3,NULL,NULL),(458,'S',NULL,'Sealed limestone',NULL,NULL,NULL,NULL,84,3,NULL,NULL),(459,'S',NULL,'Sealed marble',NULL,NULL,NULL,NULL,85,3,NULL,NULL),(460,'S',NULL,'Sealed slate',NULL,NULL,NULL,NULL,86,3,NULL,NULL),(461,'S',NULL,'Sealed stone',NULL,NULL,NULL,NULL,87,3,NULL,NULL),(462,'S',NULL,'Sealed terra cotta',NULL,NULL,NULL,NULL,88,3,NULL,NULL),(463,'S',NULL,'Sealed terrazzo',NULL,NULL,NULL,NULL,89,3,NULL,NULL),(464,'S',NULL,'Stainless steel',NULL,NULL,NULL,NULL,90,3,NULL,NULL),(465,'S',NULL,'Tanning Beds',NULL,NULL,NULL,NULL,91,3,NULL,NULL),(466,'S',NULL,'Tanning Equipment',NULL,NULL,NULL,NULL,92,3,NULL,NULL),(467,'S',NULL,'Telephones',NULL,NULL,NULL,NULL,93,3,NULL,NULL),(468,'S',NULL,'Upholstery',NULL,NULL,NULL,NULL,94,3,NULL,NULL),(469,'S',NULL,'Walls',NULL,NULL,NULL,NULL,95,3,NULL,NULL),(470,'S',NULL,'Woodwork',NULL,NULL,NULL,NULL,96,3,NULL,NULL),(471,'T',NULL,'Algaecide',NULL,NULL,NULL,NULL,97,3,NULL,NULL),(472,'T',NULL,'Disinfectant',NULL,NULL,NULL,NULL,98,3,NULL,NULL),(473,'T',NULL,'Fungicide',NULL,NULL,NULL,NULL,99,3,NULL,NULL),(474,'T',NULL,'General Purpose Anti-microbial',NULL,NULL,NULL,NULL,100,3,NULL,NULL),(475,'T',NULL,'Sanitizer',NULL,NULL,NULL,NULL,101,3,NULL,NULL),(476,'T',NULL,'Tuberculocide',NULL,NULL,NULL,NULL,102,3,NULL,NULL),(477,'T',NULL,'Viruscide',NULL,NULL,NULL,NULL,103,3,NULL,NULL),(478,'U',NULL,'Airplanes',NULL,NULL,NULL,NULL,104,3,NULL,NULL),(479,'U',NULL,'Airports',NULL,NULL,NULL,NULL,105,3,NULL,NULL),(480,'U',NULL,'Animal Care','R',NULL,NULL,NULL,106,3,NULL,NULL),(481,'U',NULL,'Animal Laboratories',NULL,NULL,NULL,NULL,107,3,NULL,NULL),(482,'U',NULL,'Animal Life Science Laboratories',NULL,NULL,NULL,NULL,108,3,NULL,NULL),(483,'U',NULL,'Athletic Facilities',NULL,NULL,NULL,NULL,109,3,NULL,NULL),(484,'U',NULL,'Automotive Industy',NULL,NULL,NULL,NULL,110,3,NULL,NULL),(485,'U',NULL,'Barber Shops',NULL,NULL,NULL,NULL,111,3,NULL,NULL),(486,'U',NULL,'Bars',NULL,NULL,NULL,NULL,112,3,NULL,NULL),(487,'U',NULL,'Bathrooms',NULL,NULL,NULL,NULL,113,3,NULL,NULL),(488,'U',NULL,'Beverage Plants',NULL,NULL,NULL,NULL,114,3,NULL,NULL),(489,'U',NULL,'Boats',NULL,NULL,NULL,NULL,115,3,NULL,NULL),(490,'U',NULL,'Breeding and Grooming Establishments',NULL,NULL,NULL,NULL,116,3,NULL,NULL),(491,'U',NULL,'Breweries',NULL,NULL,NULL,NULL,117,3,NULL,NULL),(492,'U',NULL,'Buses',NULL,NULL,NULL,NULL,118,3,NULL,NULL),(493,'U',NULL,'Business and Office Buildings',NULL,NULL,NULL,NULL,119,3,NULL,NULL),(494,'U',NULL,'Cafeterias',NULL,NULL,NULL,NULL,120,3,NULL,NULL),(495,'U',NULL,'Camp Grounds',NULL,NULL,NULL,NULL,121,3,NULL,NULL),(496,'U',NULL,'Campers',NULL,NULL,NULL,NULL,122,3,NULL,NULL),(497,'U',NULL,'Carpeting',NULL,NULL,NULL,NULL,123,3,NULL,NULL),(498,'U',NULL,'Cars',NULL,NULL,NULL,NULL,124,3,NULL,NULL),(499,'U',NULL,'Citus Plants ',NULL,NULL,NULL,NULL,125,3,NULL,NULL),(500,'U',NULL,'Colleges',NULL,NULL,NULL,NULL,126,3,NULL,NULL),(501,'U',NULL,'Commercial Institutions',NULL,NULL,NULL,NULL,127,3,NULL,NULL),(502,'U',NULL,'Convenience Stores',NULL,NULL,NULL,NULL,128,3,NULL,NULL),(503,'U',NULL,'Correctional Facilities',NULL,NULL,NULL,NULL,129,3,NULL,NULL),(504,'U',NULL,'Dairy Farms',NULL,NULL,NULL,NULL,130,3,NULL,NULL),(505,'U',NULL,'Day Care Centers',NULL,NULL,NULL,NULL,131,3,NULL,NULL),(506,'U',NULL,'Dental Offices',NULL,NULL,NULL,NULL,132,3,NULL,NULL),(507,'U',NULL,'Emergency Vehicles',NULL,NULL,NULL,NULL,133,3,NULL,NULL),(508,'U',NULL,'Equine Farms',NULL,NULL,NULL,NULL,134,3,NULL,NULL),(509,'U',NULL,'Factories',NULL,NULL,NULL,NULL,135,3,NULL,NULL),(510,'U',NULL,'Farms',NULL,NULL,NULL,NULL,136,3,NULL,NULL),(511,'U',NULL,'Federally Inspected Meat and Poultry Plants',NULL,NULL,NULL,NULL,137,3,NULL,NULL),(512,'U',NULL,'Food Processing Plants',NULL,NULL,NULL,NULL,138,3,NULL,NULL),(513,'U',NULL,'Food Storage Areas',NULL,NULL,NULL,NULL,139,3,NULL,NULL),(514,'U',NULL,'Funeral Homes',NULL,NULL,NULL,NULL,140,3,NULL,NULL),(515,'U',NULL,'Health Care Facilities',NULL,NULL,NULL,NULL,141,3,NULL,NULL),(516,'U',NULL,'Hog Farms',NULL,NULL,NULL,NULL,142,3,NULL,NULL),(517,'U',NULL,'Homes (Households)',NULL,NULL,NULL,NULL,143,3,NULL,NULL),(518,'U',NULL,'Hospitals',NULL,NULL,NULL,NULL,144,3,NULL,NULL),(519,'U',NULL,'Hotels',NULL,NULL,NULL,NULL,145,3,NULL,NULL),(520,'U',NULL,'Industrial Institutions',NULL,NULL,NULL,NULL,146,3,NULL,NULL),(521,'U',NULL,'Institutional Facilities',NULL,NULL,NULL,NULL,147,3,NULL,NULL),(522,'U',NULL,'Institutional Kitchens',NULL,NULL,NULL,NULL,148,3,NULL,NULL),(523,'U',NULL,'Institutions',NULL,NULL,NULL,NULL,149,3,NULL,NULL),(524,'U',NULL,'Kennels',NULL,NULL,NULL,NULL,150,3,NULL,NULL),(525,'U',NULL,'Kitchens',NULL,NULL,NULL,NULL,151,3,NULL,NULL),(526,'U',NULL,'Laundry Industry',NULL,NULL,NULL,NULL,152,3,NULL,NULL),(527,'U',NULL,'Locker Rooms',NULL,NULL,NULL,NULL,153,3,NULL,NULL),(528,'U',NULL,'Medical Clinics',NULL,NULL,NULL,NULL,154,3,NULL,NULL),(529,'U',NULL,'Medical Offices',NULL,NULL,NULL,NULL,155,3,NULL,NULL),(530,'U',NULL,'Mobile Homes',NULL,NULL,NULL,NULL,156,3,NULL,NULL),(531,'U',NULL,'Morgues',NULL,NULL,NULL,NULL,157,3,NULL,NULL),(532,'U',NULL,'Mortuaries',NULL,NULL,NULL,NULL,158,3,NULL,NULL),(533,'U',NULL,'Motels',NULL,NULL,NULL,NULL,159,3,NULL,NULL),(534,'U',NULL,'Mushroom Farms',NULL,NULL,NULL,NULL,160,3,NULL,NULL),(535,'U',NULL,'Nurseries',NULL,NULL,NULL,NULL,161,3,NULL,NULL),(536,'U',NULL,'Nursing Homes',NULL,NULL,NULL,NULL,162,3,NULL,NULL),(537,'U',NULL,'Office Buildings',NULL,NULL,NULL,NULL,163,3,NULL,NULL),(538,'U',NULL,'Pet Animal Quarters',NULL,NULL,NULL,NULL,164,3,NULL,NULL),(539,'U',NULL,'Pet Shops',NULL,NULL,NULL,NULL,165,3,NULL,NULL),(540,'U',NULL,'Playground Equipment',NULL,NULL,NULL,NULL,166,3,NULL,NULL),(541,'U',NULL,'Poultry Farms',NULL,NULL,NULL,NULL,167,3,NULL,NULL),(542,'U',NULL,'Poultry Plants','R',NULL,NULL,NULL,168,3,NULL,NULL),(543,'U',NULL,'Prisons',NULL,NULL,NULL,NULL,169,3,NULL,NULL),(544,'U',NULL,'Protective Safety Gear',NULL,NULL,NULL,NULL,170,3,NULL,NULL),(545,'U',NULL,'Public Facilities',NULL,NULL,NULL,NULL,171,3,NULL,NULL),(546,'U',NULL,'Public Rest Rooms',NULL,NULL,NULL,NULL,172,3,NULL,NULL),(547,'U',NULL,'Recreational Vehicle Use',NULL,NULL,NULL,NULL,173,3,NULL,NULL),(548,'U',NULL,'Restaurants',NULL,NULL,NULL,NULL,174,3,NULL,NULL),(549,'U',NULL,'Salons (Beauty)',NULL,NULL,NULL,NULL,175,3,NULL,NULL),(550,'U',NULL,'Schools',NULL,NULL,NULL,NULL,176,3,NULL,NULL),(551,'U',NULL,'Ships',NULL,NULL,NULL,NULL,177,3,NULL,NULL),(552,'U',NULL,'Shower and Bath Areas',NULL,NULL,NULL,NULL,178,3,NULL,NULL),(553,'U',NULL,'Tack Shops',NULL,NULL,NULL,NULL,179,3,NULL,NULL),(554,'U',NULL,'Tanning Salons',NULL,NULL,NULL,NULL,180,3,NULL,NULL),(555,'U',NULL,'Taxis',NULL,NULL,NULL,NULL,181,3,NULL,NULL),(556,'U',NULL,'Trailers',NULL,NULL,NULL,NULL,182,3,NULL,NULL),(557,'U',NULL,'Trains',NULL,NULL,NULL,NULL,183,3,NULL,NULL),(558,'U',NULL,'Transportation Terminals',NULL,NULL,NULL,NULL,184,3,NULL,NULL),(559,'U',NULL,'Turkey Farms',NULL,NULL,NULL,NULL,185,3,NULL,NULL),(560,'U',NULL,'USDA Inspected Food Processing Facilities',NULL,NULL,NULL,NULL,186,3,NULL,NULL),(561,'U',NULL,'Verterinary Clinics',NULL,NULL,NULL,NULL,187,3,NULL,NULL),(562,'U',NULL,'Veterinary Practice','R',NULL,NULL,NULL,188,3,NULL,NULL),(563,'U',NULL,'Whirlpool and Foot Spa Use',NULL,NULL,NULL,NULL,189,3,NULL,NULL),(564,'U',NULL,'Zoos',NULL,NULL,NULL,NULL,190,3,NULL,NULL),(4638,'S',NULL,'Cages',NULL,NULL,NULL,NULL,NULL,4,NULL,NULL),(4639,'S',NULL,'Counters (countertops)',NULL,NULL,NULL,NULL,NULL,4,NULL,NULL),(4640,'S',NULL,'Floors',NULL,NULL,NULL,NULL,NULL,4,NULL,NULL),(4641,'S',NULL,'Glazed ceramic',NULL,NULL,NULL,NULL,NULL,4,NULL,NULL),(4642,'S',NULL,'Glazed enameled surfaces',NULL,NULL,NULL,NULL,NULL,4,NULL,NULL),(4643,'S',NULL,'Kennel runs',NULL,NULL,NULL,NULL,NULL,4,NULL,NULL),(4644,'S',NULL,'Non-medical metal surfaces',NULL,NULL,NULL,NULL,NULL,4,NULL,NULL),(4645,'S',NULL,'Non-medical stainless steel surfaces',NULL,NULL,NULL,NULL,NULL,4,NULL,NULL),(4646,'S',NULL,'Other hard nonporous surfaces made of:',NULL,NULL,NULL,NULL,NULL,4,NULL,NULL),(4647,'S',NULL,'Plastic (such as polystyrene or polypropylene)',NULL,NULL,NULL,NULL,NULL,4,NULL,NULL),(4648,'S',NULL,'Appliances',NULL,NULL,NULL,NULL,11,4,NULL,NULL),(4649,'S',NULL,'Stainless steel',NULL,NULL,NULL,NULL,NULL,4,NULL,NULL),(4650,'S',NULL,'Bathroom fixtures',NULL,NULL,NULL,NULL,13,4,NULL,NULL),(4651,'S',NULL,'Tanning Beds',NULL,NULL,NULL,NULL,NULL,4,NULL,NULL),(4652,'S',NULL,'Bathtubs (Fiberglass)',NULL,NULL,NULL,NULL,15,4,NULL,NULL),(4653,'S',NULL,'Cabinets',NULL,NULL,NULL,NULL,16,4,NULL,NULL),(4654,'S',NULL,'Chairs',NULL,NULL,NULL,NULL,17,4,NULL,NULL),(4655,'S',NULL,'Walls',NULL,NULL,NULL,NULL,NULL,4,NULL,NULL),(4656,'S',NULL,'Coils and drain pans of air conditioning and refrigeration equipment and heat pumps',NULL,NULL,NULL,NULL,19,4,NULL,NULL),(4657,'S',NULL,'Conductive flooring',NULL,NULL,NULL,NULL,20,4,NULL,NULL),(4658,'S',NULL,'Countertop laminates',NULL,NULL,NULL,NULL,21,4,NULL,NULL),(4659,'S',NULL,'Desks',NULL,NULL,NULL,NULL,22,4,NULL,NULL),(4660,'S',NULL,'Doorknobs',NULL,NULL,NULL,NULL,23,4,NULL,NULL),(4661,'S',NULL,'Garbage cans',NULL,NULL,NULL,NULL,24,4,NULL,NULL),(4662,'U',NULL,'Animal Care','R',NULL,NULL,NULL,NULL,4,NULL,NULL),(4663,'U',NULL,'Animal Laboratories',NULL,NULL,NULL,NULL,NULL,4,NULL,NULL),(4664,'S',NULL,'Highchairs',NULL,NULL,NULL,NULL,27,4,NULL,NULL),(4665,'S',NULL,'Laminated surfaces',NULL,NULL,NULL,NULL,28,4,NULL,NULL),(4666,'U',NULL,'Athletic Facilities',NULL,NULL,NULL,NULL,NULL,4,NULL,NULL),(4667,'S',NULL,'Metal',NULL,NULL,NULL,NULL,30,4,NULL,NULL),(4668,'S',NULL,'Microwave ovens',NULL,NULL,NULL,NULL,31,4,NULL,NULL),(4669,'U',NULL,'Bathrooms',NULL,NULL,NULL,NULL,NULL,4,NULL,NULL),(4670,'S',NULL,'Outdoor furniture',NULL,NULL,NULL,NULL,33,4,NULL,NULL),(4671,'S',NULL,'Refrigerated storage and display equipment',NULL,NULL,NULL,NULL,34,4,NULL,NULL),(4672,'S',NULL,'Refrigerators',NULL,NULL,NULL,NULL,35,4,NULL,NULL),(4673,'S',NULL,'Sealed granite',NULL,NULL,NULL,NULL,36,4,NULL,NULL),(4674,'S',NULL,'Sealed limestone',NULL,NULL,NULL,NULL,37,4,NULL,NULL),(4675,'S',NULL,'Sealed marble',NULL,NULL,NULL,NULL,38,4,NULL,NULL),(4676,'S',NULL,'Sealed slate',NULL,NULL,NULL,NULL,39,4,NULL,NULL),(4677,'S',NULL,'Sealed stone',NULL,NULL,NULL,NULL,40,4,NULL,NULL),(4678,'S',NULL,'Sealed terra cotta',NULL,NULL,NULL,NULL,41,4,NULL,NULL),(4679,'S',NULL,'Sealed terrazzo',NULL,NULL,NULL,NULL,42,4,NULL,NULL),(4680,'U',NULL,'Correctional Facilities',NULL,NULL,NULL,NULL,NULL,4,NULL,NULL),(4681,'U',NULL,'Dairy Farms',NULL,NULL,NULL,NULL,NULL,4,NULL,NULL),(4682,'S',NULL,'Tanning Equipment',NULL,NULL,NULL,NULL,45,4,NULL,NULL),(4683,'S',NULL,'Telephones',NULL,NULL,NULL,NULL,46,4,NULL,NULL),(4684,'S',NULL,'Upholstery',NULL,NULL,NULL,NULL,47,4,NULL,NULL),(4685,'U',NULL,'Equine Farms',NULL,NULL,NULL,NULL,NULL,4,NULL,NULL),(4686,'S',NULL,'Woodwork',NULL,NULL,NULL,NULL,49,4,NULL,NULL),(4687,'T',NULL,'Algaecide',NULL,NULL,NULL,NULL,50,4,NULL,NULL),(4688,'T',NULL,'Disinfectant',NULL,NULL,NULL,NULL,51,4,NULL,NULL),(4689,'U',NULL,'Farms',NULL,NULL,NULL,NULL,NULL,4,NULL,NULL),(4690,'T',NULL,'Fungicide',NULL,NULL,NULL,NULL,53,4,NULL,NULL),(4691,'T',NULL,'General Purpose Anti-microbial',NULL,NULL,NULL,NULL,54,4,NULL,NULL),(4692,'U',NULL,'Zoos',NULL,NULL,NULL,NULL,NULL,4,NULL,NULL),(4693,'T',NULL,'Sanitizer',NULL,NULL,NULL,NULL,56,4,NULL,NULL),(4694,'T',NULL,'Tuberculocide',NULL,NULL,NULL,NULL,57,4,NULL,NULL),(4695,'T',NULL,'Viruscide',NULL,NULL,NULL,NULL,58,4,NULL,NULL),(4696,'C','Bacteria','(1)  ATCC and antibiotic-resistant strain',NULL,NULL,NULL,NULL,NULL,4,NULL,NULL),(4697,'U',NULL,'Airplanes',NULL,NULL,NULL,NULL,60,4,NULL,NULL),(4698,'U',NULL,'Airports',NULL,NULL,NULL,NULL,61,4,NULL,NULL),(4699,'U',NULL,'Health Care Facilities',NULL,NULL,NULL,NULL,NULL,4,NULL,NULL),(4700,'U',NULL,'Animal Life Science Laboratories',NULL,NULL,NULL,NULL,63,4,NULL,NULL),(4701,'U',NULL,'Hog Farms',NULL,NULL,NULL,NULL,NULL,4,NULL,NULL),(4702,'U',NULL,'Automotive Industy',NULL,NULL,NULL,NULL,65,4,NULL,NULL),(4703,'U',NULL,'Barber Shops',NULL,NULL,NULL,NULL,66,4,NULL,NULL),(4704,'U',NULL,'Hospitals',NULL,NULL,NULL,NULL,NULL,4,NULL,NULL),(4705,'U',NULL,'Bars',NULL,NULL,NULL,NULL,68,4,NULL,NULL),(4706,'U',NULL,'Beverage Plants',NULL,NULL,NULL,NULL,69,4,NULL,NULL),(4707,'U',NULL,'Boats',NULL,NULL,NULL,NULL,70,4,NULL,NULL),(4708,'U',NULL,'Breeding and Grooming Establishments',NULL,NULL,NULL,NULL,71,4,NULL,NULL),(4709,'U',NULL,'Kennels',NULL,NULL,NULL,NULL,NULL,4,NULL,NULL),(4710,'U',NULL,'Breweries',NULL,NULL,NULL,NULL,73,4,NULL,NULL),(4711,'U',NULL,'Buses',NULL,NULL,NULL,NULL,74,4,NULL,NULL),(4712,'U',NULL,'Kitchens',NULL,NULL,NULL,NULL,NULL,4,NULL,NULL),(4713,'U',NULL,'Business and Office Buildings',NULL,NULL,NULL,NULL,76,4,NULL,NULL),(4714,'U',NULL,'Cafeterias',NULL,NULL,NULL,NULL,77,4,NULL,NULL),(4715,'U',NULL,'Camp Grounds',NULL,NULL,NULL,NULL,78,4,NULL,NULL),(4716,'U',NULL,'Campers',NULL,NULL,NULL,NULL,79,4,NULL,NULL),(4717,'U',NULL,'Carpeting',NULL,NULL,NULL,NULL,80,4,NULL,NULL),(4718,'U',NULL,'Cars',NULL,NULL,NULL,NULL,81,4,NULL,NULL),(4719,'U',NULL,'Mortuaries',NULL,NULL,NULL,NULL,NULL,4,NULL,NULL),(4720,'U',NULL,'Citus Plants ',NULL,NULL,NULL,NULL,83,4,NULL,NULL),(4721,'U',NULL,'Colleges',NULL,NULL,NULL,NULL,84,4,NULL,NULL),(4722,'U',NULL,'Commercial Institutions',NULL,NULL,NULL,NULL,85,4,NULL,NULL),(4723,'U',NULL,'Convenience Stores',NULL,NULL,NULL,NULL,86,4,NULL,NULL),(4724,'U',NULL,'Pet Animal Quarters',NULL,NULL,NULL,NULL,NULL,4,NULL,NULL),(4725,'U',NULL,'Pet Shops',NULL,NULL,NULL,NULL,NULL,4,NULL,NULL),(4726,'U',NULL,'Day Care Centers',NULL,NULL,NULL,NULL,89,4,NULL,NULL),(4727,'U',NULL,'Dental Offices',NULL,NULL,NULL,NULL,90,4,NULL,NULL),(4728,'U',NULL,'Emergency Vehicles',NULL,NULL,NULL,NULL,91,4,NULL,NULL),(4729,'U',NULL,'Poultry Farms',NULL,NULL,NULL,NULL,NULL,4,NULL,NULL),(4730,'U',NULL,'Factories',NULL,NULL,NULL,NULL,93,4,NULL,NULL),(4731,'U',NULL,'Poultry Plants','R',NULL,NULL,NULL,NULL,4,NULL,NULL),(4732,'U',NULL,'Federally Inspected Meat and Poultry Plants',NULL,NULL,NULL,NULL,95,4,NULL,NULL),(4733,'C','Fungi','Aspergillus niger',NULL,NULL,NULL,NULL,NULL,4,NULL,NULL),(4734,'U',NULL,'Food Processing Plants',NULL,NULL,NULL,NULL,97,4,NULL,NULL),(4735,'U',NULL,'Public Rest Rooms',NULL,NULL,NULL,NULL,NULL,4,NULL,NULL),(4736,'C','Fungi','Candida albicans',NULL,NULL,NULL,NULL,NULL,4,NULL,NULL),(4737,'U',NULL,'Food Storage Areas',NULL,NULL,NULL,NULL,100,4,NULL,NULL),(4738,'C','Fungi','Trichophyton mentagrophytes [Athlete\'s Foot Fungus]',NULL,NULL,NULL,NULL,NULL,4,NULL,NULL),(4739,'U',NULL,'Funeral Homes',NULL,NULL,NULL,NULL,102,4,NULL,NULL),(4740,'C','Fungi','[a cause of Ringworm] [a cause of Ringworm of the foot]',NULL,NULL,NULL,NULL,NULL,4,NULL,NULL),(4741,'C','Bacteria','(2)  antibiotic-resistant strain only',NULL,NULL,NULL,NULL,NULL,4,NULL,NULL),(4742,'U',NULL,'Homes (Households)',NULL,NULL,NULL,NULL,105,4,NULL,NULL),(4743,'C','Bacteria','Acinetobacter calcoaceticus',NULL,NULL,NULL,NULL,NULL,4,NULL,NULL),(4744,'C','Bacteria','Bordetella bronchiseptica',NULL,NULL,NULL,NULL,NULL,4,NULL,NULL),(4745,'U',NULL,'Hotels',NULL,NULL,NULL,NULL,108,4,NULL,NULL),(4746,'U',NULL,'Tack Shops',NULL,NULL,NULL,NULL,NULL,4,NULL,NULL),(4747,'C','Bacteria','Chlamydia psittaci',NULL,NULL,NULL,NULL,NULL,4,NULL,NULL),(4748,'U',NULL,'Industrial Institutions',NULL,NULL,NULL,NULL,111,4,NULL,NULL),(4749,'C','Bacteria','Enterobacter aerogenes',NULL,NULL,NULL,NULL,NULL,4,NULL,NULL),(4750,'U',NULL,'Institutional Facilities',NULL,NULL,NULL,NULL,113,4,NULL,NULL),(4751,'C','Bacteria','Enterobacter cloacae',NULL,NULL,NULL,NULL,NULL,4,NULL,NULL),(4752,'U',NULL,'Institutional Kitchens',NULL,NULL,NULL,NULL,115,4,NULL,NULL),(4753,'C','Bacteria','Enterococcus faecalis- Vancomycin Resistant (VRE)',NULL,NULL,NULL,NULL,NULL,4,NULL,NULL),(4754,'U',NULL,'Institutions',NULL,NULL,NULL,NULL,117,4,NULL,NULL),(4755,'C','Bacteria','Escherichia coli<sub> (1)</sub>',NULL,NULL,NULL,NULL,NULL,4,NULL,NULL),(4756,'U',NULL,'Turkey Farms',NULL,NULL,NULL,NULL,NULL,4,NULL,NULL),(4757,'C','Bacteria','Fusobacterium necrophorum',NULL,NULL,NULL,NULL,NULL,4,NULL,NULL),(4758,'C','Bacteria','Kiebsiella pneumoniae<sub> (1)</sub>',NULL,NULL,NULL,NULL,NULL,4,NULL,NULL),(4759,'U',NULL,'Laundry Industry',NULL,NULL,NULL,NULL,122,4,NULL,NULL),(4760,'U',NULL,'Verterinary Clinics',NULL,NULL,NULL,NULL,NULL,4,NULL,NULL),(4761,'C','Bacteria','Legionella pneumophilia',NULL,NULL,NULL,NULL,NULL,4,NULL,NULL),(4762,'U',NULL,'Locker Rooms',NULL,NULL,NULL,NULL,125,4,NULL,NULL),(4763,'U',NULL,'Veterinary Practice','R',NULL,NULL,NULL,NULL,4,NULL,NULL),(4764,'C','Bacteria','Listeria monocytogenes',NULL,NULL,NULL,NULL,NULL,4,NULL,NULL),(4765,'U',NULL,'Medical Clinics',NULL,NULL,NULL,NULL,128,4,NULL,NULL),(4766,'C','Bacteria','Pasteurella multocida ',NULL,NULL,NULL,NULL,NULL,4,NULL,NULL),(4767,'U',NULL,'Medical Offices',NULL,NULL,NULL,NULL,130,4,NULL,NULL),(4768,'C','Bacteria','Proteus mirabilis',NULL,NULL,NULL,NULL,NULL,4,NULL,NULL),(4769,'U',NULL,'Mobile Homes',NULL,NULL,NULL,NULL,132,4,NULL,NULL),(4770,'C','Bacteria','Proteus vulgaris',NULL,NULL,NULL,NULL,NULL,4,NULL,NULL),(4771,'U',NULL,'Morgues',NULL,NULL,NULL,NULL,134,4,NULL,NULL),(4772,'C','Bacteria','Pseudomonas aeruginosa<sub> (1)</sub>',NULL,NULL,NULL,NULL,NULL,4,NULL,NULL),(4773,'C','Bacteria','Salmonella choleraesuis',NULL,NULL,NULL,NULL,NULL,4,NULL,NULL),(4774,'U',NULL,'Motels',NULL,NULL,NULL,NULL,137,4,NULL,NULL),(4775,'C','Bacteria','Salmonella enteritidis',NULL,NULL,NULL,NULL,NULL,4,NULL,NULL),(4776,'U',NULL,'Mushroom Farms',NULL,NULL,NULL,NULL,139,4,NULL,NULL),(4777,'C','Bacteria','Salmonella typhi',NULL,NULL,NULL,NULL,NULL,4,NULL,NULL),(4778,'U',NULL,'Nurseries',NULL,NULL,NULL,NULL,141,4,NULL,NULL),(4779,'C','Bacteria','Salmonella typhimurium',NULL,NULL,NULL,NULL,NULL,4,NULL,NULL),(4780,'U',NULL,'Nursing Homes',NULL,NULL,NULL,NULL,143,4,NULL,NULL),(4781,'C','Bacteria','Serratia marcescens',NULL,NULL,NULL,NULL,NULL,4,NULL,NULL),(4782,'U',NULL,'Office Buildings',NULL,NULL,NULL,NULL,145,4,NULL,NULL),(4783,'C','Bacteria','Shigella fiexneri',NULL,NULL,NULL,NULL,NULL,4,NULL,NULL),(4784,'C','Bacteria','Shigella sonnei',NULL,NULL,NULL,NULL,NULL,4,NULL,NULL),(4785,'C','Bacteria','Staphylococcus aureus- Methicillin resistant (MRSA)',NULL,NULL,NULL,NULL,NULL,4,NULL,NULL),(4786,'U',NULL,'Playground Equipment',NULL,NULL,NULL,NULL,149,4,NULL,NULL),(4787,'C','Bacteria','Staphylococcus aureus- Vancomycin Intermediate Resistant (VISA)',NULL,NULL,NULL,NULL,NULL,4,NULL,NULL),(4788,'C','Bacteria','Staphylococcus aureus<sub> (1)</sub>',NULL,NULL,NULL,NULL,NULL,4,NULL,NULL),(4789,'C','Bacteria','Staphylococcus epidermidis<sub> (2)</sub>',NULL,NULL,NULL,NULL,NULL,4,NULL,NULL),(4790,'U',NULL,'Prisons',NULL,NULL,NULL,NULL,153,4,NULL,NULL),(4791,'C','Bacteria','Streptococcus faecalis<sub> (1)</sub>',NULL,NULL,NULL,NULL,NULL,4,NULL,NULL),(4792,'U',NULL,'Protective Safety Gear',NULL,NULL,NULL,NULL,155,4,NULL,NULL),(4793,'U',NULL,'Whirlpool and Foot Spa Use',NULL,NULL,NULL,NULL,156,4,NULL,NULL),(4794,'U',NULL,'Public Facilities',NULL,NULL,NULL,NULL,157,4,NULL,NULL),(4795,'U',NULL,'Recreational Vehicle Use',NULL,NULL,NULL,NULL,158,4,NULL,NULL),(4796,'U',NULL,'Restaurants',NULL,NULL,NULL,NULL,159,4,NULL,NULL),(4797,'U',NULL,'Salons (Beauty)',NULL,NULL,NULL,NULL,160,4,NULL,NULL),(4798,'U',NULL,'Schools',NULL,NULL,NULL,NULL,161,4,NULL,NULL),(4799,'U',NULL,'Ships',NULL,NULL,NULL,NULL,162,4,NULL,NULL),(4800,'U',NULL,'Shower and Bath Areas',NULL,NULL,NULL,NULL,163,4,NULL,NULL),(4801,'U',NULL,'Tanning Salons',NULL,NULL,NULL,NULL,164,4,NULL,NULL),(4802,'U',NULL,'Taxis',NULL,NULL,NULL,NULL,165,4,NULL,NULL),(4803,'U',NULL,'Trailers',NULL,NULL,NULL,NULL,166,4,NULL,NULL),(4804,'U',NULL,'Trains',NULL,NULL,NULL,NULL,167,4,NULL,NULL),(4805,'U',NULL,'Transportation Terminals',NULL,NULL,NULL,NULL,168,4,NULL,NULL),(4806,'U',NULL,'USDA Inspected Food Processing Facilities',NULL,NULL,NULL,NULL,169,4,NULL,NULL),(7017,'C','Bacteria','(1)  ATCC and antibiotic-resistant strain',NULL,NULL,NULL,NULL,NULL,5,1202,NULL),(7018,'C','Bacteria','(2)  antibiotic-resistant strain only',NULL,NULL,NULL,NULL,NULL,5,1203,NULL),(7019,'C','Bacteria','Acinetobacter calcoaceticus',NULL,NULL,NULL,NULL,NULL,5,1204,NULL),(7020,'C','Bacteria','Bordetella bronchiseptica',NULL,NULL,NULL,NULL,NULL,5,1205,NULL),(7021,'C','Bacteria','Chlamydia psittaci',NULL,NULL,NULL,NULL,5,5,1206,NULL);
/*!40000 ALTER TABLE `spld_usage` ENABLE KEYS */;
UNLOCK TABLES;

--
-- Table structure for table `spld_usageordering`
--

DROP TABLE IF EXISTS `spld_usageordering`;
/*!40101 SET @saved_cs_client     = @@character_set_client */;
/*!40101 SET character_set_client = utf8 */;
CREATE TABLE `spld_usageordering` (
  `ID` int(11) NOT NULL,
  `AUTOSEQ` int(11) DEFAULT NULL,
  `AUTOSEQ02` int(11) DEFAULT NULL,
  `FK_ID_SPLD_USAGE` int(11) NOT NULL,
  `FK_ID_SPLD_MARKETINGSTATEMENT` int(11) DEFAULT NULL,
  `FKIDSPLDDIRECTIONSFORUSESTATEMEN` int(11) DEFAULT NULL,
  UNIQUE KEY `USPLD_USAGEORDERING_ID_101470` (`ID`),
  UNIQUE KEY `USPLD_USAGEORDERING_ID_630320` (`ID`),
  KEY `SPLDUSAGEORDERINGFKIDSPLD10305` (`FK_ID_SPLD_USAGE`),
  KEY `SPLDUSAGEORDERINGFKIDSPLD10306` (`FK_ID_SPLD_MARKETINGSTATEMENT`),
  KEY `SPLDUSAGEORDERINGFKIDSPLD10308` (`FKIDSPLDDIRECTIONSFORUSESTATEMEN`),
  KEY `SPLDUSAGEORDERINGFKIDSPLDUS63205` (`FK_ID_SPLD_USAGE`),
  KEY `SPLDUSAGEORDERINGFKIDSPLDMA63219` (`FK_ID_SPLD_MARKETINGSTATEMENT`),
  KEY `SPLDUSAGEORDERINGFKIDSPLDDI63271` (`FKIDSPLDDIRECTIONSFORUSESTATEMEN`)
) ENGINE=InnoDB DEFAULT CHARSET=utf8;
/*!40101 SET character_set_client = @saved_cs_client */;

--
-- Dumping data for table `spld_usageordering`
--

LOCK TABLES `spld_usageordering` WRITE;
/*!40000 ALTER TABLE `spld_usageordering` DISABLE KEYS */;
INSERT INTO `spld_usageordering` VALUES (1932,1,NULL,375,8,NULL),(1933,2,NULL,376,8,NULL),(1934,3,NULL,377,8,NULL),(1935,4,NULL,378,8,NULL),(1936,5,NULL,379,8,NULL),(1937,6,NULL,380,8,NULL),(1938,7,NULL,381,8,NULL),(1939,8,NULL,382,8,NULL),(1940,9,NULL,383,8,NULL),(1941,10,NULL,384,8,NULL),(1942,11,NULL,385,8,NULL),(1943,12,NULL,386,8,NULL),(1944,13,NULL,387,8,NULL),(1945,14,NULL,388,8,NULL),(1946,15,NULL,389,8,NULL),(1947,16,NULL,390,8,NULL),(1948,17,NULL,391,8,NULL),(1949,18,NULL,392,8,NULL),(1950,19,NULL,393,8,NULL),(1951,20,NULL,394,8,NULL),(1952,21,NULL,395,8,NULL),(1953,22,NULL,396,8,NULL),(1954,23,NULL,397,8,NULL),(1955,24,NULL,398,8,NULL),(1956,25,NULL,399,8,NULL),(1957,26,NULL,400,8,NULL),(1958,27,NULL,401,8,NULL),(1959,28,NULL,402,8,NULL),(1960,29,NULL,403,8,NULL),(1961,1,NULL,375,10,NULL),(1962,2,NULL,376,10,NULL),(1963,3,NULL,377,10,NULL),(1964,4,NULL,378,10,NULL),(1965,5,NULL,379,10,NULL),(1966,6,NULL,380,10,NULL),(1967,7,NULL,381,10,NULL),(1968,8,NULL,382,10,NULL),(1969,9,NULL,383,10,NULL),(1970,10,NULL,384,10,NULL),(1971,11,NULL,385,10,NULL),(1972,12,NULL,386,10,NULL),(1973,13,NULL,387,10,NULL),(1974,14,NULL,388,10,NULL),(1975,15,NULL,389,10,NULL),(1976,16,NULL,390,10,NULL),(1977,17,NULL,391,10,NULL),(1978,18,NULL,392,10,NULL),(1979,19,NULL,393,10,NULL),(1980,20,NULL,394,10,NULL),(1981,21,NULL,395,10,NULL),(1982,22,NULL,396,10,NULL),(1983,23,NULL,397,10,NULL),(1984,24,NULL,398,10,NULL),(1985,25,NULL,399,10,NULL),(1986,26,NULL,400,10,NULL),(1987,27,NULL,401,10,NULL),(1988,28,NULL,402,10,NULL),(1989,29,NULL,403,10,NULL),(1990,NULL,1,375,NULL,NULL),(1991,NULL,2,376,NULL,NULL),(1992,NULL,3,377,NULL,NULL),(1993,NULL,4,378,NULL,NULL),(1994,NULL,5,379,NULL,NULL),(1995,NULL,6,380,NULL,NULL),(1996,NULL,7,381,NULL,NULL),(1997,NULL,8,382,NULL,NULL),(1998,NULL,9,383,NULL,NULL),(1999,NULL,10,384,NULL,NULL),(2000,NULL,11,385,NULL,NULL),(2001,NULL,12,386,NULL,NULL),(2002,NULL,13,387,NULL,NULL),(2003,NULL,14,388,NULL,NULL),(2004,NULL,15,389,NULL,NULL),(2005,NULL,16,390,NULL,NULL),(2006,NULL,17,391,NULL,NULL),(2007,NULL,18,392,NULL,NULL),(2008,NULL,19,393,NULL,NULL),(2009,NULL,20,394,NULL,NULL),(2010,NULL,21,395,NULL,NULL),(2011,NULL,22,396,NULL,NULL),(2012,NULL,23,397,NULL,NULL),(2013,NULL,24,398,NULL,NULL),(2014,NULL,25,399,NULL,NULL),(2015,NULL,26,400,NULL,NULL),(2016,NULL,27,401,NULL,NULL),(2017,NULL,28,402,NULL,NULL),(2018,NULL,29,403,NULL,NULL),(4710,1,NULL,4638,82,NULL),(4711,2,NULL,4640,82,NULL),(4712,3,NULL,4639,82,NULL),(4713,4,NULL,4641,82,NULL),(4714,5,NULL,4642,82,NULL),(4715,6,NULL,4643,82,NULL),(4716,7,NULL,4644,82,NULL),(4717,8,NULL,4645,82,NULL),(4718,9,NULL,4646,82,NULL),(4719,10,NULL,4647,82,NULL),(4720,11,NULL,4649,82,NULL),(4721,12,NULL,4651,82,NULL),(4722,13,NULL,4655,82,NULL),(4723,14,NULL,4662,82,NULL),(4724,15,NULL,4663,82,NULL),(4725,16,NULL,4666,82,NULL),(4726,17,NULL,4669,82,NULL),(4727,18,NULL,4680,82,NULL),(4728,19,NULL,4681,82,NULL),(4729,20,NULL,4685,82,NULL),(4730,21,NULL,4689,82,NULL),(4731,22,NULL,4699,82,NULL),(4732,23,NULL,4701,82,NULL),(4733,24,NULL,4704,82,NULL),(4734,25,NULL,4709,82,NULL),(4735,26,NULL,4712,82,NULL),(4736,27,NULL,4719,82,NULL),(4737,28,NULL,4724,82,NULL),(4738,29,NULL,4725,82,NULL),(4739,30,NULL,4729,82,NULL),(4740,31,NULL,4731,82,NULL),(4741,32,NULL,4735,82,NULL),(4742,33,NULL,4746,82,NULL),(4743,34,NULL,4756,82,NULL),(4744,35,NULL,4760,82,NULL),(4745,36,NULL,4763,82,NULL),(4746,37,NULL,4692,82,NULL),(4747,NULL,1,4638,NULL,NULL),(4748,NULL,2,4640,NULL,NULL),(4749,NULL,3,4639,NULL,NULL),(4750,NULL,4,4641,NULL,NULL),(4751,NULL,5,4642,NULL,NULL),(4752,NULL,6,4643,NULL,NULL),(4753,NULL,7,4644,NULL,NULL),(4754,NULL,8,4645,NULL,NULL),(4755,NULL,9,4646,NULL,NULL),(4756,NULL,10,4647,NULL,NULL),(4757,NULL,11,4649,NULL,NULL),(4758,NULL,12,4651,NULL,NULL),(4759,NULL,13,4655,NULL,NULL),(4760,NULL,14,4662,NULL,NULL),(4761,NULL,15,4663,NULL,NULL),(4762,NULL,16,4666,NULL,NULL),(4763,NULL,17,4669,NULL,NULL),(4764,NULL,18,4680,NULL,NULL),(4765,NULL,19,4681,NULL,NULL),(4766,NULL,20,4685,NULL,NULL),(4767,NULL,21,4689,NULL,NULL),(4768,NULL,22,4699,NULL,NULL),(4769,NULL,23,4701,NULL,NULL),(4770,NULL,24,4704,NULL,NULL),(4771,NULL,25,4709,NULL,NULL),(4772,NULL,26,4712,NULL,NULL),(4773,NULL,27,4719,NULL,NULL),(4774,NULL,28,4724,NULL,NULL),(4775,NULL,29,4725,NULL,NULL),(4776,NULL,30,4729,NULL,NULL),(4777,NULL,31,4731,NULL,NULL),(4778,NULL,32,4735,NULL,NULL),(4779,NULL,33,4746,NULL,NULL),(4780,NULL,34,4756,NULL,NULL),(4781,NULL,35,4760,NULL,NULL),(4782,NULL,36,4763,NULL,NULL),(4783,NULL,37,4692,NULL,NULL),(4784,1,NULL,4733,85,NULL),(4785,2,NULL,4736,85,NULL),(4786,3,NULL,4738,85,NULL),(4787,4,NULL,4740,85,NULL),(4788,5,NULL,4696,85,NULL),(4789,6,NULL,4741,85,NULL),(4790,7,NULL,4743,85,NULL),(4791,8,NULL,4744,85,NULL),(4792,9,NULL,4747,85,NULL),(4793,10,NULL,4749,85,NULL),(4794,11,NULL,4751,85,NULL),(4795,12,NULL,4753,85,NULL),(4796,13,NULL,4755,85,NULL),(4797,14,NULL,4757,85,NULL),(4798,15,NULL,4758,85,NULL),(4799,16,NULL,4761,85,NULL),(4800,17,NULL,4764,85,NULL),(4801,18,NULL,4766,85,NULL),(4802,19,NULL,4768,85,NULL),(4803,20,NULL,4770,85,NULL),(4804,21,NULL,4772,85,NULL),(4805,22,NULL,4773,85,NULL),(4806,23,NULL,4775,85,NULL),(4807,24,NULL,4777,85,NULL),(4808,25,NULL,4779,85,NULL),(4809,26,NULL,4781,85,NULL),(4810,27,NULL,4783,85,NULL),(4811,28,NULL,4784,85,NULL),(4812,29,NULL,4785,85,NULL),(4813,30,NULL,4787,85,NULL),(4814,31,NULL,4788,85,NULL),(4815,32,NULL,4789,85,NULL),(4816,33,NULL,4791,85,NULL),(4817,NULL,1,4733,NULL,NULL),(4818,NULL,2,4736,NULL,NULL),(4819,NULL,3,4738,NULL,NULL),(4820,NULL,4,4740,NULL,NULL),(4821,NULL,5,4696,NULL,NULL),(4822,NULL,6,4741,NULL,NULL),(4823,NULL,7,4743,NULL,NULL),(4824,NULL,8,4744,NULL,NULL),(4825,NULL,9,4747,NULL,NULL),(4826,NULL,10,4749,NULL,NULL),(4827,NULL,11,4751,NULL,NULL),(4828,NULL,12,4753,NULL,NULL),(4829,NULL,13,4755,NULL,NULL),(4830,NULL,14,4757,NULL,NULL),(4831,NULL,15,4758,NULL,NULL),(4832,NULL,16,4761,NULL,NULL),(4833,NULL,17,4764,NULL,NULL),(4834,NULL,18,4766,NULL,NULL),(4835,NULL,19,4768,NULL,NULL),(4836,NULL,20,4770,NULL,NULL),(4837,NULL,21,4772,NULL,NULL),(4838,NULL,22,4773,NULL,NULL),(4839,NULL,23,4775,NULL,NULL),(4840,NULL,24,4777,NULL,NULL),(4841,NULL,25,4779,NULL,NULL),(4842,NULL,26,4781,NULL,NULL),(4843,NULL,27,4783,NULL,NULL),(4844,NULL,28,4784,NULL,NULL),(4845,NULL,29,4785,NULL,NULL),(4846,NULL,30,4787,NULL,NULL),(4847,NULL,31,4788,NULL,NULL),(4848,NULL,32,4789,NULL,NULL),(4849,NULL,33,4791,NULL,NULL),(5470,1,NULL,5776,127,NULL),(5471,2,NULL,5777,127,NULL),(5472,3,NULL,5778,127,NULL),(5473,4,NULL,5779,127,NULL),(5474,5,NULL,5780,127,NULL),(5475,6,NULL,5781,127,NULL),(5476,7,NULL,5782,127,NULL),(5477,8,NULL,5783,127,NULL),(5478,9,NULL,5804,127,NULL),(5479,10,NULL,5805,127,NULL),(5480,11,NULL,5784,127,NULL),(5481,12,NULL,5807,127,NULL),(5482,13,NULL,5808,127,NULL),(5483,14,NULL,5810,127,NULL),(5484,15,NULL,5785,127,NULL),(5485,16,NULL,5813,127,NULL),(5486,17,NULL,5815,127,NULL),(5487,18,NULL,5786,127,NULL),(5488,19,NULL,5787,127,NULL),(5489,20,NULL,5788,127,NULL),(5490,21,NULL,5789,127,NULL),(5491,22,NULL,5821,127,NULL),(5492,23,NULL,5823,127,NULL),(5493,24,NULL,5825,127,NULL),(5494,25,NULL,5827,127,NULL),(5495,26,NULL,5829,127,NULL),(5496,27,NULL,5790,127,NULL),(5497,28,NULL,5791,127,NULL),(5498,NULL,1,5776,NULL,NULL),(5499,NULL,2,5777,NULL,NULL),(5500,NULL,3,5778,NULL,NULL),(5501,NULL,4,5779,NULL,NULL),(5502,NULL,5,5780,NULL,NULL),(5503,NULL,6,5781,NULL,NULL),(5504,NULL,7,5782,NULL,NULL),(5505,NULL,8,5783,NULL,NULL),(5506,NULL,9,5804,NULL,NULL),(5507,NULL,10,5805,NULL,NULL),(5508,NULL,11,5784,NULL,NULL),(5509,NULL,12,5807,NULL,NULL),(5510,NULL,13,5808,NULL,NULL),(5511,NULL,14,5810,NULL,NULL),(5512,NULL,15,5785,NULL,NULL),(5513,NULL,16,5813,NULL,NULL),(5514,NULL,17,5815,NULL,NULL),(5515,NULL,18,5786,NULL,NULL),(5516,NULL,19,5787,NULL,NULL),(5517,NULL,20,5788,NULL,NULL),(5518,NULL,21,5789,NULL,NULL),(5519,NULL,22,5821,NULL,NULL),(5520,NULL,23,5823,NULL,NULL),(5521,NULL,24,5825,NULL,NULL),(5522,NULL,25,5827,NULL,NULL),(5523,NULL,26,5829,NULL,NULL),(5524,NULL,27,5790,NULL,NULL),(5525,NULL,28,5791,NULL,NULL),(5526,1,NULL,5804,128,NULL),(5527,2,NULL,5805,128,NULL),(5528,3,NULL,5807,128,NULL),(5529,4,NULL,5808,128,NULL),(5530,5,NULL,5810,128,NULL),(5531,6,NULL,5813,128,NULL),(5532,7,NULL,5919,128,NULL),(5533,8,NULL,5815,128,NULL),(5534,9,NULL,5932,128,NULL),(5535,10,NULL,5821,128,NULL),(5536,11,NULL,5823,128,NULL),(5537,12,NULL,5825,128,NULL),(5538,13,NULL,5942,128,NULL),(5539,14,NULL,5827,128,NULL),(5540,15,NULL,5829,128,NULL),(5541,NULL,1,5804,NULL,NULL),(5542,NULL,2,5805,NULL,NULL),(5543,NULL,3,5807,NULL,NULL),(5544,NULL,4,5808,NULL,NULL),(5545,NULL,5,5810,NULL,NULL),(5546,NULL,6,5813,NULL,NULL),(5547,NULL,7,5919,NULL,NULL),(5548,NULL,8,5815,NULL,NULL),(5549,NULL,9,5932,NULL,NULL),(5550,NULL,10,5821,NULL,NULL),(5551,NULL,11,5823,NULL,NULL),(5552,NULL,12,5825,NULL,NULL),(5553,NULL,13,5942,NULL,NULL),(5554,NULL,14,5827,NULL,NULL),(5555,NULL,15,5829,NULL,NULL),(5556,1,NULL,5792,131,NULL),(5557,2,NULL,5793,131,NULL),(5558,3,NULL,5794,131,NULL),(5559,4,NULL,5795,131,NULL),(5560,5,NULL,5796,131,NULL),(5561,6,NULL,5797,131,NULL),(5562,7,NULL,5798,131,NULL),(5563,8,NULL,5799,131,NULL),(5564,9,NULL,5800,131,NULL),(5565,10,NULL,5757,131,NULL),(5566,11,NULL,5758,131,NULL),(5567,12,NULL,5759,131,NULL),(5568,13,NULL,5760,131,NULL),(5569,14,NULL,5761,131,NULL),(5570,15,NULL,5762,131,NULL),(5571,16,NULL,5763,131,NULL),(5572,17,NULL,5764,131,NULL),(5573,18,NULL,5765,131,NULL),(5574,19,NULL,5766,131,NULL),(5575,20,NULL,5767,131,NULL),(5576,21,NULL,5768,131,NULL),(5577,22,NULL,5769,131,NULL),(5578,23,NULL,5770,131,NULL),(5579,24,NULL,5771,131,NULL),(5580,25,NULL,5772,131,NULL),(5581,26,NULL,5773,131,NULL),(5582,NULL,1,5792,NULL,NULL),(5583,NULL,2,5793,NULL,NULL),(5584,NULL,3,5794,NULL,NULL),(5585,NULL,4,5795,NULL,NULL),(5586,NULL,5,5796,NULL,NULL),(5587,NULL,6,5797,NULL,NULL),(5588,NULL,7,5798,NULL,NULL),(5589,NULL,8,5799,NULL,NULL),(5590,NULL,9,5800,NULL,NULL),(5591,NULL,10,5757,NULL,NULL),(5592,NULL,11,5758,NULL,NULL),(5593,NULL,12,5759,NULL,NULL),(5594,NULL,13,5760,NULL,NULL),(5595,NULL,14,5761,NULL,NULL),(5596,NULL,15,5762,NULL,NULL),(5597,NULL,16,5763,NULL,NULL),(5598,NULL,17,5764,NULL,NULL),(5599,NULL,18,5765,NULL,NULL),(5600,NULL,19,5766,NULL,NULL),(5601,NULL,20,5767,NULL,NULL),(5602,NULL,21,5768,NULL,NULL),(5603,NULL,22,5769,NULL,NULL),(5604,NULL,23,5770,NULL,NULL),(5605,NULL,24,5771,NULL,NULL),(5606,NULL,25,5772,NULL,NULL),(5607,NULL,26,5773,NULL,NULL),(5608,1,NULL,5774,132,NULL),(5609,2,NULL,5775,132,NULL),(5610,NULL,1,5774,NULL,NULL),(5611,NULL,2,5775,NULL,NULL),(6468,1,NULL,7017,2207,NULL),(6469,2,NULL,7018,2207,NULL),(6470,3,NULL,7019,2207,NULL),(6471,4,NULL,7020,2207,NULL);
/*!40000 ALTER TABLE `spld_usageordering` ENABLE KEYS */;
UNLOCK TABLES;

--
-- Table structure for table `spld_usagetype`
--

DROP TABLE IF EXISTS `spld_usagetype`;
/*!40101 SET @saved_cs_client     = @@character_set_client */;
/*!40101 SET character_set_client = utf8 */;
CREATE TABLE `spld_usagetype` (
  `ID` int(11) NOT NULL,
  `USAGETYPE` varchar(1) NOT NULL,
  `FK_ID_SUBREGPHYSICALLABELDEF` int(11) NOT NULL,
  UNIQUE KEY `USPLD_USAGETYPE_ID_413340` (`ID`),
  UNIQUE KEY `USPLD_USAGETYPE_ID_630350` (`ID`),
  KEY `SPLDUSAGETYPEFKIDSUBREGPHYS63305` (`FK_ID_SUBREGPHYSICALLABELDEF`)
) ENGINE=InnoDB DEFAULT CHARSET=utf8;
/*!40101 SET character_set_client = @saved_cs_client */;

--
-- Dumping data for table `spld_usagetype`
--

LOCK TABLES `spld_usagetype` WRITE;
/*!40000 ALTER TABLE `spld_usagetype` DISABLE KEYS */;
/*!40000 ALTER TABLE `spld_usagetype` ENABLE KEYS */;
UNLOCK TABLES;

--
-- Table structure for table `subregistrant`
--

DROP TABLE IF EXISTS `subregistrant`;
/*!40101 SET @saved_cs_client     = @@character_set_client */;
/*!40101 SET character_set_client = utf8 */;
CREATE TABLE `subregistrant` (
  `ID` int(11) NOT NULL,
  `EPA_COMPANYNUMBER` varchar(128) DEFAULT NULL,
  `FK_ID_ORGANIZATION` int(11) NOT NULL,
  UNIQUE KEY `USUBREGISTRANT_ID_101500` (`ID`),
  UNIQUE KEY `USUBREGISTRANT_ID_630390` (`ID`),
  KEY `SUBREGISTRANTFKIDORGANIZA10319` (`FK_ID_ORGANIZATION`),
  KEY `SUBREGISTRANTFKIDORGANIZATI63217` (`FK_ID_ORGANIZATION`)
) ENGINE=InnoDB DEFAULT CHARSET=utf8;
/*!40101 SET character_set_client = @saved_cs_client */;

--
-- Dumping data for table `subregistrant`
--

LOCK TABLES `subregistrant` WRITE;
/*!40000 ALTER TABLE `subregistrant` DISABLE KEYS */;
INSERT INTO `subregistrant` VALUES (1,NULL,9),(6,NULL,20);
/*!40000 ALTER TABLE `subregistrant` ENABLE KEYS */;
UNLOCK TABLES;

--
-- Table structure for table `subreglabelcontent`
--

DROP TABLE IF EXISTS `subreglabelcontent`;
/*!40101 SET @saved_cs_client     = @@character_set_client */;
/*!40101 SET character_set_client = utf8 */;
CREATE TABLE `subreglabelcontent` (
  `ID` int(11) NOT NULL,
  `DESCRIPTION` varchar(254) DEFAULT NULL,
  `EPA_REGISTRATIONNUMBER` varchar(128) DEFAULT NULL,
  `EPA_ESTABLISHMENTNUMBER` varchar(128) DEFAULT NULL,
  `EPA_DRAFTLABEL` datetime DEFAULT NULL,
  `ESL_DATE` datetime DEFAULT NULL,
  `VERSION` varchar(254) DEFAULT NULL,
  `REVISIONDATE` datetime DEFAULT NULL,
  `CREATEDDATETIME` datetime DEFAULT NULL,
  `MODIFIEDDATETIME` datetime DEFAULT NULL,
  `NETCONTENTS` double DEFAULT NULL,
  `NETCONTENTSUNITS` varchar(254) DEFAULT NULL,
  `AUTOSEQ` int(11) DEFAULT NULL,
  `AUTOSEQ02` int(11) DEFAULT NULL,
  `FK_ID_SUBREGLABELCONTENT` int(11) DEFAULT NULL,
  `FK_ID_SUBREGPRODUCT` int(11) NOT NULL,
  `FK_ID_MASTERLABELCONTENT` int(11) DEFAULT NULL,
  UNIQUE KEY `USUBREGLABELCONTENT_ID_101540` (`ID`),
  UNIQUE KEY `USUBREGLABELCONTENT_ID_630430` (`ID`),
  KEY `SUBREGLABELCONTENTFKIDSUB10348` (`FK_ID_SUBREGLABELCONTENT`),
  KEY `SUBREGLABELCONTENTFKIDSUB10462` (`FK_ID_SUBREGPRODUCT`),
  KEY `SUBREGLABELCONTENTFKIDMAS10464` (`FK_ID_MASTERLABELCONTENT`),
  KEY `SUBREGLABELCONTENTFKIDSUBRE63239` (`FK_ID_SUBREGLABELCONTENT`),
  KEY `SUBREGLABELCONTENTFKIDSUBRE63330` (`FK_ID_SUBREGPRODUCT`),
  KEY `SUBREGLABELCONTENTFKIDMASTE63332` (`FK_ID_MASTERLABELCONTENT`)
) ENGINE=InnoDB DEFAULT CHARSET=utf8;
/*!40101 SET character_set_client = @saved_cs_client */;

--
-- Dumping data for table `subreglabelcontent`
--

LOCK TABLES `subreglabelcontent` WRITE;
/*!40000 ALTER TABLE `subreglabelcontent` DISABLE KEYS */;
INSERT INTO `subreglabelcontent` VALUES (1,'KennelSol',NULL,'10634-MA-1','2012-05-04 00:00:00','2012-05-14 00:00:00','1.1','2012-05-01 00:00:00','2012-02-28 00:00:00',NULL,NULL,NULL,NULL,NULL,NULL,3,5),(2,'KennelSol',NULL,NULL,NULL,NULL,'4/15/2014',NULL,NULL,'2014-04-15 00:00:00',NULL,NULL,NULL,NULL,NULL,3,6),(4,'KennelSol 1 Gallon',NULL,NULL,NULL,NULL,'First Test',NULL,NULL,'2014-04-25 00:00:00',NULL,NULL,NULL,NULL,NULL,3,8),(5,'KennelSol 1 Gallon',NULL,NULL,NULL,NULL,'Second Test',NULL,NULL,'2014-05-27 00:00:00',NULL,NULL,NULL,NULL,NULL,3,9),(6,'KennelSol 5 Gallon',NULL,NULL,NULL,NULL,'Version 1',NULL,NULL,'2014-05-30 00:00:00',NULL,NULL,NULL,NULL,NULL,3,10);
/*!40000 ALTER TABLE `subreglabelcontent` ENABLE KEYS */;
UNLOCK TABLES;

--
-- Table structure for table `subregphysicallabeldef`
--

DROP TABLE IF EXISTS `subregphysicallabeldef`;
/*!40101 SET @saved_cs_client     = @@character_set_client */;
/*!40101 SET character_set_client = utf8 */;
CREATE TABLE `subregphysicallabeldef` (
  `ID` int(11) NOT NULL,
  `NAME` varchar(254) DEFAULT NULL,
  `PRODUCTNAME` text,
  `CREATEDDATETIME` datetime DEFAULT NULL,
  `MODIFIEDDATETIME` datetime DEFAULT NULL,
  `FK_ID_SUBREGLABELCONTENT` int(11) DEFAULT NULL,
  UNIQUE KEY `USUBREGPHYSICALLABELDEFID10168` (`ID`),
  UNIQUE KEY `USUBREGPHYSICALLABELDEF_ID_63057` (`ID`),
  KEY `SUBREGPHYSICALLABELDEFFKI10347` (`FK_ID_SUBREGLABELCONTENT`),
  KEY `SUBREGPHYSICALLABELDEFFKIDS63238` (`FK_ID_SUBREGLABELCONTENT`)
) ENGINE=InnoDB DEFAULT CHARSET=utf8;
/*!40101 SET character_set_client = @saved_cs_client */;

--
-- Dumping data for table `subregphysicallabeldef`
--

LOCK TABLES `subregphysicallabeldef` WRITE;
/*!40000 ALTER TABLE `subregphysicallabeldef` DISABLE KEYS */;
INSERT INTO `subregphysicallabeldef` VALUES (3,'KennelSol 1 Gallon Old',NULL,NULL,NULL,4),(4,'KennelSol 1 Gallon','KennelSol',NULL,NULL,5),(5,'KennelSol 5 Gallon','KennelSol',NULL,NULL,6);
/*!40000 ALTER TABLE `subregphysicallabeldef` ENABLE KEYS */;
UNLOCK TABLES;

--
-- Table structure for table `subregproduct`
--

DROP TABLE IF EXISTS `subregproduct`;
/*!40101 SET @saved_cs_client     = @@character_set_client */;
/*!40101 SET character_set_client = utf8 */;
CREATE TABLE `subregproduct` (
  `ID` int(11) NOT NULL,
  `NAME` varchar(254) NOT NULL,
  `z_NUMBER` varchar(128) NOT NULL,
  `DESCRIPTION` varchar(254) DEFAULT NULL,
  `CHEMICALFAMILY` varchar(2) NOT NULL,
  `EPA_REGISTRATIONNUMBER` varchar(128) DEFAULT NULL,
  `EPA_ESTABLISHMENTNUMBER` varchar(128) DEFAULT NULL,
  `EPA_DRAFTLABEL` datetime DEFAULT NULL,
  `ESL_DATE` datetime DEFAULT NULL,
  `EPA_TOXICITYCATEGORY` int(11) DEFAULT NULL,
  `AUTOSEQ` int(11) DEFAULT NULL,
  `FK_ID_MASTERPRODUCT` int(11) NOT NULL,
  `FK_ID_SUBREGISTRANT` int(11) NOT NULL,
  UNIQUE KEY `USUBREGPRODUCT_ID_101740` (`ID`),
  UNIQUE KEY `USUBREGPRODUCT_ID_630640` (`ID`),
  KEY `SUBREGPRODUCTFKIDMASTERPR10461` (`FK_ID_MASTERPRODUCT`),
  KEY `SUBREGPRODUCTFKIDSUBREGIS10463` (`FK_ID_SUBREGISTRANT`),
  KEY `SUBREGPRODUCTFKIDMASTERPROD63329` (`FK_ID_MASTERPRODUCT`),
  KEY `SUBREGPRODUCTFKIDSUBREGISTR63331` (`FK_ID_SUBREGISTRANT`)
) ENGINE=InnoDB DEFAULT CHARSET=utf8;
/*!40101 SET character_set_client = @saved_cs_client */;

--
-- Dumping data for table `subregproduct`
--

LOCK TABLES `subregproduct` WRITE;
/*!40000 ALTER TABLE `subregproduct` DISABLE KEYS */;
INSERT INTO `subregproduct` VALUES (1,'KennelSol','10634-MA-1','Germicidal Detergent & Deodorant','DQ','62472-1',NULL,'2012-06-11 00:00:00','2012-05-16 00:00:00',NULL,NULL,3,1),(2,'KennelSol','10634-MA-1','Germicidal Detergent & Deodorant','DQ','62472-1',NULL,'2012-06-11 00:00:00','2013-08-02 00:00:00',NULL,NULL,3,1),(3,'KennelSol','10634-MA-1','Germicidal Detergent & Deodorant','DQ','62472-1',NULL,'2012-06-11 00:00:00','2015-02-25 00:00:00',NULL,NULL,3,1);
/*!40000 ALTER TABLE `subregproduct` ENABLE KEYS */;
UNLOCK TABLES;

--
-- Table structure for table `usergroup`
--

DROP TABLE IF EXISTS `usergroup`;
/*!40101 SET @saved_cs_client     = @@character_set_client */;
/*!40101 SET character_set_client = utf8 */;
CREATE TABLE `usergroup` (
  `ID` int(11) NOT NULL,
  `GROUPNAME` varchar(128) NOT NULL,
  `DESCRIPTION` longtext,
  `CREATEDDATETIME` datetime DEFAULT NULL,
  `MODIFIEDDATETIME` datetime DEFAULT NULL,
  `CREATEDBY` varchar(128) DEFAULT NULL,
  `LASTMODIFIEDBY` varchar(128) DEFAULT NULL,
  UNIQUE KEY `UUSERGROUP_ID_102080` (`ID`),
  UNIQUE KEY `UUSERGROUP_ID_630980` (`ID`)
) ENGINE=InnoDB DEFAULT CHARSET=utf8;
/*!40101 SET character_set_client = @saved_cs_client */;

--
-- Dumping data for table `usergroup`
--

LOCK TABLES `usergroup` WRITE;
/*!40000 ALTER TABLE `usergroup` DISABLE KEYS */;
/*!40000 ALTER TABLE `usergroup` ENABLE KEYS */;
UNLOCK TABLES;

--
-- Table structure for table `z_domain`
--

DROP TABLE IF EXISTS `z_domain`;
/*!40101 SET @saved_cs_client     = @@character_set_client */;
/*!40101 SET character_set_client = utf8 */;
CREATE TABLE `z_domain` (
  `ID` int(11) NOT NULL,
  `NAME` varchar(128) NOT NULL,
  `z_DESC` varchar(254) DEFAULT NULL,
  `SYSTEMREQUIRED` varchar(1) DEFAULT NULL,
  UNIQUE KEY `Uz_DOMAIN_ID_95420` (`ID`),
  UNIQUE KEY `Uz_DOMAIN_ID_623240` (`ID`)
) ENGINE=InnoDB DEFAULT CHARSET=utf8;
/*!40101 SET character_set_client = @saved_cs_client */;

--
-- Dumping data for table `z_domain`
--

LOCK TABLES `z_domain` WRITE;
/*!40000 ALTER TABLE `z_domain` DISABLE KEYS */;
/*!40000 ALTER TABLE `z_domain` ENABLE KEYS */;
UNLOCK TABLES;

--
-- Table structure for table `z_temp`
--

DROP TABLE IF EXISTS `z_temp`;
/*!40101 SET @saved_cs_client     = @@character_set_client */;
/*!40101 SET character_set_client = utf8 */;
CREATE TABLE `z_temp` (
  `MARGINTOP` double DEFAULT NULL,
  `MARGINBOTTOM` double DEFAULT NULL,
  `MARGINLEFT` double DEFAULT NULL,
  `MARGINRIGHT` double DEFAULT NULL
) ENGINE=InnoDB DEFAULT CHARSET=utf8;
/*!40101 SET character_set_client = @saved_cs_client */;

--
-- Dumping data for table `z_temp`
--

LOCK TABLES `z_temp` WRITE;
/*!40000 ALTER TABLE `z_temp` DISABLE KEYS */;
/*!40000 ALTER TABLE `z_temp` ENABLE KEYS */;
UNLOCK TABLES;

--
-- Table structure for table `z_user`
--

DROP TABLE IF EXISTS `z_user`;
/*!40101 SET @saved_cs_client     = @@character_set_client */;
/*!40101 SET character_set_client = utf8 */;
CREATE TABLE `z_user` (
  `ID` int(11) NOT NULL,
  `USERNAME` varchar(128) NOT NULL,
  `USERPASSWORD` varchar(128) DEFAULT NULL,
  `LASTLOGINDATETIME` datetime DEFAULT NULL,
  `PASSWORDEXPIRESDATETIME` datetime DEFAULT NULL,
  `EMAILADDRESS` varchar(254) DEFAULT NULL,
  `ACTIVE` varchar(1) DEFAULT NULL,
  `STATUS` varchar(1) DEFAULT NULL,
  `z_NOTE` longtext,
  `CREATEDDATETIME` datetime DEFAULT NULL,
  `MODIFIEDDATETIME` datetime DEFAULT NULL,
  `CREATEDBY` varchar(128) DEFAULT NULL,
  `LASTMODIFIEDBY` varchar(128) DEFAULT NULL,
  `FK_ID_PERSON` int(11) DEFAULT NULL,
  UNIQUE KEY `Uz_USER_ID_101910` (`ID`),
  UNIQUE KEY `Uz_USER_ID_630810` (`ID`),
  KEY `z_USER_USERNAME_101920` (`USERNAME`),
  KEY `z_USER_FK_ID_PERSON_104590` (`FK_ID_PERSON`),
  KEY `z_USER_USERNAME_630820` (`USERNAME`),
  KEY `z_USER_FK_ID_PERSON_633270` (`FK_ID_PERSON`)
) ENGINE=InnoDB DEFAULT CHARSET=utf8;
/*!40101 SET character_set_client = @saved_cs_client */;

--
-- Dumping data for table `z_user`
--

LOCK TABLES `z_user` WRITE;
/*!40000 ALTER TABLE `z_user` DISABLE KEYS */;
/*!40000 ALTER TABLE `z_user` ENABLE KEYS */;
UNLOCK TABLES;

--
-- Table structure for table `zeidongenkeytable`
--

DROP TABLE IF EXISTS `zeidongenkeytable`;
/*!40101 SET @saved_cs_client     = @@character_set_client */;
/*!40101 SET character_set_client = utf8 */;
CREATE TABLE `zeidongenkeytable` (
  `CURRENTGENKEY` int(11) DEFAULT NULL,
  `TABLENAME` varchar(32) NOT NULL,
  UNIQUE KEY `UZEIDONGENKEYTABLETABLENA10218` (`TABLENAME`),
  UNIQUE KEY `UZEIDONGENKEYTABLETABLENAME63108` (`TABLENAME`)
) ENGINE=InnoDB DEFAULT CHARSET=utf8;
/*!40101 SET character_set_client = @saved_cs_client */;

--
-- Dumping data for table `zeidongenkeytable`
--

LOCK TABLES `zeidongenkeytable` WRITE;
/*!40000 ALTER TABLE `zeidongenkeytable` DISABLE KEYS */;
INSERT INTO `zeidongenkeytable` VALUES (13,'ADDRESS'),(8,'LLD'),(799,'LLD_BLOCK'),(26,'LLD_PAGE'),(53,'LLD_PANEL'),(239,'LLD_SPECIALSECTIONATTRIBUTE'),(10,'MASTERLABELCONTENT'),(5,'MASTERPRODUCT'),(34,'M_DIRECTIONSFORUSESECTION'),(188,'M_DIRECTIONSFORUSESTATEMENT'),(28,'M_GENERALSECTION'),(58,'M_GENERALSTATEMENT'),(9,'M_HUMANHAZARDSECTION'),(9,'M_INGREDIENTSSECTION'),(18,'M_INGREDIENTSSTATEMENT'),(40,'M_MARKETINGSECTION'),(108,'M_MARKETINGSTATEMENT'),(2,'M_STORAGEDISPOSALDRIVINGCONVOL'),(19,'M_STORAGEDISPOSALSECTION'),(47,'M_STORAGEDISPOSALSTATEMENT'),(1870,'M_USAGE'),(2183,'M_USAGEORDERING'),(4,'M_USAGETYPE'),(20,'ORGANIZATION'),(13,'PERSON'),(14,'PRIMARYREGISTRANT'),(6,'PRIMARYSUB'),(304,'SPLD_DIRECTIONSFORUSESECTION'),(2072,'SPLD_DIRECTIONSFORUSESTATEMENT'),(99,'SPLD_GENERALSECTION'),(198,'SPLD_GENERALSTATEMENT'),(33,'SPLD_HUMANHAZARDSECTION'),(33,'SPLD_INGREDIENTSSECTION'),(66,'SPLD_INGREDIENTSSTATEMENT'),(10,'SPLD_LLD'),(2181,'SPLD_MARKETINGSECTION'),(2209,'SPLD_MARKETINGSTATEMENT'),(60,'SPLD_STORAGEDISPOSALSECTION'),(165,'SPLD_STORAGEDISPOSALSTATEMENT'),(7021,'SPLD_USAGE'),(6471,'SPLD_USAGEORDERING'),(6,'SUBREGISTRANT'),(6,'SUBREGLABELCONTENT'),(5,'SUBREGPHYSICALLABELDEF'),(3,'SUBREGPRODUCT'),(26,'S_DIRECTIONSFORUSESECTION'),(67,'S_DIRECTIONSFORUSESTATEMENT'),(45,'S_GENERALSECTION'),(90,'S_GENERALSTATEMENT'),(6,'S_HUMANHAZARDSECTION'),(15,'S_INGREDIENTSSECTION'),(30,'S_INGREDIENTSSTATEMENT'),(87,'S_MARKETINGSECTION'),(142,'S_MARKETINGSTATEMENT'),(24,'S_STORAGEDISPOSALSECTION'),(75,'S_STORAGEDISPOSALSTATEMENT'),(1206,'S_USAGE'),(3476,'S_USAGEORDERING'),(1,'S_USAGETYPE'),(1,'z_USER');
/*!40000 ALTER TABLE `zeidongenkeytable` ENABLE KEYS */;
UNLOCK TABLES;

--
-- Table structure for table `zeidonlocking`
--

DROP TABLE IF EXISTS `zeidonlocking`;
/*!40101 SET @saved_cs_client     = @@character_set_client */;
/*!40101 SET character_set_client = utf8 */;
CREATE TABLE `zeidonlocking` (
  `LOD_NAME` varchar(35) NOT NULL,
  `KEYVALUE` varchar(200) NOT NULL,
  `USERNAME` varchar(32) NOT NULL,
  `ALLOWREAD` varchar(1) DEFAULT NULL,
  `z_TIMESTAMP` datetime NOT NULL,
  `ID` int(11) DEFAULT NULL,
  UNIQUE KEY `UZEIDONLOCKING_LOCKINGKEY10221` (`LOD_NAME`,`KEYVALUE`),
  UNIQUE KEY `UZEIDONLOCKING_LOCKINGKEY_631110` (`LOD_NAME`,`KEYVALUE`)
) ENGINE=InnoDB DEFAULT CHARSET=utf8;
/*!40101 SET character_set_client = @saved_cs_client */;

--
-- Dumping data for table `zeidonlocking`
--

LOCK TABLES `zeidonlocking` WRITE;
/*!40000 ALTER TABLE `zeidonlocking` DISABLE KEYS */;
/*!40000 ALTER TABLE `zeidonlocking` ENABLE KEYS */;
UNLOCK TABLES;

--
-- Dumping events for database 'epammsm'
--

--
-- Dumping routines for database 'epammsm'
--
/*!40103 SET TIME_ZONE=@OLD_TIME_ZONE */;

/*!40101 SET SQL_MODE=@OLD_SQL_MODE */;
/*!40014 SET FOREIGN_KEY_CHECKS=@OLD_FOREIGN_KEY_CHECKS */;
/*!40014 SET UNIQUE_CHECKS=@OLD_UNIQUE_CHECKS */;
/*!40101 SET CHARACTER_SET_CLIENT=@OLD_CHARACTER_SET_CLIENT */;
/*!40101 SET CHARACTER_SET_RESULTS=@OLD_CHARACTER_SET_RESULTS */;
/*!40101 SET COLLATION_CONNECTION=@OLD_COLLATION_CONNECTION */;
/*!40111 SET SQL_NOTES=@OLD_SQL_NOTES */;

-- Dump completed on 2015-03-17 17:23:44
